{"url": ["https://metadatacatalogue.lifewatch.eu:/srv/api/records/oai:marineinfo.org:id:dataset:1837"], "name": ["Historical quantitative benthos grab samples from the Southern Baltic Sea - Polish data"], "description": ["Historical quantitative benthos grab samples from the Southern Baltic Sea, collected by Polish researchers. The dataset was digitised at the Christian-Albrechts-University Kiel; Leibniz Institute of Marine Sciences; Marine Ecology Division; Benthos Ecology section."], "datePublished": ["2021-12-02"], "language": ["en"], "creator": ["\u00c2\u00a0Christian-Albrechts-University Kiel; Leibniz Institute of Marine Sciences- Heye Rumohr "], "metadataProvider": ["\u00c2\u00a0Flanders Marine Institute(VLIZ) BEhttps://www.vliz.be"], "contact": ["\u00c2\u00a0Christian-Albrechts-University Kiel; Leibniz Institute of Marine Sciences- Dirk Fleischer "], "associatedParty": [" pointOfContact\u00c2\u00a0Christian-Albrechts-University Kiel; Leibniz Institute of Marine Sciences- Heye Rumohr "], "licenseInformation": [" Intellectual Rights This work is licensed under a Creative Commons Attribution (CC-BY) 4.0 License .\u00c2\u00a0 "], "downloadLink": ["https://metadatacatalogue.lifewatch.eu:/srv/eng/catalog.search#/metadata/oai:marineinfo.org:id:dataset:1837"], "keywords": ["Benthos"], "geographicCoverage": ["Geographic Description ANE, Baltic"], "westBoundingCoordinate": ["9.1992"], "eastBoundingCoordinate": ["25.35856"], "northBoundingCoordinate": ["59.5478"], "southBoundingCoordinate": ["53.55776"], "dateCreated": ["1921-01-01"], "temporalCoverageEndDate": ["1981-01-01"], "license": ["N/A"], "distribution": ["N/A"], "distributionInfo": ["N/A"], "identifier": ["https://metadatacatalogue.lifewatch.eu:/srv/eng/catalog.search#/metadata/oai:marineinfo.org:id:dataset:1837"], "accessibilitySummary": ["N/A"], "version": ["N/A"], "temporalCoverage": ["N/A"], "publisher": ["N/A"], "spatial": ["N/A"], "citation": ["N/A"], "genre": ["N/A"], "modificationDate": ["2021-12-02"], "image": ["N/A"], "thumbnailUrl": ["N/A"], "headline": ["Historical quantitative benthos grab samples from the Southern Baltic Sea - Polish data"], "abstract": ["Historical quantitative benthos grab samples from the Southern Baltic Sea, collected by Polish researchers. The dataset was digitised at the Christian-Albrechts-University Kiel; Leibniz Institute of Marine Sciences; Marine Ecology Division; Benthos Ecology section."], "theme": ["N/A"], "creditText": ["N/A"], "producer": ["\u00c2\u00a0Christian-Albrechts-University Kiel; Leibniz Institute of Marine Sciences- Heye Rumohr "], "author": ["\u00c2\u00a0Christian-Albrechts-University Kiel; Leibniz Institute of Marine Sciences- Heye Rumohr "], "spatialCoverage": [" Baltic"], "sponsor": ["N/A"], "size": ["N/A"], "sameAs": ["N/A"], "publication": ["N/A"], "provider": ["\u00c2\u00a0Christian-Albrechts-University Kiel; Leibniz Institute of Marine Sciences- Heye Rumohr "], "position": ["N/A"], "measurementTechnique": ["N/A"], "material": ["N/A"], "maintainer": ["N/A"], "locationCreated": ["N/A"], "issn": ["N/A"], "isPartOf": ["N/A"], "isBasedOn": ["N/A"], "isAccessibleForFree": ["N/A"], "includedInDataCatalog": ["N/A"], "editor": ["N/A"], "editEIDR": ["N/A"], "copyrightYear": ["N/A"], "copyrightNotice": ["N/A"], "copyrightHolder": ["N/A"], "contributor": ["N/A"], "contentReferenceTime": ["N/A"], "contentLocation": ["N/A"], "character": ["N/A"], "acquireLicensePage": ["N/A"], "accessModeSufficient": ["N/A"], "about": ["N/A"], "rights": ["N/A"], "relation": ["N/A"], "qualifiedRelation": ["N/A"], "qualifiedAttribution": ["N/A"], "previousVersion": ["N/A"], "nextVersion": ["N/A"], "landingPage": ["N/A"], "isReferencedBy": ["N/A"], "hasVersion": ["N/A"], "hasPolicy": ["N/A"], "hasCurrentVersion": ["N/A"], "useConstraints": ["N/A"], "status": ["N/A"], "spatialRepresentationType": ["N/A"], "scope": ["N/A"], "purpose": ["N/A"], "otherLocale": ["N/A"], "metadataProfile": ["N/A"], "metadataLinkage": ["N/A"], "metadataIdentifier": ["N/A"], "environmentDescription": ["N/A"], "contentInfo": ["N/A"], "ResearchInfrastructure": ["LifeWatch"], "EssentialVariables": ["N/A"], "potentialTopics": ["N/A"]}