{"url": ["https://metadatacatalogue.lifewatch.eu:/geonetwork/api/records/oai:marineinfo.org:id:dataset:4598"], "name": ["Mesozooplankton in the Sea Scheldt between 1995 and 1996"], "description": ["Quantitative and qualitative study on mesozooplanktonspecies in the Sea Scheldtbetween 1995 and 1996. The data were digitized by VLIZ fromtheoriginal report: Van Mieghem, R. (1996). Mesozooplanktonin de Zeeschelde. BSc Thesis. Vrije Universiteit Brussel:Brussel. 28, + annexespp."], "datePublished": ["2021-12-02"], "language": ["en"], "creator": ["\u00c2\u00a0Koninklijk Belgisch InstituutvoorNatuurwetenschappen- Frank Fiers "], "metadataProvider": ["\u00c2\u00a0Flanders Marine Institute(VLIZ) BEhttps://www.vliz.be"], "contact": ["\u00c2\u00a0Vlaams Instituut voor de Zee BE "], "associatedParty": [" custodianSteward\u00c2\u00a0Vlaams Instituut voor de Zee BE "], "licenseInformation": [" Intellectual Rights This work is licensed under a Creative Commons Attribution (CC-BY) 4.0 License .\u00c2\u00a0 "], "downloadLink": ["https://metadatacatalogue.lifewatch.eu:/srv/eng/catalog.search#/metadata/oai:marineinfo.org:id:dataset:4598"], "keywords": ["Mesozooplankton Zooplankton"], "geographicCoverage": ["Geographic Description ANE, ScheldtEstuary"], "westBoundingCoordinate": ["3.8037776947022"], "eastBoundingCoordinate": ["4.3940644264221"], "northBoundingCoordinate": ["51.34774"], "southBoundingCoordinate": ["51.00566482544"], "dateCreated": ["1995-08-01"], "temporalCoverageEndDate": ["1996-05-01"], "license": ["N/A"], "distribution": ["N/A"], "distributionInfo": ["N/A"], "identifier": ["https://metadatacatalogue.lifewatch.eu:/srv/eng/catalog.search#/metadata/oai:marineinfo.org:id:dataset:4598"], "accessibilitySummary": ["N/A"], "version": ["N/A"], "temporalCoverage": ["N/A"], "publisher": ["N/A"], "spatial": ["N/A"], "citation": ["N/A"], "genre": ["N/A"], "modificationDate": ["2021-12-02"], "image": ["N/A"], "thumbnailUrl": ["N/A"], "headline": ["Mesozooplankton in the Sea Scheldt between 1995 and 1996"], "abstract": ["Quantitative and qualitative study on mesozooplanktonspecies in the Sea Scheldtbetween 1995 and 1996. The data were digitized by VLIZ fromtheoriginal report: Van Mieghem, R. (1996). Mesozooplanktonin de Zeeschelde. BSc Thesis. Vrije Universiteit Brussel:Brussel. 28, + annexespp."], "theme": ["N/A"], "creditText": ["N/A"], "producer": ["\u00c2\u00a0Koninklijk Belgisch InstituutvoorNatuurwetenschappen- Frank Fiers "], "author": ["\u00c2\u00a0Koninklijk Belgisch InstituutvoorNatuurwetenschappen- Frank Fiers "], "spatialCoverage": [" ScheldtEstuary"], "sponsor": ["N/A"], "size": ["N/A"], "sameAs": ["N/A"], "publication": ["N/A"], "provider": ["\u00c2\u00a0Koninklijk Belgisch InstituutvoorNatuurwetenschappen- Frank Fiers "], "position": ["N/A"], "measurementTechnique": ["N/A"], "material": ["N/A"], "maintainer": ["N/A"], "locationCreated": ["N/A"], "issn": ["N/A"], "isPartOf": ["N/A"], "isBasedOn": ["N/A"], "isAccessibleForFree": ["N/A"], "includedInDataCatalog": ["N/A"], "editor": ["N/A"], "editEIDR": ["N/A"], "copyrightYear": ["N/A"], "copyrightNotice": ["N/A"], "copyrightHolder": ["N/A"], "contributor": ["N/A"], "contentReferenceTime": ["N/A"], "contentLocation": ["N/A"], "character": ["N/A"], "acquireLicensePage": ["N/A"], "accessModeSufficient": ["N/A"], "about": ["N/A"], "rights": ["N/A"], "relation": ["N/A"], "qualifiedRelation": ["N/A"], "qualifiedAttribution": ["N/A"], "previousVersion": ["N/A"], "nextVersion": ["N/A"], "landingPage": ["N/A"], "isReferencedBy": ["N/A"], "hasVersion": ["N/A"], "hasPolicy": ["N/A"], "hasCurrentVersion": ["N/A"], "useConstraints": ["N/A"], "status": ["N/A"], "spatialRepresentationType": ["N/A"], "scope": ["N/A"], "purpose": ["N/A"], "otherLocale": ["N/A"], "metadataProfile": ["N/A"], "metadataLinkage": ["N/A"], "metadataIdentifier": ["N/A"], "environmentDescription": ["N/A"], "contentInfo": ["N/A"], "ResearchInfrastructure": ["LifeWatch"], "EssentialVariables": ["N/A"], "potentialTopics": ["N/A"]}