{"url": ["https://metadatacatalogue.lifewatch.eu:/geonetwork/api/records/oai:marineinfo.org:id:dataset:7890"], "name": ["Phytoplankton North Adriatic-Gulf of Trieste C1 \u00e2\u0080\u0093 LTER time-series from 2010 onwards"], "description": [" Time series of phytoplankton abundance collected with a monthlyfrequency at 0.5, 5, 10 and15 meters in the GulfofTrieste. The time seriesstation C1, located in the Gulf of Triestein the northernmostpart of the Adriatic Sea, is part of the AdriaticLong Term Ecological Research (LTER) site. Itis a shallow coastal station (17 m depth) located at 0.2Km from the coast, at the outer border of the NaturalMarineReserve of Miramare,Trieste. More information about activities carried outand about datasets from other periods can be found at: http://nettuno.ogs.trieste.it/ilter/GoTTs/en_index.html. Samples were fixedwith Ca(HCO3)2-buffered formaldehyde (0.8% final concentration) and cell abundance was estimatedaccording to Uterm\u00c3\u00b6hl's method (1958), using an inverted microscopeequipped with phase contrast, at 200-320-400x final magnifications. Abundant cells were counted in defined random fields,rarer species were counted on the whole chamber(Fonda Umani et al.,2007). "], "datePublished": ["2021-12-02"], "language": ["en"], "creator": ["\u00c2\u00a0National Institute of Oceanography andExperimentalGeophysics- Federica Cerino "], "metadataProvider": ["\u00c2\u00a0Flanders Marine Institute(VLIZ) BEhttps://www.vliz.be"], "contact": ["\u00c2\u00a0National Institute of Oceanography andExperimentalGeophysics- Marina Cabrini "], "associatedParty": [" pointOfContact\u00c2\u00a0National Institute of Oceanography andExperimentalGeophysics- Federica Cerino "], "licenseInformation": [" Intellectual Rights This work is licensed under a Creative Commons Attribution NonCommercial (CC-BY-NC) 4.0 License .\u00c2\u00a0 "], "downloadLink": ["https://metadatacatalogue.lifewatch.eu:/geonetwork/eng/catalog.search#/metadata/oai:marineinfo.org:id:dataset:7890"], "keywords": ["Time series"], "geographicCoverage": ["Geographic Description EurOBIS calculated BBOX > station Bounding Box Bounding Box West Bounding Coordinate 13.7083333 East Bounding Coordinate 13.7083333 North Bounding Coordinate 45.6976666 South Bounding Coordinate 45.6976666"], "westBoundingCoordinate": ["13.7083333"], "eastBoundingCoordinate": ["13.7083333"], "northBoundingCoordinate": ["45.6976666"], "southBoundingCoordinate": ["45.6976666"], "dateCreated": ["2010-01-13"], "temporalCoverageEndDate": ["2010-12-15"], "license": ["https://edmerp.seadatanet.org/report/12472"], "distribution": ["https://edmerp.seadatanet.org/report/12472"], "distributionInfo": ["https://edmerp.seadatanet.org/report/12472"], "identifier": ["https://metadatacatalogue.lifewatch.eu:/geonetwork/eng/catalog.search#/metadata/oai:marineinfo.org:id:dataset:7890"], "accessibilitySummary": ["N/A"], "version": ["N/A"], "temporalCoverage": ["N/A"], "publisher": ["N/A"], "spatial": ["N/A"], "citation": ["N/A"], "genre": ["N/A"], "modificationDate": ["2021-12-02"], "image": ["N/A"], "thumbnailUrl": ["N/A"], "headline": ["Phytoplankton North Adriatic-Gulf of Trieste C1 \u00e2\u0080\u0093 LTER time-series from 2010 onwards"], "abstract": [" Time series of phytoplankton abundance collected with a monthlyfrequency at 0.5, 5, 10 and15 meters in the GulfofTrieste. The time seriesstation C1, located in the Gulf of Triestein the northernmostpart of the Adriatic Sea, is part of the AdriaticLong Term Ecological Research (LTER) site. Itis a shallow coastal station (17 m depth) located at 0.2Km from the coast, at the outer border of the NaturalMarineReserve of Miramare,Trieste. More information about activities carried outand about datasets from other periods can be found at: http://nettuno.ogs.trieste.it/ilter/GoTTs/en_index.html. Samples were fixedwith Ca(HCO3)2-buffered formaldehyde (0.8% final concentration) and cell abundance was estimatedaccording to Uterm\u00c3\u00b6hl's method (1958), using an inverted microscopeequipped with phase contrast, at 200-320-400x final magnifications. Abundant cells were counted in defined random fields,rarer species were counted on the whole chamber(Fonda Umani et al.,2007). "], "theme": ["N/A"], "creditText": ["N/A"], "producer": ["\u00c2\u00a0National Institute of Oceanography andExperimentalGeophysics- Federica Cerino "], "author": ["\u00c2\u00a0National Institute of Oceanography andExperimentalGeophysics- Federica Cerino "], "spatialCoverage": [" calculated BBOX > station Bounding Box Bounding Box West Bounding Coordinate 13.7083333 East Bounding Coordinate 13.7083333 North Bounding Coordinate 45.6976666 South Bounding Coordinate 45.6976666"], "sponsor": ["N/A"], "size": ["N/A"], "sameAs": ["N/A"], "publication": ["N/A"], "provider": ["\u00c2\u00a0National Institute of Oceanography andExperimentalGeophysics- Federica Cerino "], "position": ["N/A"], "measurementTechnique": ["N/A"], "material": ["N/A"], "maintainer": ["N/A"], "locationCreated": ["N/A"], "issn": ["N/A"], "isPartOf": ["N/A"], "isBasedOn": ["N/A"], "isAccessibleForFree": ["N/A"], "includedInDataCatalog": ["N/A"], "editor": ["N/A"], "editEIDR": ["N/A"], "copyrightYear": ["N/A"], "copyrightNotice": ["N/A"], "copyrightHolder": ["N/A"], "contributor": ["N/A"], "contentReferenceTime": ["N/A"], "contentLocation": ["N/A"], "character": ["N/A"], "acquireLicensePage": ["N/A"], "accessModeSufficient": ["N/A"], "about": ["N/A"], "rights": ["N/A"], "relation": ["N/A"], "qualifiedRelation": ["N/A"], "qualifiedAttribution": ["N/A"], "previousVersion": ["N/A"], "nextVersion": ["N/A"], "landingPage": ["N/A"], "isReferencedBy": ["N/A"], "hasVersion": ["N/A"], "hasPolicy": ["N/A"], "hasCurrentVersion": ["N/A"], "useConstraints": ["N/A"], "status": ["N/A"], "spatialRepresentationType": ["N/A"], "scope": ["N/A"], "purpose": ["N/A"], "otherLocale": ["N/A"], "metadataProfile": ["N/A"], "metadataLinkage": ["N/A"], "metadataIdentifier": ["N/A"], "environmentDescription": ["N/A"], "contentInfo": ["N/A"], "ResearchInfrastructure": ["LifeWatch"], "EssentialVariables": ["N/A"], "potentialTopics": ["N/A"]}