{"url": ["https://metadatacatalogue.lifewatch.eu:/srv/api/records/oai:marineinfo.org:id:dataset:3093"], "name": ["SNU-FF Meiobenthos (2009-2010)"], "description": ["Meiobenthos data, as well as data on waterparameters and sediment parameters, was gathered at 8 stations along the Turkish Black Sea coast, during12 sampling events,at 2 depths (3 and 10m).All data is restricted."], "datePublished": ["2021-12-02"], "language": ["en"], "creator": ["\u00c2\u00a0Sinop University; FisheriesFaculty- Murat Sezgin "], "metadataProvider": ["\u00c2\u00a0Flanders Marine Institute(VLIZ) BEhttps://www.vliz.be"], "contact": ["\u00c2\u00a0Sinop University; FisheriesFaculty- Murat Sezgin "], "associatedParty": ["N/A"], "licenseInformation": [" Intellectual Rights This work is licensed under a Creative Commons Attribution (CC-BY) 4.0 License .\u00c2\u00a0 "], "downloadLink": ["https://metadatacatalogue.lifewatch.eu:/srv/eng/catalog.search#/metadata/oai:marineinfo.org:id:dataset:3093"], "keywords": ["Meiobenthos"], "geographicCoverage": ["Geographic Description EurOBIS calculated BBOX > station Bounding Box Bounding Box West Bounding Coordinate 35.116111111111 East Bounding Coordinate 35.194722222222 North Bounding Coordinate 42.018333333333 South Bounding Coordinate 42.001111111111"], "westBoundingCoordinate": ["35.116111111111"], "eastBoundingCoordinate": ["35.194722222222"], "northBoundingCoordinate": ["42.018333333333"], "southBoundingCoordinate": ["42.001111111111"], "dateCreated": ["2009-08-26"], "temporalCoverageEndDate": ["2010-07-08"], "license": ["N/A"], "distribution": ["N/A"], "distributionInfo": ["N/A"], "identifier": ["https://metadatacatalogue.lifewatch.eu:/srv/eng/catalog.search#/metadata/oai:marineinfo.org:id:dataset:3093"], "accessibilitySummary": ["N/A"], "version": ["N/A"], "temporalCoverage": ["N/A"], "publisher": ["N/A"], "spatial": ["N/A"], "citation": ["N/A"], "genre": ["N/A"], "modificationDate": ["2021-12-02"], "image": ["N/A"], "thumbnailUrl": ["N/A"], "headline": ["SNU-FF Meiobenthos (2009-2010)"], "abstract": ["Meiobenthos data, as well as data on waterparameters and sediment parameters, was gathered at 8 stations along the Turkish Black Sea coast, during12 sampling events,at 2 depths (3 and 10m).All data is restricted."], "theme": ["N/A"], "creditText": ["N/A"], "producer": ["\u00c2\u00a0Sinop University; FisheriesFaculty- Murat Sezgin "], "author": ["\u00c2\u00a0Sinop University; FisheriesFaculty- Murat Sezgin "], "spatialCoverage": [" calculated BBOX > station Bounding Box Bounding Box West Bounding Coordinate 35.116111111111 East Bounding Coordinate 35.194722222222 North Bounding Coordinate 42.018333333333 South Bounding Coordinate 42.001111111111"], "sponsor": ["N/A"], "size": ["N/A"], "sameAs": ["N/A"], "publication": ["N/A"], "provider": ["\u00c2\u00a0Sinop University; FisheriesFaculty- Murat Sezgin "], "position": ["N/A"], "measurementTechnique": ["N/A"], "material": ["N/A"], "maintainer": ["N/A"], "locationCreated": ["N/A"], "issn": ["N/A"], "isPartOf": ["N/A"], "isBasedOn": ["N/A"], "isAccessibleForFree": ["N/A"], "includedInDataCatalog": ["N/A"], "editor": ["N/A"], "editEIDR": ["N/A"], "copyrightYear": ["N/A"], "copyrightNotice": ["N/A"], "copyrightHolder": ["N/A"], "contributor": ["N/A"], "contentReferenceTime": ["N/A"], "contentLocation": ["N/A"], "character": ["N/A"], "acquireLicensePage": ["N/A"], "accessModeSufficient": ["N/A"], "about": ["N/A"], "rights": ["N/A"], "relation": ["N/A"], "qualifiedRelation": ["N/A"], "qualifiedAttribution": ["N/A"], "previousVersion": ["N/A"], "nextVersion": ["N/A"], "landingPage": ["N/A"], "isReferencedBy": ["N/A"], "hasVersion": ["N/A"], "hasPolicy": ["N/A"], "hasCurrentVersion": ["N/A"], "useConstraints": ["N/A"], "status": ["N/A"], "spatialRepresentationType": ["N/A"], "scope": ["N/A"], "purpose": ["N/A"], "otherLocale": ["N/A"], "metadataProfile": ["N/A"], "metadataLinkage": ["N/A"], "metadataIdentifier": ["N/A"], "environmentDescription": ["N/A"], "contentInfo": ["N/A"], "ResearchInfrastructure": ["LifeWatch"], "EssentialVariables": ["N/A"], "potentialTopics": ["N/A"]}