{"url": ["https://metadatacatalogue.lifewatch.eu:/srv/api/records/oai:marineinfo.org:id:dataset:4512"], "name": ["Harpacticoid copepods in tropical seagrass beds of Gazi Bay (Kenya) and Mbweni (Zanzibar) sampled in July and August 1996"], "description": ["This dataset contains a list of harpacticoidcopepods present in samplestaken in Gazi Bay (Kenya) andZanzibar (Tanzania) during July-August 1996. Samples were takenby snorkeling and a PVC meiofauna core. The datawere digitized by VLIZ from the original report: Geerinckx, T. (2002). The role of isolation and dispersal in explaining regional diversity patterns: a case-study with harpacticoid copepods in tropical seagrass beds. MSc Thesis.MareLac: Ghent. 35 pp."], "datePublished": ["2021-12-02"], "language": ["en"], "creator": ["\u00c2\u00a0Universiteit Gent; Faculteit Wetenschappen; VakgroepBiologie Onderzoeksgroep Mariene Biologie BE "], "metadataProvider": ["\u00c2\u00a0Flanders Marine Institute(VLIZ) BEhttps://www.vliz.be"], "contact": ["\u00c2\u00a0Vlaams Instituut voor de Zee BE "], "associatedParty": [" custodianSteward\u00c2\u00a0Vlaams Instituut voor de Zee BE "], "licenseInformation": [" Intellectual Rights This work is licensed under a Creative Commons Attribution (CC-BY) 4.0 License .\u00c2\u00a0 "], "downloadLink": ["https://metadatacatalogue.lifewatch.eu:/srv/eng/catalog.search#/metadata/oai:marineinfo.org:id:dataset:4512"], "keywords": ["Meiofauna"], "geographicCoverage": ["Geographic Description ISW, Kenya, Coast, Gazi Bay Bounding Box West Bounding Coordinate 39.5 East Bounding Coordinate 39.5 North Bounding Coordinate -4.366667 South Bounding Coordinate -4.366667"], "westBoundingCoordinate": ["39.5"], "eastBoundingCoordinate": ["39.5"], "northBoundingCoordinate": ["-4.366667"], "southBoundingCoordinate": ["-4.366667"], "dateCreated": ["1996-07-16"], "temporalCoverageEndDate": ["1996-08-03"], "license": ["N/A"], "distribution": ["N/A"], "distributionInfo": ["N/A"], "identifier": ["https://metadatacatalogue.lifewatch.eu:/srv/eng/catalog.search#/metadata/oai:marineinfo.org:id:dataset:4512"], "accessibilitySummary": ["N/A"], "version": ["N/A"], "temporalCoverage": ["N/A"], "publisher": ["N/A"], "spatial": ["N/A"], "citation": ["N/A"], "genre": ["N/A"], "modificationDate": ["2021-12-02"], "image": ["N/A"], "thumbnailUrl": ["N/A"], "headline": ["Harpacticoid copepods in tropical seagrass beds of Gazi Bay (Kenya) and Mbweni (Zanzibar) sampled in July and August 1996"], "abstract": ["This dataset contains a list of harpacticoidcopepods present in samplestaken in Gazi Bay (Kenya) andZanzibar (Tanzania) during July-August 1996. Samples were takenby snorkeling and a PVC meiofauna core. The datawere digitized by VLIZ from the original report: Geerinckx, T. (2002). The role of isolation and dispersal in explaining regional diversity patterns: a case-study with harpacticoid copepods in tropical seagrass beds. MSc Thesis.MareLac: Ghent. 35 pp."], "theme": ["N/A"], "creditText": ["N/A"], "producer": ["\u00c2\u00a0Universiteit Gent; Faculteit Wetenschappen; VakgroepBiologie Onderzoeksgroep Mariene Biologie BE "], "author": ["\u00c2\u00a0Universiteit Gent; Faculteit Wetenschappen; VakgroepBiologie Onderzoeksgroep Mariene Biologie BE "], "spatialCoverage": [" Kenya Coast Gazi Bay Bounding Box West Bounding Coordinate 39.5 East Bounding Coordinate 39.5 North Bounding Coordinate -4.366667 South Bounding Coordinate -4.366667"], "sponsor": ["N/A"], "size": ["N/A"], "sameAs": ["N/A"], "publication": ["N/A"], "provider": ["\u00c2\u00a0Universiteit Gent; Faculteit Wetenschappen; VakgroepBiologie Onderzoeksgroep Mariene Biologie BE "], "position": ["N/A"], "measurementTechnique": ["N/A"], "material": ["N/A"], "maintainer": ["N/A"], "locationCreated": ["N/A"], "issn": ["N/A"], "isPartOf": ["N/A"], "isBasedOn": ["N/A"], "isAccessibleForFree": ["N/A"], "includedInDataCatalog": ["N/A"], "editor": ["N/A"], "editEIDR": ["N/A"], "copyrightYear": ["N/A"], "copyrightNotice": ["N/A"], "copyrightHolder": ["N/A"], "contributor": ["N/A"], "contentReferenceTime": ["N/A"], "contentLocation": ["N/A"], "character": ["N/A"], "acquireLicensePage": ["N/A"], "accessModeSufficient": ["N/A"], "about": ["N/A"], "rights": ["N/A"], "relation": ["N/A"], "qualifiedRelation": ["N/A"], "qualifiedAttribution": ["N/A"], "previousVersion": ["N/A"], "nextVersion": ["N/A"], "landingPage": ["N/A"], "isReferencedBy": ["N/A"], "hasVersion": ["N/A"], "hasPolicy": ["N/A"], "hasCurrentVersion": ["N/A"], "useConstraints": ["N/A"], "status": ["N/A"], "spatialRepresentationType": ["N/A"], "scope": ["N/A"], "purpose": ["N/A"], "otherLocale": ["N/A"], "metadataProfile": ["N/A"], "metadataLinkage": ["N/A"], "metadataIdentifier": ["N/A"], "environmentDescription": ["N/A"], "contentInfo": ["N/A"], "ResearchInfrastructure": ["LifeWatch"], "EssentialVariables": ["N/A"], "potentialTopics": ["N/A"]}