{"url": ["https://metadatacatalogue.lifewatch.eu:/geonetwork/api/records/oai:marineinfo.org:id:dataset:5987"], "name": ["Royal Belgian Institute of Natural Sciences Echinodermata Collection (Echinodermata)"], "description": ["The Royal Belgian Institute of Natural Sciences Echinodermatacollection contains 4275 digitisedspecimens over 403 taxa (mostly species). This dataset only contains the marinespecies of the collection. The followingclasses are included: Asteroidea de Blainville, 1830,Crinoidea, Echinoidea Leske, 1778, Holothuroidea De Blainville, 1834, Ophiuroidea Gray, 1840."], "datePublished": ["2021-12-02"], "language": ["en"], "creator": ["\u00c2\u00a0Koninklijk Belgisch InstituutvoorNatuurwetenschappen- Yves Samyn "], "metadataProvider": ["\u00c2\u00a0Flanders Marine Institute(VLIZ) BEhttps://www.vliz.be"], "contact": ["\u00c2\u00a0Flanders Marine Institute(VLIZ) BEhttps://www.vliz.be"], "associatedParty": ["N/A"], "licenseInformation": [" Intellectual Rights This work is licensed under a Creative Commons Attribution (CC-BY) 4.0 License .\u00c2\u00a0 "], "downloadLink": ["https://metadatacatalogue.lifewatch.eu:/srv/eng/catalog.search#/metadata/oai:marineinfo.org:id:dataset:5987"], "keywords": ["Echinodermata Crinoidea Echinodermata: Echinoidea Echinodermata: holothuroidea"], "geographicCoverage": ["Geographic Description EurOBIS calculated BBOX > station Bounding Box Bounding Box West Bounding Coordinate -149.61667 East Bounding Coordinate 179.8022460937 North Bounding Coordinate 70.23767 South Bounding Coordinate -78.15856"], "westBoundingCoordinate": ["-149.61667"], "eastBoundingCoordinate": ["179.8022460937"], "northBoundingCoordinate": ["70.23767"], "southBoundingCoordinate": ["-78.15856"], "dateCreated": ["1800-01-01"], "temporalCoverageEndDate": ["2018-01-09"], "license": ["N/A"], "distribution": ["N/A"], "distributionInfo": ["N/A"], "identifier": ["https://metadatacatalogue.lifewatch.eu:/srv/eng/catalog.search#/metadata/oai:marineinfo.org:id:dataset:5987"], "accessibilitySummary": ["N/A"], "version": ["N/A"], "temporalCoverage": ["N/A"], "publisher": ["N/A"], "spatial": ["N/A"], "citation": ["N/A"], "genre": ["N/A"], "modificationDate": ["2021-12-02"], "image": ["N/A"], "thumbnailUrl": ["N/A"], "headline": ["Royal Belgian Institute of Natural Sciences Echinodermata Collection (Echinodermata)"], "abstract": ["The Royal Belgian Institute of Natural Sciences Echinodermatacollection contains 4275 digitisedspecimens over 403 taxa (mostly species). This dataset only contains the marinespecies of the collection. The followingclasses are included: Asteroidea de Blainville, 1830,Crinoidea, Echinoidea Leske, 1778, Holothuroidea De Blainville, 1834, Ophiuroidea Gray, 1840."], "theme": ["N/A"], "creditText": ["N/A"], "producer": ["\u00c2\u00a0Koninklijk Belgisch InstituutvoorNatuurwetenschappen- Yves Samyn "], "author": ["\u00c2\u00a0Koninklijk Belgisch InstituutvoorNatuurwetenschappen- Yves Samyn "], "spatialCoverage": [" calculated BBOX > station Bounding Box Bounding Box West Bounding Coordinate -149.61667 East Bounding Coordinate 179.8022460937 North Bounding Coordinate 70.23767 South Bounding Coordinate -78.15856"], "sponsor": ["N/A"], "size": ["N/A"], "sameAs": ["N/A"], "publication": ["N/A"], "provider": ["\u00c2\u00a0Koninklijk Belgisch InstituutvoorNatuurwetenschappen- Yves Samyn "], "position": ["N/A"], "measurementTechnique": ["N/A"], "material": ["N/A"], "maintainer": ["N/A"], "locationCreated": ["N/A"], "issn": ["N/A"], "isPartOf": ["N/A"], "isBasedOn": ["N/A"], "isAccessibleForFree": ["N/A"], "includedInDataCatalog": ["N/A"], "editor": ["N/A"], "editEIDR": ["N/A"], "copyrightYear": ["N/A"], "copyrightNotice": ["N/A"], "copyrightHolder": ["N/A"], "contributor": ["N/A"], "contentReferenceTime": ["N/A"], "contentLocation": ["N/A"], "character": ["N/A"], "acquireLicensePage": ["N/A"], "accessModeSufficient": ["N/A"], "about": ["N/A"], "rights": ["N/A"], "relation": ["N/A"], "qualifiedRelation": ["N/A"], "qualifiedAttribution": ["N/A"], "previousVersion": ["N/A"], "nextVersion": ["N/A"], "landingPage": ["N/A"], "isReferencedBy": ["N/A"], "hasVersion": ["N/A"], "hasPolicy": ["N/A"], "hasCurrentVersion": ["N/A"], "useConstraints": ["N/A"], "status": ["N/A"], "spatialRepresentationType": ["N/A"], "scope": ["N/A"], "purpose": ["N/A"], "otherLocale": ["N/A"], "metadataProfile": ["N/A"], "metadataLinkage": ["N/A"], "metadataIdentifier": ["N/A"], "environmentDescription": ["N/A"], "contentInfo": ["N/A"], "ResearchInfrastructure": ["LifeWatch"], "EssentialVariables": ["N/A"], "potentialTopics": ["N/A"]}