{"url": ["https://metadatacatalogue.lifewatch.eu:/srv/api/records/oai:marineinfo.org:id:dataset:1663"], "name": ["Intertidal rocky shore assemblages in Portugal"], "description": ["Data were collected as part of the project\"Distribution, use and conservation of the botanical heritage of the Northern Coast of Portugal: asustainabledevelopment approach for a (future)\u00e2\u0080\u0098Natura 2000\u00e2\u0080\u0099 site\". The general aim of the data collection was to quantitatively analyse the distributionpatterns of intertidal organisms along horizontal and verticalgradients along the northwestcoast of Portugal."], "datePublished": ["2021-12-02"], "language": ["en"], "creator": ["\u00c2\u00a0University of Porto Centre for Marine and EnvironmentalResearch PT "], "metadataProvider": ["\u00c2\u00a0Flanders Marine Institute(VLIZ) BEhttps://www.vliz.be"], "contact": ["\u00c2\u00a0University of Porto; Centre for Marine and EnvironmentalResearch- Isabel Sousa Pinto "], "associatedParty": [" contentProvider\u00c2\u00a0University of Porto; Centre for Marine and EnvironmentalResearch- Isabel Sousa Pinto "], "licenseInformation": [" Intellectual Rights This work is licensed under a Creative Commons Attribution NonCommercial (CC-BY-NC) 4.0 License .\u00c2\u00a0 "], "downloadLink": ["https://metadatacatalogue.lifewatch.eu:/srv/eng/catalog.search#/metadata/oai:marineinfo.org:id:dataset:1663"], "keywords": ["Algae Biodiversity Intertidal environment Macrobenthos Phytobenthos Rocky shores Zoobenthos"], "geographicCoverage": ["Geographic Description ANE, Portugal"], "westBoundingCoordinate": ["-8.871666667"], "eastBoundingCoordinate": ["-8.2"], "northBoundingCoordinate": ["41.84305556"], "southBoundingCoordinate": ["41.2"], "dateCreated": ["2003-01-01"], "temporalCoverageEndDate": ["2003-01-01"], "license": ["N/A"], "distribution": ["N/A"], "distributionInfo": ["N/A"], "identifier": ["https://metadatacatalogue.lifewatch.eu:/srv/eng/catalog.search#/metadata/oai:marineinfo.org:id:dataset:1663"], "accessibilitySummary": ["N/A"], "version": ["N/A"], "temporalCoverage": ["N/A"], "publisher": ["N/A"], "spatial": ["N/A"], "citation": ["N/A"], "genre": ["N/A"], "modificationDate": ["2021-12-02"], "image": ["N/A"], "thumbnailUrl": ["N/A"], "headline": ["Intertidal rocky shore assemblages in Portugal"], "abstract": ["Data were collected as part of the project\"Distribution, use and conservation of the botanical heritage of the Northern Coast of Portugal: asustainabledevelopment approach for a (future)\u00e2\u0080\u0098Natura 2000\u00e2\u0080\u0099 site\". The general aim of the data collection was to quantitatively analyse the distributionpatterns of intertidal organisms along horizontal and verticalgradients along the northwestcoast of Portugal."], "theme": ["N/A"], "creditText": ["N/A"], "producer": ["\u00c2\u00a0University of Porto Centre for Marine and EnvironmentalResearch PT "], "author": ["\u00c2\u00a0University of Porto Centre for Marine and EnvironmentalResearch PT "], "spatialCoverage": [" Portugal"], "sponsor": ["N/A"], "size": ["N/A"], "sameAs": ["N/A"], "publication": ["N/A"], "provider": ["\u00c2\u00a0University of Porto Centre for Marine and EnvironmentalResearch PT "], "position": ["N/A"], "measurementTechnique": ["N/A"], "material": ["N/A"], "maintainer": ["N/A"], "locationCreated": ["N/A"], "issn": ["N/A"], "isPartOf": ["N/A"], "isBasedOn": ["N/A"], "isAccessibleForFree": ["N/A"], "includedInDataCatalog": ["N/A"], "editor": ["N/A"], "editEIDR": ["N/A"], "copyrightYear": ["N/A"], "copyrightNotice": ["N/A"], "copyrightHolder": ["N/A"], "contributor": ["N/A"], "contentReferenceTime": ["N/A"], "contentLocation": ["N/A"], "character": ["N/A"], "acquireLicensePage": ["N/A"], "accessModeSufficient": ["N/A"], "about": ["N/A"], "rights": ["N/A"], "relation": ["N/A"], "qualifiedRelation": ["N/A"], "qualifiedAttribution": ["N/A"], "previousVersion": ["N/A"], "nextVersion": ["N/A"], "landingPage": ["N/A"], "isReferencedBy": ["N/A"], "hasVersion": ["N/A"], "hasPolicy": ["N/A"], "hasCurrentVersion": ["N/A"], "useConstraints": ["N/A"], "status": ["N/A"], "spatialRepresentationType": ["N/A"], "scope": ["N/A"], "purpose": ["N/A"], "otherLocale": ["N/A"], "metadataProfile": ["N/A"], "metadataLinkage": ["N/A"], "metadataIdentifier": ["N/A"], "environmentDescription": ["N/A"], "contentInfo": ["N/A"], "ResearchInfrastructure": ["LifeWatch"], "EssentialVariables": ["N/A"], "potentialTopics": ["N/A"]}