{"url": ["https://metadatacatalogue.lifewatch.eu:/geonetwork/api/records/oai:marineinfo.org:id:dataset:864"], "name": ["Cefas08 - Effects of simulated deposition of dredged material on structure of nematode assemblages - the role of contamination"], "description": ["Data are the result of a laboratoryexperiment, designed to investigate the effects of thedegree of contamination and the role of burial associated with the deposition of dredged material onmeiobenthicnematodes."], "datePublished": ["2021-12-02"], "language": ["en"], "creator": ["\u00c2\u00a0Centre for Environment,Fisheries and AquacultureScience- Michaela Schratzberger "], "metadataProvider": ["\u00c2\u00a0Flanders Marine Institute(VLIZ) BEhttps://www.vliz.be"], "contact": ["\u00c2\u00a0Centre for Environment,Fisheries and AquacultureScience- Michaela Schratzberger "], "associatedParty": [" custodianSteward\u00c2\u00a0Centre for Environment,Fisheries and AquacultureScience- Michaela Schratzberger "], "licenseInformation": [" Intellectual Rights This work is licensed under a Creative Commons Attribution (CC-BY) 4.0 License .\u00c2\u00a0 "], "downloadLink": ["https://metadatacatalogue.lifewatch.eu:/srv/eng/catalog.search#/metadata/oai:marineinfo.org:id:dataset:864"], "keywords": ["Depositions Dredged materials Dredged materials Experimental research Meiobenthos Nematode"], "geographicCoverage": ["Geographic Description Creeksea Estuary"], "westBoundingCoordinate": ["0.799"], "eastBoundingCoordinate": ["0.799"], "northBoundingCoordinate": ["51.622"], "southBoundingCoordinate": ["51.622"], "dateCreated": ["1999-02-01"], "temporalCoverageEndDate": ["1999-02-01"], "license": ["N/A"], "distribution": ["N/A"], "distributionInfo": ["N/A"], "identifier": ["https://metadatacatalogue.lifewatch.eu:/srv/eng/catalog.search#/metadata/oai:marineinfo.org:id:dataset:864"], "accessibilitySummary": ["N/A"], "version": ["N/A"], "temporalCoverage": ["N/A"], "publisher": ["N/A"], "spatial": ["N/A"], "citation": ["N/A"], "genre": ["N/A"], "modificationDate": ["2021-12-02"], "image": ["N/A"], "thumbnailUrl": ["N/A"], "headline": ["Cefas08 - Effects of simulated deposition of dredged material on structure of nematode assemblages - the role of contamination"], "abstract": ["Data are the result of a laboratoryexperiment, designed to investigate the effects of thedegree of contamination and the role of burial associated with the deposition of dredged material onmeiobenthicnematodes."], "theme": ["N/A"], "creditText": ["N/A"], "producer": ["\u00c2\u00a0Centre for Environment,Fisheries and AquacultureScience- Michaela Schratzberger "], "author": ["\u00c2\u00a0Centre for Environment,Fisheries and AquacultureScience- Michaela Schratzberger "], "spatialCoverage": [" Creeksea Estuary"], "sponsor": ["N/A"], "size": ["N/A"], "sameAs": ["N/A"], "publication": ["N/A"], "provider": ["\u00c2\u00a0Centre for Environment,Fisheries and AquacultureScience- Michaela Schratzberger "], "position": ["N/A"], "measurementTechnique": ["N/A"], "material": ["N/A"], "maintainer": ["N/A"], "locationCreated": ["N/A"], "issn": ["N/A"], "isPartOf": ["N/A"], "isBasedOn": ["N/A"], "isAccessibleForFree": ["N/A"], "includedInDataCatalog": ["N/A"], "editor": ["N/A"], "editEIDR": ["N/A"], "copyrightYear": ["N/A"], "copyrightNotice": ["N/A"], "copyrightHolder": ["N/A"], "contributor": ["N/A"], "contentReferenceTime": ["N/A"], "contentLocation": ["N/A"], "character": ["N/A"], "acquireLicensePage": ["N/A"], "accessModeSufficient": ["N/A"], "about": ["N/A"], "rights": ["N/A"], "relation": ["N/A"], "qualifiedRelation": ["N/A"], "qualifiedAttribution": ["N/A"], "previousVersion": ["N/A"], "nextVersion": ["N/A"], "landingPage": ["N/A"], "isReferencedBy": ["N/A"], "hasVersion": ["N/A"], "hasPolicy": ["N/A"], "hasCurrentVersion": ["N/A"], "useConstraints": ["N/A"], "status": ["N/A"], "spatialRepresentationType": ["N/A"], "scope": ["N/A"], "purpose": ["N/A"], "otherLocale": ["N/A"], "metadataProfile": ["N/A"], "metadataLinkage": ["N/A"], "metadataIdentifier": ["N/A"], "environmentDescription": ["N/A"], "contentInfo": ["N/A"], "ResearchInfrastructure": ["LifeWatch"], "EssentialVariables": ["N/A"], "potentialTopics": ["N/A"]}