{"url": ["https://metadatacatalogue.lifewatch.eu:/geonetwork/api/records/oai:marineinfo.org:id:dataset:5039"], "name": ["Predation of Crangon crangon by Agonus cataphractus in Belgian coastal waters between 1973 and 1977"], "description": ["Data on abundances of <i>Agonus cataphractus</i> and stomach contents with special attention to the presence of <i>Crangon crangon</i>. The data were digitized by VLIZ from theoriginalreport: Gabriels, I. (1977). Quantitatieve studievan de predatie-mortaliteit van Crangon crangon (L.) door Agonus cataphractus (L.). BSc Thesis. Free University of Brussels: Brussel. 91 pp."], "datePublished": ["2021-12-02"], "language": ["en"], "creator": ["\u00c2\u00a0Vrije Universiteit Brussel; Faculteit Wetenschappen; Vakgroep Biologie "], "metadataProvider": ["\u00c2\u00a0Flanders Marine Institute(VLIZ) BEhttps://www.vliz.be"], "contact": ["\u00c2\u00a0Vlaams Instituut voor de Zee BE "], "associatedParty": [" custodianSteward\u00c2\u00a0Vlaams Instituut voor de Zee BE "], "licenseInformation": [" Intellectual Rights This work is licensed under a Creative Commons Attribution (CC-BY) 4.0 License .\u00c2\u00a0 "], "downloadLink": ["https://metadatacatalogue.lifewatch.eu:/geonetwork/eng/catalog.search#/metadata/oai:marineinfo.org:id:dataset:5039"], "keywords": ["Epibenthos Predator prey relationships"], "geographicCoverage": ["Geographic Description ANE, Belgium, Belgian Continental Shelf (BCS)"], "westBoundingCoordinate": ["2.58027778"], "eastBoundingCoordinate": ["3.26805556"], "northBoundingCoordinate": ["51.536182091972"], "southBoundingCoordinate": ["51.15222222"], "dateCreated": ["1973-01-01"], "temporalCoverageEndDate": ["1977-01-01"], "license": ["N/A"], "distribution": ["N/A"], "distributionInfo": ["N/A"], "identifier": ["https://metadatacatalogue.lifewatch.eu:/geonetwork/eng/catalog.search#/metadata/oai:marineinfo.org:id:dataset:5039"], "accessibilitySummary": ["N/A"], "version": ["N/A"], "temporalCoverage": ["N/A"], "publisher": ["N/A"], "spatial": ["N/A"], "citation": ["N/A"], "genre": ["N/A"], "modificationDate": ["2021-12-02"], "image": ["N/A"], "thumbnailUrl": ["N/A"], "headline": ["Predation of Crangon crangon by Agonus cataphractus in Belgian coastal waters between 1973 and 1977"], "abstract": ["Data on abundances of <i>Agonus cataphractus</i> and stomach contents with special attention to the presence of <i>Crangon crangon</i>. The data were digitized by VLIZ from theoriginalreport: Gabriels, I. (1977). Quantitatieve studievan de predatie-mortaliteit van Crangon crangon (L.) door Agonus cataphractus (L.). BSc Thesis. Free University of Brussels: Brussel. 91 pp."], "theme": ["N/A"], "creditText": ["N/A"], "producer": ["\u00c2\u00a0Vrije Universiteit Brussel; Faculteit Wetenschappen; Vakgroep Biologie "], "author": ["\u00c2\u00a0Vrije Universiteit Brussel; Faculteit Wetenschappen; Vakgroep Biologie "], "spatialCoverage": [" Belgium Belgian Continental Shelf (BCS)"], "sponsor": ["N/A"], "size": ["N/A"], "sameAs": ["N/A"], "publication": ["N/A"], "provider": ["\u00c2\u00a0Vrije Universiteit Brussel; Faculteit Wetenschappen; Vakgroep Biologie "], "position": ["N/A"], "measurementTechnique": ["N/A"], "material": ["N/A"], "maintainer": ["N/A"], "locationCreated": ["N/A"], "issn": ["N/A"], "isPartOf": ["N/A"], "isBasedOn": ["N/A"], "isAccessibleForFree": ["N/A"], "includedInDataCatalog": ["N/A"], "editor": ["N/A"], "editEIDR": ["N/A"], "copyrightYear": ["N/A"], "copyrightNotice": ["N/A"], "copyrightHolder": ["N/A"], "contributor": ["N/A"], "contentReferenceTime": ["N/A"], "contentLocation": ["N/A"], "character": ["N/A"], "acquireLicensePage": ["N/A"], "accessModeSufficient": ["N/A"], "about": ["N/A"], "rights": ["N/A"], "relation": ["N/A"], "qualifiedRelation": ["N/A"], "qualifiedAttribution": ["N/A"], "previousVersion": ["N/A"], "nextVersion": ["N/A"], "landingPage": ["N/A"], "isReferencedBy": ["N/A"], "hasVersion": ["N/A"], "hasPolicy": ["N/A"], "hasCurrentVersion": ["N/A"], "useConstraints": ["N/A"], "status": ["N/A"], "spatialRepresentationType": ["N/A"], "scope": ["N/A"], "purpose": ["N/A"], "otherLocale": ["N/A"], "metadataProfile": ["N/A"], "metadataLinkage": ["N/A"], "metadataIdentifier": ["N/A"], "environmentDescription": ["N/A"], "contentInfo": ["N/A"], "ResearchInfrastructure": ["LifeWatch"], "EssentialVariables": ["N/A"], "potentialTopics": ["N/A"]}