{"url": ["https://metadatacatalogue.lifewatch.eu:/geonetwork/api/records/oai:marineinfo.org:id:dataset:706"], "name": ["Meiofauna from Lynher estuary in microcosms with contaminated sediment from the Fal estuary"], "description": ["Experimental data - sediment from Falestuary(field-contaminated with heavy metals) seeded with meiofauna from Lynher estuary in microcosms"], "datePublished": ["2021-12-02"], "language": ["en"], "creator": ["\u00c2\u00a0Plymouth Marine Laboratory GB "], "metadataProvider": ["\u00c2\u00a0Flanders Marine Institute(VLIZ) BEhttps://www.vliz.be"], "contact": ["\u00c2\u00a0Plymouth Marine Laboratory- Andrea McEvoy "], "associatedParty": ["N/A"], "licenseInformation": [" Intellectual Rights This work is licensed under a Creative Commons Attribution (CC-BY) 4.0 License .\u00c2\u00a0 "], "downloadLink": ["https://metadatacatalogue.lifewatch.eu:/srv/eng/catalog.search#/metadata/oai:marineinfo.org:id:dataset:706"], "keywords": ["Experimental research Meiobenthos"], "geographicCoverage": ["Geographic Description Lynher Estuary"], "westBoundingCoordinate": ["-4.2445"], "eastBoundingCoordinate": ["-4.2445"], "northBoundingCoordinate": ["50.36666667"], "southBoundingCoordinate": ["50.36666667"], "dateCreated": ["1992-11-01"], "temporalCoverageEndDate": ["1992-11-01"], "license": ["N/A"], "distribution": ["N/A"], "distributionInfo": ["N/A"], "identifier": ["https://metadatacatalogue.lifewatch.eu:/srv/eng/catalog.search#/metadata/oai:marineinfo.org:id:dataset:706"], "accessibilitySummary": ["N/A"], "version": ["N/A"], "temporalCoverage": ["N/A"], "publisher": ["N/A"], "spatial": ["N/A"], "citation": ["N/A"], "genre": ["N/A"], "modificationDate": ["2021-12-02"], "image": ["N/A"], "thumbnailUrl": ["N/A"], "headline": ["Meiofauna from Lynher estuary in microcosms with contaminated sediment from the Fal estuary"], "abstract": ["Experimental data - sediment from Falestuary(field-contaminated with heavy metals) seeded with meiofauna from Lynher estuary in microcosms"], "theme": ["N/A"], "creditText": ["N/A"], "producer": ["\u00c2\u00a0Plymouth Marine Laboratory GB "], "author": ["\u00c2\u00a0Plymouth Marine Laboratory GB "], "spatialCoverage": [" Lynher Estuary"], "sponsor": ["N/A"], "size": ["N/A"], "sameAs": ["N/A"], "publication": ["N/A"], "provider": ["\u00c2\u00a0Plymouth Marine Laboratory GB "], "position": ["N/A"], "measurementTechnique": ["N/A"], "material": ["N/A"], "maintainer": ["N/A"], "locationCreated": ["N/A"], "issn": ["N/A"], "isPartOf": ["N/A"], "isBasedOn": ["N/A"], "isAccessibleForFree": ["N/A"], "includedInDataCatalog": ["N/A"], "editor": ["N/A"], "editEIDR": ["N/A"], "copyrightYear": ["N/A"], "copyrightNotice": ["N/A"], "copyrightHolder": ["N/A"], "contributor": ["N/A"], "contentReferenceTime": ["N/A"], "contentLocation": ["N/A"], "character": ["N/A"], "acquireLicensePage": ["N/A"], "accessModeSufficient": ["N/A"], "about": ["N/A"], "rights": ["N/A"], "relation": ["N/A"], "qualifiedRelation": ["N/A"], "qualifiedAttribution": ["N/A"], "previousVersion": ["N/A"], "nextVersion": ["N/A"], "landingPage": ["N/A"], "isReferencedBy": ["N/A"], "hasVersion": ["N/A"], "hasPolicy": ["N/A"], "hasCurrentVersion": ["N/A"], "useConstraints": ["N/A"], "status": ["N/A"], "spatialRepresentationType": ["N/A"], "scope": ["N/A"], "purpose": ["N/A"], "otherLocale": ["N/A"], "metadataProfile": ["N/A"], "metadataLinkage": ["N/A"], "metadataIdentifier": ["N/A"], "environmentDescription": ["N/A"], "contentInfo": ["N/A"], "ResearchInfrastructure": ["LifeWatch"], "EssentialVariables": ["N/A"], "potentialTopics": ["N/A"]}