{"url": ["https://metadatacatalogue.lifewatch.eu:/srv/api/records/oai:marineinfo.org:id:dataset:3154"], "name": ["HMAP Dataset 17: North Sea Demersal Fish"], "description": ["This dataset contains historical catch, effort andbiological data relating to the UK North Sea demersalfishery. The data covers the time period1920-1997."], "datePublished": ["2021-12-02"], "language": ["en"], "creator": ["\u00c2\u00a0Centre for Environment, Fisheries and Aquaculture Science; Lowesoft Laboratory- John Pinnegar "], "metadataProvider": ["\u00c2\u00a0Flanders Marine Institute(VLIZ) BEhttps://www.vliz.be"], "contact": ["\u00c2\u00a0Centre for Environment, Fisheries and Aquaculture Science; Lowesoft Laboratory- John Pinnegar "], "associatedParty": [" contentProvider\u00c2\u00a0Centre for Environment, Fisheries and Aquaculture Science; Lowesoft Laboratory- John Pinnegar "], "licenseInformation": [" Intellectual Rights This work is licensed under a Creative Commons Attribution (CC-BY) 4.0 License .\u00c2\u00a0 "], "downloadLink": ["https://metadatacatalogue.lifewatch.eu:/srv/eng/catalog.search#/metadata/oai:marineinfo.org:id:dataset:3154"], "keywords": ["Biological data Demersal fisheries Fishing effort Historical records"], "geographicCoverage": ["Geographic Description ANE, NorthSea"], "westBoundingCoordinate": ["2"], "eastBoundingCoordinate": ["2"], "northBoundingCoordinate": ["57"], "southBoundingCoordinate": ["57"], "dateCreated": ["1920-01-01"], "temporalCoverageEndDate": ["1997-01-01"], "license": ["https://hydra.hull.ac.uk/resources/hull:2169"], "distribution": ["https://hydra.hull.ac.uk/resources/hull:2169"], "distributionInfo": ["https://hydra.hull.ac.uk/resources/hull:2169"], "identifier": ["https://metadatacatalogue.lifewatch.eu:/srv/eng/catalog.search#/metadata/oai:marineinfo.org:id:dataset:3154"], "accessibilitySummary": ["N/A"], "version": ["N/A"], "temporalCoverage": ["N/A"], "publisher": ["N/A"], "spatial": ["N/A"], "citation": ["N/A"], "genre": ["N/A"], "modificationDate": ["2021-12-02"], "image": ["N/A"], "thumbnailUrl": ["N/A"], "headline": ["HMAP Dataset 17: North Sea Demersal Fish"], "abstract": ["This dataset contains historical catch, effort andbiological data relating to the UK North Sea demersalfishery. The data covers the time period1920-1997."], "theme": ["N/A"], "creditText": ["N/A"], "producer": ["\u00c2\u00a0Centre for Environment, Fisheries and Aquaculture Science; Lowesoft Laboratory- John Pinnegar "], "author": ["\u00c2\u00a0Centre for Environment, Fisheries and Aquaculture Science; Lowesoft Laboratory- John Pinnegar "], "spatialCoverage": [" NorthSea"], "sponsor": ["N/A"], "size": ["N/A"], "sameAs": ["N/A"], "publication": ["N/A"], "provider": ["\u00c2\u00a0Centre for Environment, Fisheries and Aquaculture Science; Lowesoft Laboratory- John Pinnegar "], "position": ["N/A"], "measurementTechnique": ["N/A"], "material": ["N/A"], "maintainer": ["N/A"], "locationCreated": ["N/A"], "issn": ["N/A"], "isPartOf": ["N/A"], "isBasedOn": ["N/A"], "isAccessibleForFree": ["N/A"], "includedInDataCatalog": ["N/A"], "editor": ["N/A"], "editEIDR": ["N/A"], "copyrightYear": ["N/A"], "copyrightNotice": ["N/A"], "copyrightHolder": ["N/A"], "contributor": ["N/A"], "contentReferenceTime": ["N/A"], "contentLocation": ["N/A"], "character": ["N/A"], "acquireLicensePage": ["N/A"], "accessModeSufficient": ["N/A"], "about": ["N/A"], "rights": ["N/A"], "relation": ["N/A"], "qualifiedRelation": ["N/A"], "qualifiedAttribution": ["N/A"], "previousVersion": ["N/A"], "nextVersion": ["N/A"], "landingPage": ["N/A"], "isReferencedBy": ["N/A"], "hasVersion": ["N/A"], "hasPolicy": ["N/A"], "hasCurrentVersion": ["N/A"], "useConstraints": ["N/A"], "status": ["N/A"], "spatialRepresentationType": ["N/A"], "scope": ["N/A"], "purpose": ["N/A"], "otherLocale": ["N/A"], "metadataProfile": ["N/A"], "metadataLinkage": ["N/A"], "metadataIdentifier": ["N/A"], "environmentDescription": ["N/A"], "contentInfo": ["N/A"], "ResearchInfrastructure": ["LifeWatch"], "EssentialVariables": ["N/A"], "potentialTopics": ["N/A"]}