{"url": ["https://metadatacatalogue.lifewatch.eu:/srv/api/records/oai:marineinfo.org:id:dataset:1204"], "name": ["Spatial distribution in sediment characteristics and benthic activity on the northwestern Black Sea shelf: macrobenthos"], "description": ["This dataset is the outcome of researchdone on the benthicsystem of the Black SeaShelf. Data on macrobenthos (density and biomass), oxygen flux to the sedimentand sediment characteristics are presented."], "datePublished": ["2021-12-02"], "language": ["en"], "creator": ["\u00c2\u00a0Koninklijk Nederlands Instituut voorOnderzoek der Zee NIOZYerseke NL "], "metadataProvider": ["\u00c2\u00a0Flanders Marine Institute(VLIZ) BEhttps://www.vliz.be"], "contact": ["\u00c2\u00a0Flanders Marine Institute(VLIZ) BEhttps://www.vliz.be"], "associatedParty": [" contentProvider\u00c2\u00a0Koninklijk Nederlands Instituut voorOnderzoek der Zee NIOZYerseke NL "], "licenseInformation": [" Intellectual Rights This work is licensed under a Creative Commons Attribution (CC-BY) 4.0 License .\u00c2\u00a0 "], "downloadLink": ["https://metadatacatalogue.lifewatch.eu:/srv/eng/catalog.search#/metadata/oai:marineinfo.org:id:dataset:1204"], "keywords": ["Distribution Macrobenthos Mineralization Sediments"], "geographicCoverage": ["Geographic Description EurOBIS calculated BBOX > station Bounding Box Bounding Box West Bounding Coordinate 28.044099807739 East Bounding Coordinate 33.692798614502 North Bounding Coordinate 46.550598144531 South Bounding Coordinate 43.133201599121"], "westBoundingCoordinate": ["28.044099807739"], "eastBoundingCoordinate": ["33.692798614502"], "northBoundingCoordinate": ["46.550598144531"], "southBoundingCoordinate": ["43.133201599121"], "dateCreated": ["1995-08-05"], "temporalCoverageEndDate": ["1995-08-27"], "license": ["N/A"], "distribution": ["N/A"], "distributionInfo": ["N/A"], "identifier": ["https://metadatacatalogue.lifewatch.eu:/srv/eng/catalog.search#/metadata/oai:marineinfo.org:id:dataset:1204"], "accessibilitySummary": ["N/A"], "version": ["N/A"], "temporalCoverage": ["N/A"], "publisher": ["N/A"], "spatial": ["N/A"], "citation": ["N/A"], "genre": ["N/A"], "modificationDate": ["2021-12-02"], "image": ["N/A"], "thumbnailUrl": ["N/A"], "headline": ["Spatial distribution in sediment characteristics and benthic activity on the northwestern Black Sea shelf: macrobenthos"], "abstract": ["This dataset is the outcome of researchdone on the benthicsystem of the Black SeaShelf. Data on macrobenthos (density and biomass), oxygen flux to the sedimentand sediment characteristics are presented."], "theme": ["N/A"], "creditText": ["N/A"], "producer": ["\u00c2\u00a0Koninklijk Nederlands Instituut voorOnderzoek der Zee NIOZYerseke NL "], "author": ["\u00c2\u00a0Koninklijk Nederlands Instituut voorOnderzoek der Zee NIOZYerseke NL "], "spatialCoverage": [" calculated BBOX > station Bounding Box Bounding Box West Bounding Coordinate 28.044099807739 East Bounding Coordinate 33.692798614502 North Bounding Coordinate 46.550598144531 South Bounding Coordinate 43.133201599121"], "sponsor": ["N/A"], "size": ["N/A"], "sameAs": ["N/A"], "publication": ["N/A"], "provider": ["\u00c2\u00a0Koninklijk Nederlands Instituut voorOnderzoek der Zee NIOZYerseke NL "], "position": ["N/A"], "measurementTechnique": ["N/A"], "material": ["N/A"], "maintainer": ["N/A"], "locationCreated": ["N/A"], "issn": ["N/A"], "isPartOf": ["N/A"], "isBasedOn": ["N/A"], "isAccessibleForFree": ["N/A"], "includedInDataCatalog": ["N/A"], "editor": ["N/A"], "editEIDR": ["N/A"], "copyrightYear": ["N/A"], "copyrightNotice": ["N/A"], "copyrightHolder": ["N/A"], "contributor": ["N/A"], "contentReferenceTime": ["N/A"], "contentLocation": ["N/A"], "character": ["N/A"], "acquireLicensePage": ["N/A"], "accessModeSufficient": ["N/A"], "about": ["N/A"], "rights": ["N/A"], "relation": ["N/A"], "qualifiedRelation": ["N/A"], "qualifiedAttribution": ["N/A"], "previousVersion": ["N/A"], "nextVersion": ["N/A"], "landingPage": ["N/A"], "isReferencedBy": ["N/A"], "hasVersion": ["N/A"], "hasPolicy": ["N/A"], "hasCurrentVersion": ["N/A"], "useConstraints": ["N/A"], "status": ["N/A"], "spatialRepresentationType": ["N/A"], "scope": ["N/A"], "purpose": ["N/A"], "otherLocale": ["N/A"], "metadataProfile": ["N/A"], "metadataLinkage": ["N/A"], "metadataIdentifier": ["N/A"], "environmentDescription": ["N/A"], "contentInfo": ["N/A"], "ResearchInfrastructure": ["LifeWatch"], "EssentialVariables": ["N/A"], "potentialTopics": ["N/A"]}