{"url": ["https://metadatacatalogue.lifewatch.eu:/geonetwork/api/records/oai:marineinfo.org:id:dataset:3067"], "name": ["BIOM\u00c3\u0094R 5 Habitat Mapping for Conservation and Management of the Southern Irish Sea (HABMAP)"], "description": ["The HABMAP project was set up to addressthe need for betterspatial awareness of habitat distributions in the southern Irish Sea, and aimed to provideseabed habitat mapsthat could be used for conservation and management."], "datePublished": ["2021-12-02"], "language": ["en"], "creator": ["\u00c2\u00a0The University of Dublin,Trinity College; Zoology Department- Fionnuala McBreen "], "metadataProvider": ["\u00c2\u00a0Flanders Marine Institute(VLIZ) BEhttps://www.vliz.be"], "contact": ["\u00c2\u00a0Marine Institute- Francis O'Beirn "], "associatedParty": [" pointOfContact\u00c2\u00a0The University of Dublin,Trinity College; Zoology Department- Fionnuala McBreen "], "licenseInformation": [" Intellectual Rights This work is licensed under a Creative Commons Attribution (CC-BY) 4.0 License .\u00c2\u00a0 "], "downloadLink": ["https://metadatacatalogue.lifewatch.eu:/geonetwork/eng/catalog.search#/metadata/oai:marineinfo.org:id:dataset:3067"], "keywords": ["Benthos Habitat Mapping Nature conservation"], "geographicCoverage": ["Geographic Description Southern IrishSea"], "westBoundingCoordinate": ["-6.49995"], "eastBoundingCoordinate": ["-4.5194166666667"], "northBoundingCoordinate": ["53.451633333333"], "southBoundingCoordinate": ["51.271616666667"], "dateCreated": ["2005-07-25"], "temporalCoverageEndDate": ["2005-08-07"], "license": ["N/A"], "distribution": ["N/A"], "distributionInfo": ["N/A"], "identifier": ["https://metadatacatalogue.lifewatch.eu:/geonetwork/eng/catalog.search#/metadata/oai:marineinfo.org:id:dataset:3067"], "accessibilitySummary": ["N/A"], "version": ["N/A"], "temporalCoverage": ["N/A"], "publisher": ["N/A"], "spatial": ["N/A"], "citation": ["N/A"], "genre": ["N/A"], "modificationDate": ["2021-12-02"], "image": ["N/A"], "thumbnailUrl": ["N/A"], "headline": ["BIOM\u00c3\u0094R 5 Habitat Mapping for Conservation and Management of the Southern Irish Sea (HABMAP)"], "abstract": ["The HABMAP project was set up to addressthe need for betterspatial awareness of habitat distributions in the southern Irish Sea, and aimed to provideseabed habitat mapsthat could be used for conservation and management."], "theme": ["N/A"], "creditText": ["N/A"], "producer": ["\u00c2\u00a0The University of Dublin,Trinity College; Zoology Department- Fionnuala McBreen "], "author": ["\u00c2\u00a0The University of Dublin,Trinity College; Zoology Department- Fionnuala McBreen "], "spatialCoverage": [" Southern IrishSea"], "sponsor": ["N/A"], "size": ["N/A"], "sameAs": ["N/A"], "publication": ["N/A"], "provider": ["\u00c2\u00a0The University of Dublin,Trinity College; Zoology Department- Fionnuala McBreen "], "position": ["N/A"], "measurementTechnique": ["N/A"], "material": ["N/A"], "maintainer": ["N/A"], "locationCreated": ["N/A"], "issn": ["N/A"], "isPartOf": ["N/A"], "isBasedOn": ["N/A"], "isAccessibleForFree": ["N/A"], "includedInDataCatalog": ["N/A"], "editor": ["N/A"], "editEIDR": ["N/A"], "copyrightYear": ["N/A"], "copyrightNotice": ["N/A"], "copyrightHolder": ["N/A"], "contributor": ["N/A"], "contentReferenceTime": ["N/A"], "contentLocation": ["N/A"], "character": ["N/A"], "acquireLicensePage": ["N/A"], "accessModeSufficient": ["N/A"], "about": ["N/A"], "rights": ["N/A"], "relation": ["N/A"], "qualifiedRelation": ["N/A"], "qualifiedAttribution": ["N/A"], "previousVersion": ["N/A"], "nextVersion": ["N/A"], "landingPage": ["N/A"], "isReferencedBy": ["N/A"], "hasVersion": ["N/A"], "hasPolicy": ["N/A"], "hasCurrentVersion": ["N/A"], "useConstraints": ["N/A"], "status": ["N/A"], "spatialRepresentationType": ["N/A"], "scope": ["N/A"], "purpose": ["N/A"], "otherLocale": ["N/A"], "metadataProfile": ["N/A"], "metadataLinkage": ["N/A"], "metadataIdentifier": ["N/A"], "environmentDescription": ["N/A"], "contentInfo": ["N/A"], "ResearchInfrastructure": ["LifeWatch"], "EssentialVariables": ["N/A"], "potentialTopics": ["N/A"]}