{"url": ["https://metadatacatalogue.lifewatch.eu:/srv/api/records/oai:marineinfo.org:id:dataset:6703"], "name": ["BIOMAERL.Maerl Biodiversity.Functional Structure And Antropogenic Impacts (1996-1998)"], "description": ["In this study, performed under the LifeWatchGreece infrastructure,are presented preliminary resultsfrom the digitization of biodiversity data from various sampling expeditionscarried out from 1996 to 1999. The mainpurposes of the project were to examinethebiodiversity of m\u00c3\u00a4erl habitats in European seas, assess the anthropogenic impacts and develop conservation strategies for European m\u00c3\u00a4erl beds. Twelve samplingsites were selected. Six of themwere subjected to anthropogenic impacts and the other six representedpristine conditions as far as possible. Overall, 4127 recordsof marine biota were digitizedbelonging to phyla of the kingdomsBacteria, Plantae, Chromista andAnimalia"], "datePublished": ["2021-12-02"], "language": ["en"], "creator": ["\u00c2\u00a0University of Plymouth; School of Marine Science and Engineering- Jason Hall-Spencer "], "metadataProvider": ["\u00c2\u00a0Flanders Marine Institute(VLIZ) BEhttps://www.vliz.be"], "contact": ["\u00c2\u00a0Universit\u00c3\u00a9 de Bretagne Occidentale;Institut Universitaire Europeen de laMer- Jacques Grall "], "associatedParty": [" custodianSteward\u00c2\u00a0Hellenic Centre for Marine Research; Institute of Marine Biology, Biotechnology and Aquaculture- Vasilis Gerovasileiou "], "licenseInformation": [" Intellectual Rights This work is licensed under a Creative Commons Attribution (CC-BY) 4.0 License .\u00c2\u00a0 "], "downloadLink": ["https://metadatacatalogue.lifewatch.eu:/srv/eng/catalog.search#/metadata/oai:marineinfo.org:id:dataset:6703"], "keywords": ["N/A"], "geographicCoverage": ["Geographic Description AE, East Atlantic"], "westBoundingCoordinate": ["N/A"], "eastBoundingCoordinate": ["N/A"], "northBoundingCoordinate": ["N/A"], "southBoundingCoordinate": ["N/A"], "dateCreated": ["1996-02-12"], "temporalCoverageEndDate": ["1998-11-17"], "license": ["N/A"], "distribution": ["N/A"], "distributionInfo": ["N/A"], "identifier": ["https://metadatacatalogue.lifewatch.eu:/srv/eng/catalog.search#/metadata/oai:marineinfo.org:id:dataset:6703"], "accessibilitySummary": ["N/A"], "version": ["N/A"], "temporalCoverage": ["N/A"], "publisher": ["N/A"], "spatial": ["N/A"], "citation": ["N/A"], "genre": ["N/A"], "modificationDate": ["2021-12-02"], "image": ["N/A"], "thumbnailUrl": ["N/A"], "headline": ["BIOMAERL.Maerl Biodiversity.Functional Structure And Antropogenic Impacts (1996-1998)"], "abstract": ["In this study, performed under the LifeWatchGreece infrastructure,are presented preliminary resultsfrom the digitization of biodiversity data from various sampling expeditionscarried out from 1996 to 1999. The mainpurposes of the project were to examinethebiodiversity of m\u00c3\u00a4erl habitats in European seas, assess the anthropogenic impacts and develop conservation strategies for European m\u00c3\u00a4erl beds. Twelve samplingsites were selected. Six of themwere subjected to anthropogenic impacts and the other six representedpristine conditions as far as possible. Overall, 4127 recordsof marine biota were digitizedbelonging to phyla of the kingdomsBacteria, Plantae, Chromista andAnimalia"], "theme": ["N/A"], "creditText": ["N/A"], "producer": ["\u00c2\u00a0University of Plymouth; School of Marine Science and Engineering- Jason Hall-Spencer "], "author": ["\u00c2\u00a0University of Plymouth; School of Marine Science and Engineering- Jason Hall-Spencer "], "spatialCoverage": [" East Atlantic"], "sponsor": ["N/A"], "size": ["N/A"], "sameAs": ["N/A"], "publication": ["N/A"], "provider": ["\u00c2\u00a0University of Plymouth; School of Marine Science and Engineering- Jason Hall-Spencer "], "position": ["N/A"], "measurementTechnique": ["N/A"], "material": ["N/A"], "maintainer": ["N/A"], "locationCreated": ["N/A"], "issn": ["N/A"], "isPartOf": ["N/A"], "isBasedOn": ["N/A"], "isAccessibleForFree": ["N/A"], "includedInDataCatalog": ["N/A"], "editor": ["N/A"], "editEIDR": ["N/A"], "copyrightYear": ["N/A"], "copyrightNotice": ["N/A"], "copyrightHolder": ["N/A"], "contributor": ["N/A"], "contentReferenceTime": ["N/A"], "contentLocation": ["N/A"], "character": ["N/A"], "acquireLicensePage": ["N/A"], "accessModeSufficient": ["N/A"], "about": ["N/A"], "rights": ["N/A"], "relation": ["N/A"], "qualifiedRelation": ["N/A"], "qualifiedAttribution": ["N/A"], "previousVersion": ["N/A"], "nextVersion": ["N/A"], "landingPage": ["N/A"], "isReferencedBy": ["N/A"], "hasVersion": ["N/A"], "hasPolicy": ["N/A"], "hasCurrentVersion": ["N/A"], "useConstraints": ["N/A"], "status": ["N/A"], "spatialRepresentationType": ["N/A"], "scope": ["N/A"], "purpose": ["N/A"], "otherLocale": ["N/A"], "metadataProfile": ["N/A"], "metadataLinkage": ["N/A"], "metadataIdentifier": ["N/A"], "environmentDescription": ["N/A"], "contentInfo": ["N/A"], "ResearchInfrastructure": ["LifeWatch"], "EssentialVariables": ["N/A"], "potentialTopics": ["N/A"]}