{"url": ["https://metadatacatalogue.lifewatch.eu:/geonetwork/api/records/oai:marineinfo.org:id:dataset:5975"], "name": ["Jellyfish Sightings Along the Italian Coastline from 2009 to 2017"], "description": ["The lack of gelatinous blooms data reveals scant attention to such phenomena due to theirirregular occurrence (Boero et al. 2008), to modern publication trends thatgive no importance to observations (Boero 2013b), to current monitoring programsthat usually do not cover jellyfish(Riisg\u00c3\u00a5rd et al. 2012) andto the lackof remote sensing tools to detect jellyfish. From 2009the Italian project Occhio alla Medusa started involving citizens to recordsightings of gelatinousorganisms. In 2010 till 2015, the Italian popular science magazine FOCUS supported the campaign dedicating a webpage and releasing a smartphone app to uploadrecords."], "datePublished": ["2021-12-02"], "language": ["en"], "creator": ["\u00c2\u00a0National Interuniversity Consortium For Marine Sciences- Ferdinando Boero "], "metadataProvider": ["\u00c2\u00a0Flanders Marine Institute(VLIZ) BEhttps://www.vliz.be"], "contact": ["\u00c2\u00a0National Interuniversity Consortium For Marine Sciences- Serena Zampardi "], "associatedParty": ["N/A"], "licenseInformation": [" Intellectual Rights To the extent possible underlaw, the publisher has waived all rights to these data and has dedicated them to the Public Domain (CC01.0) . Users may copy, modify,distribute and use the work,including for commercial purposes, without restriction.\u00c2\u00a0 "], "downloadLink": ["https://metadatacatalogue.lifewatch.eu:/srv/eng/catalog.search#/metadata/oai:marineinfo.org:id:dataset:5975"], "keywords": ["Citizen science Gelatinous zooplankton Jellyplankton: jellyfishblooms"], "geographicCoverage": ["Geographic Description EurOBIS calculated BBOX > station Bounding Box Bounding Box West Bounding Coordinate 7.580715 East Bounding Coordinate 18.519819 North Bounding Coordinate 45.930454 South Bounding Coordinate 35.494938"], "westBoundingCoordinate": ["7.580715"], "eastBoundingCoordinate": ["18.519819"], "northBoundingCoordinate": ["45.930454"], "southBoundingCoordinate": ["35.494938"], "dateCreated": ["2009-01-01"], "temporalCoverageEndDate": ["2017-01-01"], "license": ["N/A"], "distribution": ["N/A"], "distributionInfo": ["N/A"], "identifier": ["https://metadatacatalogue.lifewatch.eu:/srv/eng/catalog.search#/metadata/oai:marineinfo.org:id:dataset:5975"], "accessibilitySummary": ["N/A"], "version": ["N/A"], "temporalCoverage": ["N/A"], "publisher": ["N/A"], "spatial": ["N/A"], "citation": ["N/A"], "genre": ["N/A"], "modificationDate": ["2021-12-02"], "image": ["N/A"], "thumbnailUrl": ["N/A"], "headline": ["Jellyfish Sightings Along the Italian Coastline from 2009 to 2017"], "abstract": ["The lack of gelatinous blooms data reveals scant attention to such phenomena due to theirirregular occurrence (Boero et al. 2008), to modern publication trends thatgive no importance to observations (Boero 2013b), to current monitoring programsthat usually do not cover jellyfish(Riisg\u00c3\u00a5rd et al. 2012) andto the lackof remote sensing tools to detect jellyfish. From 2009the Italian project Occhio alla Medusa started involving citizens to recordsightings of gelatinousorganisms. In 2010 till 2015, the Italian popular science magazine FOCUS supported the campaign dedicating a webpage and releasing a smartphone app to uploadrecords."], "theme": ["N/A"], "creditText": ["N/A"], "producer": ["\u00c2\u00a0National Interuniversity Consortium For Marine Sciences- Ferdinando Boero "], "author": ["\u00c2\u00a0National Interuniversity Consortium For Marine Sciences- Ferdinando Boero "], "spatialCoverage": [" calculated BBOX > station Bounding Box Bounding Box West Bounding Coordinate 7.580715 East Bounding Coordinate 18.519819 North Bounding Coordinate 45.930454 South Bounding Coordinate 35.494938"], "sponsor": ["N/A"], "size": ["N/A"], "sameAs": ["N/A"], "publication": ["N/A"], "provider": ["\u00c2\u00a0National Interuniversity Consortium For Marine Sciences- Ferdinando Boero "], "position": ["N/A"], "measurementTechnique": ["N/A"], "material": ["N/A"], "maintainer": ["N/A"], "locationCreated": ["N/A"], "issn": ["N/A"], "isPartOf": ["N/A"], "isBasedOn": ["N/A"], "isAccessibleForFree": ["N/A"], "includedInDataCatalog": ["N/A"], "editor": ["N/A"], "editEIDR": ["N/A"], "copyrightYear": ["N/A"], "copyrightNotice": ["N/A"], "copyrightHolder": ["N/A"], "contributor": ["N/A"], "contentReferenceTime": ["N/A"], "contentLocation": ["N/A"], "character": ["N/A"], "acquireLicensePage": ["N/A"], "accessModeSufficient": ["N/A"], "about": ["N/A"], "rights": ["N/A"], "relation": ["N/A"], "qualifiedRelation": ["N/A"], "qualifiedAttribution": ["N/A"], "previousVersion": ["N/A"], "nextVersion": ["N/A"], "landingPage": ["N/A"], "isReferencedBy": ["N/A"], "hasVersion": ["N/A"], "hasPolicy": ["N/A"], "hasCurrentVersion": ["N/A"], "useConstraints": ["N/A"], "status": ["N/A"], "spatialRepresentationType": ["N/A"], "scope": ["N/A"], "purpose": ["N/A"], "otherLocale": ["N/A"], "metadataProfile": ["N/A"], "metadataLinkage": ["N/A"], "metadataIdentifier": ["N/A"], "environmentDescription": ["N/A"], "contentInfo": ["N/A"], "ResearchInfrastructure": ["LifeWatch"], "EssentialVariables": ["N/A"], "potentialTopics": ["N/A"]}