{"url": ["https://metadatacatalogue.lifewatch.eu:/geonetwork/api/records/oai:marineinfo.org:id:dataset:6450"], "name": ["Young Fish Survey Data 1981 to 2010"], "description": ["Total numbers of individual fish identified during the CefasYoung Fish Survey (YFS) which ran from 1981 to 2010. The survey deployed a light 2-meter beam trawl to survey inshore locations for small / young fish around theBritish Isles, predominantly along the southand east coasts. Total numbers of fish (identified to species or if not to thehighesttaxonomic level) were recorded at each station,and were measuredin the majority of cases. The surveys were primarily undertaken to evaluate theabundance of juvenile sole and plaice, as well as providing further information on the abundance of other species of fish. The YFS formed part of the InternationalYoung Fish Survey, coordinated by ICES."], "datePublished": ["2021-12-02"], "language": ["en"], "creator": ["\u00c2\u00a0Centre for Environment,Fisheries and AquacultureScience GB "], "metadataProvider": ["\u00c2\u00a0Flanders Marine Institute(VLIZ) BEhttps://www.vliz.be"], "contact": ["\u00c2\u00a0Flanders Marine Institute(VLIZ) BEhttps://www.vliz.be"], "associatedParty": ["N/A"], "licenseInformation": [" Intellectual Rights This work is licensed under a Creative Commons Attribution (CC-BY) 4.0 License .\u00c2\u00a0 "], "downloadLink": ["https://metadatacatalogue.lifewatch.eu:/srv/eng/catalog.search#/metadata/oai:marineinfo.org:id:dataset:6450"], "keywords": ["Biodiversity Fish Fisheries"], "geographicCoverage": ["Geographic Description ANE, British Isles, England, English Coast"], "westBoundingCoordinate": ["-3.469"], "eastBoundingCoordinate": ["1.831"], "northBoundingCoordinate": ["55.381"], "southBoundingCoordinate": ["50.61"], "dateCreated": ["1981-09-01"], "temporalCoverageEndDate": ["2010-09-21"], "license": ["N/A"], "distribution": ["N/A"], "distributionInfo": ["N/A"], "identifier": ["https://metadatacatalogue.lifewatch.eu:/srv/eng/catalog.search#/metadata/oai:marineinfo.org:id:dataset:6450"], "accessibilitySummary": ["N/A"], "version": ["N/A"], "temporalCoverage": ["N/A"], "publisher": ["N/A"], "spatial": ["N/A"], "citation": ["N/A"], "genre": ["N/A"], "modificationDate": ["2021-12-02"], "image": ["N/A"], "thumbnailUrl": ["N/A"], "headline": ["Young Fish Survey Data 1981 to 2010"], "abstract": ["Total numbers of individual fish identified during the CefasYoung Fish Survey (YFS) which ran from 1981 to 2010. The survey deployed a light 2-meter beam trawl to survey inshore locations for small / young fish around theBritish Isles, predominantly along the southand east coasts. Total numbers of fish (identified to species or if not to thehighesttaxonomic level) were recorded at each station,and were measuredin the majority of cases. The surveys were primarily undertaken to evaluate theabundance of juvenile sole and plaice, as well as providing further information on the abundance of other species of fish. The YFS formed part of the InternationalYoung Fish Survey, coordinated by ICES."], "theme": ["N/A"], "creditText": ["N/A"], "producer": ["\u00c2\u00a0Centre for Environment,Fisheries and AquacultureScience GB "], "author": ["\u00c2\u00a0Centre for Environment,Fisheries and AquacultureScience GB "], "spatialCoverage": [" British Isles England English Coast"], "sponsor": ["N/A"], "size": ["N/A"], "sameAs": ["N/A"], "publication": ["N/A"], "provider": ["\u00c2\u00a0Centre for Environment,Fisheries and AquacultureScience GB "], "position": ["N/A"], "measurementTechnique": ["N/A"], "material": ["N/A"], "maintainer": ["N/A"], "locationCreated": ["N/A"], "issn": ["N/A"], "isPartOf": ["N/A"], "isBasedOn": ["N/A"], "isAccessibleForFree": ["N/A"], "includedInDataCatalog": ["N/A"], "editor": ["N/A"], "editEIDR": ["N/A"], "copyrightYear": ["N/A"], "copyrightNotice": ["N/A"], "copyrightHolder": ["N/A"], "contributor": ["N/A"], "contentReferenceTime": ["N/A"], "contentLocation": ["N/A"], "character": ["N/A"], "acquireLicensePage": ["N/A"], "accessModeSufficient": ["N/A"], "about": ["N/A"], "rights": ["N/A"], "relation": ["N/A"], "qualifiedRelation": ["N/A"], "qualifiedAttribution": ["N/A"], "previousVersion": ["N/A"], "nextVersion": ["N/A"], "landingPage": ["N/A"], "isReferencedBy": ["N/A"], "hasVersion": ["N/A"], "hasPolicy": ["N/A"], "hasCurrentVersion": ["N/A"], "useConstraints": ["N/A"], "status": ["N/A"], "spatialRepresentationType": ["N/A"], "scope": ["N/A"], "purpose": ["N/A"], "otherLocale": ["N/A"], "metadataProfile": ["N/A"], "metadataLinkage": ["N/A"], "metadataIdentifier": ["N/A"], "environmentDescription": ["N/A"], "contentInfo": ["N/A"], "ResearchInfrastructure": ["LifeWatch"], "EssentialVariables": ["N/A"], "potentialTopics": ["N/A"]}