{"url": ["https://metadatacatalogue.lifewatch.eu:/geonetwork/api/records/oai:marineinfo.org:id:dataset:2453"], "name": ["SHARK - National phytoplankton monitoring in Sweden since 1983"], "description": ["Data collected within various monitoringprogrammes and surveys. Standard quantitative phytoplankton techniques following HELCOM MONAS guidelines.Counts and sometimes biovolumes on specieslevel."], "datePublished": ["2021-12-02"], "language": ["en"], "creator": ["\u00c2\u00a0Swedish Agency for Marineand Water Management "], "metadataProvider": ["\u00c2\u00a0Flanders Marine Institute(VLIZ) BEhttps://www.vliz.be"], "contact": ["\u00c2\u00a0Swedish Meteorological and HydrologicalInstitute "], "associatedParty": ["N/A"], "licenseInformation": [" Intellectual Rights To the extent possible underlaw, the publisher has waived all rights to these data and has dedicated them to the Public Domain (CC01.0) . Users may copy, modify,distribute and use the work,including for commercial purposes, without restriction.\u00c2\u00a0 "], "downloadLink": ["https://metadatacatalogue.lifewatch.eu:/srv/eng/catalog.search#/metadata/oai:marineinfo.org:id:dataset:2453"], "keywords": ["Long-term monitoring"], "geographicCoverage": ["Geographic Description ANE, Baltic"], "westBoundingCoordinate": ["10.5133"], "eastBoundingCoordinate": ["24.03917"], "northBoundingCoordinate": ["65.89667"], "southBoundingCoordinate": ["54.97033"], "dateCreated": ["N/A"], "temporalCoverageEndDate": ["N/A"], "license": ["http://www.smhi.se/oceanografi/oce_info_data/shark_web/downloads/codelist_SMHI.xls"], "distribution": ["http://www.smhi.se/oceanografi/oce_info_data/shark_web/downloads/codelist_SMHI.xls"], "distributionInfo": ["http://www.smhi.se/oceanografi/oce_info_data/shark_web/downloads/codelist_SMHI.xls"], "identifier": ["https://metadatacatalogue.lifewatch.eu:/srv/eng/catalog.search#/metadata/oai:marineinfo.org:id:dataset:2453"], "accessibilitySummary": ["N/A"], "version": ["N/A"], "temporalCoverage": ["N/A"], "publisher": ["N/A"], "spatial": ["N/A"], "citation": ["N/A"], "genre": ["N/A"], "modificationDate": ["2021-12-02"], "image": ["N/A"], "thumbnailUrl": ["N/A"], "headline": ["SHARK - National phytoplankton monitoring in Sweden since 1983"], "abstract": ["Data collected within various monitoringprogrammes and surveys. Standard quantitative phytoplankton techniques following HELCOM MONAS guidelines.Counts and sometimes biovolumes on specieslevel."], "theme": ["N/A"], "creditText": ["N/A"], "producer": ["\u00c2\u00a0Swedish Agency for Marineand Water Management "], "author": ["\u00c2\u00a0Swedish Agency for Marineand Water Management "], "spatialCoverage": [" Baltic"], "sponsor": ["N/A"], "size": ["N/A"], "sameAs": ["N/A"], "publication": ["N/A"], "provider": ["\u00c2\u00a0Swedish Agency for Marineand Water Management "], "position": ["N/A"], "measurementTechnique": ["N/A"], "material": ["N/A"], "maintainer": ["N/A"], "locationCreated": ["N/A"], "issn": ["N/A"], "isPartOf": ["N/A"], "isBasedOn": ["N/A"], "isAccessibleForFree": ["N/A"], "includedInDataCatalog": ["N/A"], "editor": ["N/A"], "editEIDR": ["N/A"], "copyrightYear": ["N/A"], "copyrightNotice": ["N/A"], "copyrightHolder": ["N/A"], "contributor": ["N/A"], "contentReferenceTime": ["N/A"], "contentLocation": ["N/A"], "character": ["N/A"], "acquireLicensePage": ["N/A"], "accessModeSufficient": ["N/A"], "about": ["N/A"], "rights": ["N/A"], "relation": ["N/A"], "qualifiedRelation": ["N/A"], "qualifiedAttribution": ["N/A"], "previousVersion": ["N/A"], "nextVersion": ["N/A"], "landingPage": ["N/A"], "isReferencedBy": ["N/A"], "hasVersion": ["N/A"], "hasPolicy": ["N/A"], "hasCurrentVersion": ["N/A"], "useConstraints": ["N/A"], "status": ["N/A"], "spatialRepresentationType": ["N/A"], "scope": ["N/A"], "purpose": ["N/A"], "otherLocale": ["N/A"], "metadataProfile": ["N/A"], "metadataLinkage": ["N/A"], "metadataIdentifier": ["N/A"], "environmentDescription": ["N/A"], "contentInfo": ["N/A"], "ResearchInfrastructure": ["LifeWatch"], "EssentialVariables": ["N/A"], "potentialTopics": ["N/A"]}