{"url": ["https://metadatacatalogue.lifewatch.eu:/geonetwork/api/records/oai:marineinfo.org:id:dataset:4493"], "name": ["COLETA - IMAR/DOP-Uac reference collection from 1977 to 2012"], "description": ["Reference collection of the IMAR/DOP-UAz,consisting in several taxapreserved with different methods andcollected mostly in the Azoresarea. The reference collection has been created in orderto be a referential of marine species of the Azores,both common and rare. Thus, new occurrences could be compared with new ones.Therefore, material in the collection can be useful fornewscientific and taxonomicstudies."], "datePublished": ["2021-12-02"], "language": ["en"], "creator": ["\u00c2\u00a0Institute of MarineResearch "], "metadataProvider": ["\u00c2\u00a0Flanders Marine Institute(VLIZ) BEhttps://www.vliz.be"], "contact": ["\u00c2\u00a0University of the Azores; Departmentof Oceanography and Fisheries- Diana Catarino "], "associatedParty": [" pointOfContact\u00c2\u00a0University of the Azores; Departmentof Oceanography and Fisheries- Jo\u00c3\u00a3o Gon\u00c3\u00a7alves "], "licenseInformation": [" Intellectual Rights This work is licensed under a Creative Commons Attribution (CC-BY) 4.0 License .\u00c2\u00a0 "], "downloadLink": ["https://metadatacatalogue.lifewatch.eu:/geonetwork/eng/catalog.search#/metadata/oai:marineinfo.org:id:dataset:4493"], "keywords": ["N/A"], "geographicCoverage": ["Geographic Description ANE, Azores"], "westBoundingCoordinate": ["-37.156"], "eastBoundingCoordinate": ["-16.6"], "northBoundingCoordinate": ["41.56"], "southBoundingCoordinate": ["32.4"], "dateCreated": ["1977-01-01"], "temporalCoverageEndDate": ["2012-01-01"], "license": ["N/A"], "distribution": ["N/A"], "distributionInfo": ["N/A"], "identifier": ["https://metadatacatalogue.lifewatch.eu:/geonetwork/eng/catalog.search#/metadata/oai:marineinfo.org:id:dataset:4493"], "accessibilitySummary": ["N/A"], "version": ["N/A"], "temporalCoverage": ["N/A"], "publisher": ["N/A"], "spatial": ["N/A"], "citation": ["N/A"], "genre": ["N/A"], "modificationDate": ["2021-12-02"], "image": ["N/A"], "thumbnailUrl": ["N/A"], "headline": ["COLETA - IMAR/DOP-Uac reference collection from 1977 to 2012"], "abstract": ["Reference collection of the IMAR/DOP-UAz,consisting in several taxapreserved with different methods andcollected mostly in the Azoresarea. The reference collection has been created in orderto be a referential of marine species of the Azores,both common and rare. Thus, new occurrences could be compared with new ones.Therefore, material in the collection can be useful fornewscientific and taxonomicstudies."], "theme": ["N/A"], "creditText": ["N/A"], "producer": ["\u00c2\u00a0Institute of MarineResearch "], "author": ["\u00c2\u00a0Institute of MarineResearch "], "spatialCoverage": [" Azores"], "sponsor": ["N/A"], "size": ["N/A"], "sameAs": ["N/A"], "publication": ["N/A"], "provider": ["\u00c2\u00a0Institute of MarineResearch "], "position": ["N/A"], "measurementTechnique": ["N/A"], "material": ["N/A"], "maintainer": ["N/A"], "locationCreated": ["N/A"], "issn": ["N/A"], "isPartOf": ["N/A"], "isBasedOn": ["N/A"], "isAccessibleForFree": ["N/A"], "includedInDataCatalog": ["N/A"], "editor": ["N/A"], "editEIDR": ["N/A"], "copyrightYear": ["N/A"], "copyrightNotice": ["N/A"], "copyrightHolder": ["N/A"], "contributor": ["N/A"], "contentReferenceTime": ["N/A"], "contentLocation": ["N/A"], "character": ["N/A"], "acquireLicensePage": ["N/A"], "accessModeSufficient": ["N/A"], "about": ["N/A"], "rights": ["N/A"], "relation": ["N/A"], "qualifiedRelation": ["N/A"], "qualifiedAttribution": ["N/A"], "previousVersion": ["N/A"], "nextVersion": ["N/A"], "landingPage": ["N/A"], "isReferencedBy": ["N/A"], "hasVersion": ["N/A"], "hasPolicy": ["N/A"], "hasCurrentVersion": ["N/A"], "useConstraints": ["N/A"], "status": ["N/A"], "spatialRepresentationType": ["N/A"], "scope": ["N/A"], "purpose": ["N/A"], "otherLocale": ["N/A"], "metadataProfile": ["N/A"], "metadataLinkage": ["N/A"], "metadataIdentifier": ["N/A"], "environmentDescription": ["N/A"], "contentInfo": ["N/A"], "ResearchInfrastructure": ["LifeWatch"], "EssentialVariables": ["N/A"], "potentialTopics": ["N/A"]}