{"url": ["https://metadatacatalogue.lifewatch.eu:/geonetwork/api/records/oai:marineinfo.org:id:dataset:5776"], "name": ["Royal Netherlands Institute for Sea Research (NIOZ) - Kom Fyke Mokbaai"], "description": ["The Royal Netherlands Institute for Sea Research(NIOZ) started kom fishing near Texel in the Netherlands in 1959. The main benefits were theinsight in the occurrence and the abundance of the various species,the collection of undamaged live fish for experiments at boththe Zoological Station and thevariousuniversities and the provision of foodfor the experimentswith seals at the TexelsMuseum (nowadays Ecomare)."], "datePublished": ["2021-12-02"], "language": ["en"], "creator": ["\u00c2\u00a0Koninklijk Nederlands Instituut voor Onderzoek der Zee NL "], "metadataProvider": ["\u00c2\u00a0Flanders Marine Institute(VLIZ) BEhttps://www.vliz.be"], "contact": ["\u00c2\u00a0Global Biodiversity Information Facility;Netherlands Biodiversity InformationFacility- Cees Hof "], "associatedParty": [" pointOfContact\u00c2\u00a0Koninklijk Nederlands Instituut voor Onderzoek der Zee- Taco de Bruin "], "licenseInformation": [" Intellectual Rights This work is licensed under a Creative Commons Attribution (CC-BY) 4.0 License .\u00c2\u00a0 "], "downloadLink": ["https://metadatacatalogue.lifewatch.eu:/srv/eng/catalog.search#/metadata/oai:marineinfo.org:id:dataset:5776"], "keywords": ["N/A"], "geographicCoverage": ["Geographic Description ANE, Netherlands,Texel"], "westBoundingCoordinate": ["4.77667"], "eastBoundingCoordinate": ["4.77667"], "northBoundingCoordinate": ["52.9975"], "southBoundingCoordinate": ["52.9975"], "dateCreated": ["1959-01-01"], "temporalCoverageEndDate": ["2013-01-01"], "license": ["N/A"], "distribution": ["N/A"], "distributionInfo": ["N/A"], "identifier": ["https://metadatacatalogue.lifewatch.eu:/srv/eng/catalog.search#/metadata/oai:marineinfo.org:id:dataset:5776"], "accessibilitySummary": ["N/A"], "version": ["N/A"], "temporalCoverage": ["N/A"], "publisher": ["N/A"], "spatial": ["N/A"], "citation": ["N/A"], "genre": ["N/A"], "modificationDate": ["2021-12-02"], "image": ["N/A"], "thumbnailUrl": ["N/A"], "headline": ["Royal Netherlands Institute for Sea Research (NIOZ) - Kom Fyke Mokbaai"], "abstract": ["The Royal Netherlands Institute for Sea Research(NIOZ) started kom fishing near Texel in the Netherlands in 1959. The main benefits were theinsight in the occurrence and the abundance of the various species,the collection of undamaged live fish for experiments at boththe Zoological Station and thevariousuniversities and the provision of foodfor the experimentswith seals at the TexelsMuseum (nowadays Ecomare)."], "theme": ["N/A"], "creditText": ["N/A"], "producer": ["\u00c2\u00a0Koninklijk Nederlands Instituut voor Onderzoek der Zee NL "], "author": ["\u00c2\u00a0Koninklijk Nederlands Instituut voor Onderzoek der Zee NL "], "spatialCoverage": [" NetherlandsTexel"], "sponsor": ["N/A"], "size": ["N/A"], "sameAs": ["N/A"], "publication": ["N/A"], "provider": ["\u00c2\u00a0Koninklijk Nederlands Instituut voor Onderzoek der Zee NL "], "position": ["N/A"], "measurementTechnique": ["N/A"], "material": ["N/A"], "maintainer": ["N/A"], "locationCreated": ["N/A"], "issn": ["N/A"], "isPartOf": ["N/A"], "isBasedOn": ["N/A"], "isAccessibleForFree": ["N/A"], "includedInDataCatalog": ["N/A"], "editor": ["N/A"], "editEIDR": ["N/A"], "copyrightYear": ["N/A"], "copyrightNotice": ["N/A"], "copyrightHolder": ["N/A"], "contributor": ["N/A"], "contentReferenceTime": ["N/A"], "contentLocation": ["N/A"], "character": ["N/A"], "acquireLicensePage": ["N/A"], "accessModeSufficient": ["N/A"], "about": ["N/A"], "rights": ["N/A"], "relation": ["N/A"], "qualifiedRelation": ["N/A"], "qualifiedAttribution": ["N/A"], "previousVersion": ["N/A"], "nextVersion": ["N/A"], "landingPage": ["N/A"], "isReferencedBy": ["N/A"], "hasVersion": ["N/A"], "hasPolicy": ["N/A"], "hasCurrentVersion": ["N/A"], "useConstraints": ["N/A"], "status": ["N/A"], "spatialRepresentationType": ["N/A"], "scope": ["N/A"], "purpose": ["N/A"], "otherLocale": ["N/A"], "metadataProfile": ["N/A"], "metadataLinkage": ["N/A"], "metadataIdentifier": ["N/A"], "environmentDescription": ["N/A"], "contentInfo": ["N/A"], "ResearchInfrastructure": ["LifeWatch"], "EssentialVariables": ["N/A"], "potentialTopics": ["N/A"]}