{"url": ["https://metadatacatalogue.lifewatch.eu:/geonetwork/api/records/oai:marineinfo.org:id:dataset:6661"], "name": ["Marine Recorder JNCC Public Offshore Snapshot 2020_1 \u00e2\u0080\u0093 habitat data trial"], "description": ["Extract of the publicly available offshore UK marine benthic data holdings of JNCC (Joint Nature Conservation Committee), held within the \u00e2\u0080\u009cMarine Recorder\u00e2\u0080\u009d data management system. Data comprises multi-thematic benthicsurveys in the offshore, includingboth taxa occurrence and abundancealongside physical and biotoperecordings. This dataset is being used as a pilotstudy into submitting fully classified biotope data into OBIS alongside associated taxonomicoccurrences under the EU EMODnetinitiative."], "datePublished": ["2021-12-02"], "language": ["en"], "creator": ["\u00c2\u00a0Joint Nature ConservationCommittee GB "], "metadataProvider": ["\u00c2\u00a0Flanders Marine Institute(VLIZ) BEhttps://www.vliz.be"], "contact": ["\u00c2\u00a0Marine Biological Association of the UK; The Archive for Marine Speciesand Habitats Data "], "associatedParty": ["N/A"], "licenseInformation": [" Intellectual Rights To the extent possible underlaw, the publisher has waived all rights to these data and has dedicated them to the Public Domain (CC01.0) . Users may copy, modify,distribute and use the work,including for commercial purposes, without restriction.\u00c2\u00a0 "], "downloadLink": ["https://metadatacatalogue.lifewatch.eu:/srv/eng/catalog.search#/metadata/oai:marineinfo.org:id:dataset:6661"], "keywords": ["N/A"], "geographicCoverage": ["Geographic Description ANE, United Kingdom Exclusive Economic Zone"], "westBoundingCoordinate": ["-9.8751412024"], "eastBoundingCoordinate": ["3.2257759671"], "northBoundingCoordinate": ["60.83369"], "southBoundingCoordinate": ["48.28101"], "dateCreated": ["2003-01-01"], "temporalCoverageEndDate": ["2014-01-01"], "license": ["N/A"], "distribution": ["N/A"], "distributionInfo": ["N/A"], "identifier": ["https://metadatacatalogue.lifewatch.eu:/srv/eng/catalog.search#/metadata/oai:marineinfo.org:id:dataset:6661"], "accessibilitySummary": ["N/A"], "version": ["N/A"], "temporalCoverage": ["N/A"], "publisher": ["N/A"], "spatial": ["N/A"], "citation": ["N/A"], "genre": ["N/A"], "modificationDate": ["2021-12-02"], "image": ["N/A"], "thumbnailUrl": ["N/A"], "headline": ["Marine Recorder JNCC Public Offshore Snapshot 2020_1 \u00e2\u0080\u0093 habitat data trial"], "abstract": ["Extract of the publicly available offshore UK marine benthic data holdings of JNCC (Joint Nature Conservation Committee), held within the \u00e2\u0080\u009cMarine Recorder\u00e2\u0080\u009d data management system. Data comprises multi-thematic benthicsurveys in the offshore, includingboth taxa occurrence and abundancealongside physical and biotoperecordings. This dataset is being used as a pilotstudy into submitting fully classified biotope data into OBIS alongside associated taxonomicoccurrences under the EU EMODnetinitiative."], "theme": ["N/A"], "creditText": ["N/A"], "producer": ["\u00c2\u00a0Joint Nature ConservationCommittee GB "], "author": ["\u00c2\u00a0Joint Nature ConservationCommittee GB "], "spatialCoverage": [" United Kingdom Exclusive Economic Zone"], "sponsor": ["N/A"], "size": ["N/A"], "sameAs": ["N/A"], "publication": ["N/A"], "provider": ["\u00c2\u00a0Joint Nature ConservationCommittee GB "], "position": ["N/A"], "measurementTechnique": ["N/A"], "material": ["N/A"], "maintainer": ["N/A"], "locationCreated": ["N/A"], "issn": ["N/A"], "isPartOf": ["N/A"], "isBasedOn": ["N/A"], "isAccessibleForFree": ["N/A"], "includedInDataCatalog": ["N/A"], "editor": ["N/A"], "editEIDR": ["N/A"], "copyrightYear": ["N/A"], "copyrightNotice": ["N/A"], "copyrightHolder": ["N/A"], "contributor": ["N/A"], "contentReferenceTime": ["N/A"], "contentLocation": ["N/A"], "character": ["N/A"], "acquireLicensePage": ["N/A"], "accessModeSufficient": ["N/A"], "about": ["N/A"], "rights": ["N/A"], "relation": ["N/A"], "qualifiedRelation": ["N/A"], "qualifiedAttribution": ["N/A"], "previousVersion": ["N/A"], "nextVersion": ["N/A"], "landingPage": ["N/A"], "isReferencedBy": ["N/A"], "hasVersion": ["N/A"], "hasPolicy": ["N/A"], "hasCurrentVersion": ["N/A"], "useConstraints": ["N/A"], "status": ["N/A"], "spatialRepresentationType": ["N/A"], "scope": ["N/A"], "purpose": ["N/A"], "otherLocale": ["N/A"], "metadataProfile": ["N/A"], "metadataLinkage": ["N/A"], "metadataIdentifier": ["N/A"], "environmentDescription": ["N/A"], "contentInfo": ["N/A"], "ResearchInfrastructure": ["LifeWatch"], "EssentialVariables": ["N/A"], "potentialTopics": ["N/A"]}