{"url": ["https://metadatacatalogue.lifewatch.eu:/srv/api/records/oai:marineinfo.org:id:dataset:4357"], "name": ["Zoobenthos data from different sources (collected and extracted from literature), personal archive of G.V. Murina (IBSS)"], "description": ["Dataset includes zoobenthos data from differentsources (collected and extracted from literature). Personalarchive of G.V. Murina(IBSS)."], "datePublished": ["2021-12-02"], "language": ["en"], "creator": ["\u00c2\u00a0National Academy of Sciences of Ukraine;Institute of Biology of the Southern Seas; Department of mariculture and applied oceanology- Galina Vansetti Murina "], "metadataProvider": ["\u00c2\u00a0Flanders Marine Institute(VLIZ) BEhttps://www.vliz.be"], "contact": ["\u00c2\u00a0National Academy of Sciences ofUkraine;Institute of Biology of the Southern Seas- Oleksandra Sergeyeva "], "associatedParty": [" custodianSteward\u00c2\u00a0National Academy of Sciences ofUkraine;Institute of Biology of the Southern Seas- Oleksandra Sergeyeva "], "licenseInformation": [" Intellectual Rights This work is licensed under a Creative Commons Attribution (CC-BY) 4.0 License .\u00c2\u00a0 "], "downloadLink": ["https://metadatacatalogue.lifewatch.eu:/srv/eng/catalog.search#/metadata/oai:marineinfo.org:id:dataset:4357"], "keywords": ["N/A"], "geographicCoverage": ["Geographic Description EurOBIS calculated BBOX > station Bounding Box Bounding Box West Bounding Coordinate -178.9666667 East Bounding Coordinate 179.92 North Bounding Coordinate 79.11916667 South Bounding Coordinate -69.355"], "westBoundingCoordinate": ["-178.9666667"], "eastBoundingCoordinate": ["179.92"], "northBoundingCoordinate": ["79.11916667"], "southBoundingCoordinate": ["-69.355"], "dateCreated": ["1930-01-01"], "temporalCoverageEndDate": ["1998-01-01"], "license": ["N/A"], "distribution": ["N/A"], "distributionInfo": ["N/A"], "identifier": ["https://metadatacatalogue.lifewatch.eu:/srv/eng/catalog.search#/metadata/oai:marineinfo.org:id:dataset:4357"], "accessibilitySummary": ["N/A"], "version": ["N/A"], "temporalCoverage": ["N/A"], "publisher": ["N/A"], "spatial": ["N/A"], "citation": ["N/A"], "genre": ["N/A"], "modificationDate": ["2021-12-02"], "image": ["N/A"], "thumbnailUrl": ["N/A"], "headline": ["Zoobenthos data from different sources (collected and extracted from literature), personal archive of G.V. Murina (IBSS)"], "abstract": ["Dataset includes zoobenthos data from differentsources (collected and extracted from literature). Personalarchive of G.V. Murina(IBSS)."], "theme": ["N/A"], "creditText": ["N/A"], "producer": ["\u00c2\u00a0National Academy of Sciences of Ukraine;Institute of Biology of the Southern Seas; Department of mariculture and applied oceanology- Galina Vansetti Murina "], "author": ["\u00c2\u00a0National Academy of Sciences of Ukraine;Institute of Biology of the Southern Seas; Department of mariculture and applied oceanology- Galina Vansetti Murina "], "spatialCoverage": [" calculated BBOX > station Bounding Box Bounding Box West Bounding Coordinate -178.9666667 East Bounding Coordinate 179.92 North Bounding Coordinate 79.11916667 South Bounding Coordinate -69.355"], "sponsor": ["N/A"], "size": ["N/A"], "sameAs": ["N/A"], "publication": ["N/A"], "provider": ["\u00c2\u00a0National Academy of Sciences of Ukraine;Institute of Biology of the Southern Seas; Department of mariculture and applied oceanology- Galina Vansetti Murina "], "position": ["N/A"], "measurementTechnique": ["N/A"], "material": ["N/A"], "maintainer": ["N/A"], "locationCreated": ["N/A"], "issn": ["N/A"], "isPartOf": ["N/A"], "isBasedOn": ["N/A"], "isAccessibleForFree": ["N/A"], "includedInDataCatalog": ["N/A"], "editor": ["N/A"], "editEIDR": ["N/A"], "copyrightYear": ["N/A"], "copyrightNotice": ["N/A"], "copyrightHolder": ["N/A"], "contributor": ["N/A"], "contentReferenceTime": ["N/A"], "contentLocation": ["N/A"], "character": ["N/A"], "acquireLicensePage": ["N/A"], "accessModeSufficient": ["N/A"], "about": ["N/A"], "rights": ["N/A"], "relation": ["N/A"], "qualifiedRelation": ["N/A"], "qualifiedAttribution": ["N/A"], "previousVersion": ["N/A"], "nextVersion": ["N/A"], "landingPage": ["N/A"], "isReferencedBy": ["N/A"], "hasVersion": ["N/A"], "hasPolicy": ["N/A"], "hasCurrentVersion": ["N/A"], "useConstraints": ["N/A"], "status": ["N/A"], "spatialRepresentationType": ["N/A"], "scope": ["N/A"], "purpose": ["N/A"], "otherLocale": ["N/A"], "metadataProfile": ["N/A"], "metadataLinkage": ["N/A"], "metadataIdentifier": ["N/A"], "environmentDescription": ["N/A"], "contentInfo": ["N/A"], "ResearchInfrastructure": ["LifeWatch"], "EssentialVariables": ["N/A"], "potentialTopics": ["N/A"]}