{"url": ["https://metadatacatalogue.lifewatch.eu:/geonetwork/api/records/oai:marineinfo.org:id:dataset:815"], "name": ["Data Publisher for Earth & Environmental Science"], "description": ["Pangaea is a digital library for data fromearth system research. Data sets include a metadata description with a bibliographiccitation, persistently identified using a DOI. The system is open to any project or individual scientist for data archiving and publishing. The systemis hosted by AWIandMARUM."], "datePublished": ["2021-12-02"], "language": ["en"], "creator": ["\u00c2\u00a0University of Bremen; Centre for Marine Environmental Sciences- Michael Diepenbroek "], "metadataProvider": ["\u00c2\u00a0Flanders Marine Institute(VLIZ) BEhttps://www.vliz.be"], "contact": ["\u00c2\u00a0Alfred Wegener Institute for Polar- and Marine Research- Hannes Grobe "], "associatedParty": [" pointOfContact\u00c2\u00a0University of Bremen; Centre for Marine Environmental Sciences- Robert Huber "], "licenseInformation": [" Intellectual Rights This work is licensed under a Creative Commons Attribution (CC-BY) 4.0 License .\u00c2\u00a0 "], "downloadLink": ["https://metadatacatalogue.lifewatch.eu:/srv/eng/catalog.search#/metadata/oai:marineinfo.org:id:dataset:815"], "keywords": ["Data Marine Genomics"], "geographicCoverage": ["Geographic Description World Waters"], "westBoundingCoordinate": ["N/A"], "eastBoundingCoordinate": ["N/A"], "northBoundingCoordinate": ["N/A"], "southBoundingCoordinate": ["N/A"], "dateCreated": ["N/A"], "temporalCoverageEndDate": ["N/A"], "license": ["http://www.pangaea.de"], "distribution": ["http://www.pangaea.de"], "distributionInfo": ["http://www.pangaea.de"], "identifier": ["https://metadatacatalogue.lifewatch.eu:/srv/eng/catalog.search#/metadata/oai:marineinfo.org:id:dataset:815"], "accessibilitySummary": ["N/A"], "version": ["N/A"], "temporalCoverage": ["N/A"], "publisher": ["N/A"], "spatial": ["N/A"], "citation": ["N/A"], "genre": ["N/A"], "modificationDate": ["2021-12-02"], "image": ["N/A"], "thumbnailUrl": ["N/A"], "headline": ["Data Publisher for Earth & Environmental Science"], "abstract": ["Pangaea is a digital library for data fromearth system research. Data sets include a metadata description with a bibliographiccitation, persistently identified using a DOI. The system is open to any project or individual scientist for data archiving and publishing. The systemis hosted by AWIandMARUM."], "theme": ["N/A"], "creditText": ["N/A"], "producer": ["\u00c2\u00a0University of Bremen; Centre for Marine Environmental Sciences- Michael Diepenbroek "], "author": ["\u00c2\u00a0University of Bremen; Centre for Marine Environmental Sciences- Michael Diepenbroek "], "spatialCoverage": [" World Waters"], "sponsor": ["N/A"], "size": ["N/A"], "sameAs": ["N/A"], "publication": ["N/A"], "provider": ["\u00c2\u00a0University of Bremen; Centre for Marine Environmental Sciences- Michael Diepenbroek "], "position": ["N/A"], "measurementTechnique": ["N/A"], "material": ["N/A"], "maintainer": ["N/A"], "locationCreated": ["N/A"], "issn": ["N/A"], "isPartOf": ["N/A"], "isBasedOn": ["N/A"], "isAccessibleForFree": ["N/A"], "includedInDataCatalog": ["N/A"], "editor": ["N/A"], "editEIDR": ["N/A"], "copyrightYear": ["N/A"], "copyrightNotice": ["N/A"], "copyrightHolder": ["N/A"], "contributor": ["N/A"], "contentReferenceTime": ["N/A"], "contentLocation": ["N/A"], "character": ["N/A"], "acquireLicensePage": ["N/A"], "accessModeSufficient": ["N/A"], "about": ["N/A"], "rights": ["N/A"], "relation": ["N/A"], "qualifiedRelation": ["N/A"], "qualifiedAttribution": ["N/A"], "previousVersion": ["N/A"], "nextVersion": ["N/A"], "landingPage": ["N/A"], "isReferencedBy": ["N/A"], "hasVersion": ["N/A"], "hasPolicy": ["N/A"], "hasCurrentVersion": ["N/A"], "useConstraints": ["N/A"], "status": ["N/A"], "spatialRepresentationType": ["N/A"], "scope": ["N/A"], "purpose": ["N/A"], "otherLocale": ["N/A"], "metadataProfile": ["N/A"], "metadataLinkage": ["N/A"], "metadataIdentifier": ["N/A"], "environmentDescription": ["N/A"], "contentInfo": ["N/A"], "ResearchInfrastructure": ["LifeWatch"], "EssentialVariables": ["N/A"], "potentialTopics": ["N/A"]}