{"url": ["https://metadatacatalogue.lifewatch.eu:/srv/api/records/oai:marineinfo.org:id:dataset:3077"], "name": ["Hebridean Dolphin and Whale Trust killer whale sightings 1990-2006"], "description": ["Killer whale sightings in the Hebrides Sea between 1990 and 2006."], "datePublished": ["2021-12-02"], "language": ["en"], "creator": ["\u00c2\u00a0The Hebridean Whale and DolphinTrust GB "], "metadataProvider": ["\u00c2\u00a0Flanders Marine Institute(VLIZ) BEhttps://www.vliz.be"], "contact": ["\u00c2\u00a0The Hebridean Whale and DolphinTrust- Sandra Koetter "], "associatedParty": ["N/A"], "licenseInformation": [" Intellectual Rights This work is licensed under a Creative Commons Attribution NonCommercial (CC-BY-NC) 4.0 License .\u00c2\u00a0 "], "downloadLink": ["https://metadatacatalogue.lifewatch.eu:/srv/eng/catalog.search#/metadata/oai:marineinfo.org:id:dataset:3077"], "keywords": ["Marine mammals"], "geographicCoverage": ["Geographic Description Along the West Coast ofScotland > station Along the West Coast of Scotland Bounding Box West Bounding Coordinate -7.55 East Bounding Coordinate -4.33 North Bounding Coordinate 59.06 South Bounding Coordinate 55.23"], "westBoundingCoordinate": ["-7.55"], "eastBoundingCoordinate": ["-4.33"], "northBoundingCoordinate": ["59.06"], "southBoundingCoordinate": ["55.23"], "dateCreated": ["1990-07-24"], "temporalCoverageEndDate": ["2006-09-06"], "license": ["N/A"], "distribution": ["N/A"], "distributionInfo": ["N/A"], "identifier": ["https://metadatacatalogue.lifewatch.eu:/srv/eng/catalog.search#/metadata/oai:marineinfo.org:id:dataset:3077"], "accessibilitySummary": ["N/A"], "version": ["N/A"], "temporalCoverage": ["N/A"], "publisher": ["N/A"], "spatial": ["N/A"], "citation": ["N/A"], "genre": ["N/A"], "modificationDate": ["2021-12-02"], "image": ["N/A"], "thumbnailUrl": ["N/A"], "headline": ["Hebridean Dolphin and Whale Trust killer whale sightings 1990-2006"], "abstract": ["Killer whale sightings in the Hebrides Sea between 1990 and 2006."], "theme": ["N/A"], "creditText": ["N/A"], "producer": ["\u00c2\u00a0The Hebridean Whale and DolphinTrust GB "], "author": ["\u00c2\u00a0The Hebridean Whale and DolphinTrust GB "], "spatialCoverage": [" Along the West Coast ofScotland > station Along the West Coast of Scotland Bounding Box West Bounding Coordinate -7.55 East Bounding Coordinate -4.33 North Bounding Coordinate 59.06 South Bounding Coordinate 55.23"], "sponsor": ["N/A"], "size": ["N/A"], "sameAs": ["N/A"], "publication": ["N/A"], "provider": ["\u00c2\u00a0The Hebridean Whale and DolphinTrust GB "], "position": ["N/A"], "measurementTechnique": ["N/A"], "material": ["N/A"], "maintainer": ["N/A"], "locationCreated": ["N/A"], "issn": ["N/A"], "isPartOf": ["N/A"], "isBasedOn": ["N/A"], "isAccessibleForFree": ["N/A"], "includedInDataCatalog": ["N/A"], "editor": ["N/A"], "editEIDR": ["N/A"], "copyrightYear": ["N/A"], "copyrightNotice": ["N/A"], "copyrightHolder": ["N/A"], "contributor": ["N/A"], "contentReferenceTime": ["N/A"], "contentLocation": ["N/A"], "character": ["N/A"], "acquireLicensePage": ["N/A"], "accessModeSufficient": ["N/A"], "about": ["N/A"], "rights": ["N/A"], "relation": ["N/A"], "qualifiedRelation": ["N/A"], "qualifiedAttribution": ["N/A"], "previousVersion": ["N/A"], "nextVersion": ["N/A"], "landingPage": ["N/A"], "isReferencedBy": ["N/A"], "hasVersion": ["N/A"], "hasPolicy": ["N/A"], "hasCurrentVersion": ["N/A"], "useConstraints": ["N/A"], "status": ["N/A"], "spatialRepresentationType": ["N/A"], "scope": ["N/A"], "purpose": ["N/A"], "otherLocale": ["N/A"], "metadataProfile": ["N/A"], "metadataLinkage": ["N/A"], "metadataIdentifier": ["N/A"], "environmentDescription": ["N/A"], "contentInfo": ["N/A"], "ResearchInfrastructure": ["LifeWatch"], "EssentialVariables": ["N/A"], "potentialTopics": ["N/A"]}