{"url": ["https://metadatacatalogue.lifewatch.eu:/geonetwork/api/records/oai:marineinfo.org:id:dataset:3153"], "name": ["HMAP Dataset 16: Peru, South-east Pacific"], "description": ["This dataset contains historical catch,effort and biological data relating to four demersal species fished off Peru (hake, seabass,croaker and searobin) since1950."], "datePublished": ["2021-12-02"], "language": ["en"], "creator": ["\u00c2\u00a0Instituto del Mar delPeru- Michael Ballon "], "metadataProvider": ["\u00c2\u00a0Flanders Marine Institute(VLIZ) BEhttps://www.vliz.be"], "contact": ["\u00c2\u00a0Instituto del Mar delPeru- Claudia Wosnitza-Mendo "], "associatedParty": [" contentProvider\u00c2\u00a0Instituto del Mar delPeru- Claudia Wosnitza-Mendo "], "licenseInformation": [" Intellectual Rights This work is licensed under a Creative Commons Attribution (CC-BY) 4.0 License .\u00c2\u00a0 "], "downloadLink": ["https://metadatacatalogue.lifewatch.eu:/geonetwork/eng/catalog.search#/metadata/oai:marineinfo.org:id:dataset:3153"], "keywords": ["Biological data Demersal fisheries Fish catch statistics Fishing effort Historical records"], "geographicCoverage": ["Geographic Description EurOBIS calculated BBOX > station Bounding Box Bounding Box West Bounding Coordinate -81.339500427246 East Bounding Coordinate -80.044998168945 North Bounding Coordinate -3.6600000858307 South Bounding Coordinate -7.8000001907349"], "westBoundingCoordinate": ["-81.339500427246"], "eastBoundingCoordinate": ["-80.044998168945"], "northBoundingCoordinate": ["-3.6600000858307"], "southBoundingCoordinate": ["-7.8000001907349"], "dateCreated": ["N/A"], "temporalCoverageEndDate": ["N/A"], "license": ["https://hydra.hull.ac.uk/resources/hull:2168"], "distribution": ["https://hydra.hull.ac.uk/resources/hull:2168"], "distributionInfo": ["https://hydra.hull.ac.uk/resources/hull:2168"], "identifier": ["https://metadatacatalogue.lifewatch.eu:/geonetwork/eng/catalog.search#/metadata/oai:marineinfo.org:id:dataset:3153"], "accessibilitySummary": ["N/A"], "version": ["N/A"], "temporalCoverage": ["N/A"], "publisher": ["N/A"], "spatial": ["N/A"], "citation": ["N/A"], "genre": ["N/A"], "modificationDate": ["2021-12-02"], "image": ["N/A"], "thumbnailUrl": ["N/A"], "headline": ["HMAP Dataset 16: Peru, South-east Pacific"], "abstract": ["This dataset contains historical catch,effort and biological data relating to four demersal species fished off Peru (hake, seabass,croaker and searobin) since1950."], "theme": ["N/A"], "creditText": ["N/A"], "producer": ["\u00c2\u00a0Instituto del Mar delPeru- Michael Ballon "], "author": ["\u00c2\u00a0Instituto del Mar delPeru- Michael Ballon "], "spatialCoverage": [" calculated BBOX > station Bounding Box Bounding Box West Bounding Coordinate -81.339500427246 East Bounding Coordinate -80.044998168945 North Bounding Coordinate -3.6600000858307 South Bounding Coordinate -7.8000001907349"], "sponsor": ["N/A"], "size": ["N/A"], "sameAs": ["N/A"], "publication": ["N/A"], "provider": ["\u00c2\u00a0Instituto del Mar delPeru- Michael Ballon "], "position": ["N/A"], "measurementTechnique": ["N/A"], "material": ["N/A"], "maintainer": ["N/A"], "locationCreated": ["N/A"], "issn": ["N/A"], "isPartOf": ["N/A"], "isBasedOn": ["N/A"], "isAccessibleForFree": ["N/A"], "includedInDataCatalog": ["N/A"], "editor": ["N/A"], "editEIDR": ["N/A"], "copyrightYear": ["N/A"], "copyrightNotice": ["N/A"], "copyrightHolder": ["N/A"], "contributor": ["N/A"], "contentReferenceTime": ["N/A"], "contentLocation": ["N/A"], "character": ["N/A"], "acquireLicensePage": ["N/A"], "accessModeSufficient": ["N/A"], "about": ["N/A"], "rights": ["N/A"], "relation": ["N/A"], "qualifiedRelation": ["N/A"], "qualifiedAttribution": ["N/A"], "previousVersion": ["N/A"], "nextVersion": ["N/A"], "landingPage": ["N/A"], "isReferencedBy": ["N/A"], "hasVersion": ["N/A"], "hasPolicy": ["N/A"], "hasCurrentVersion": ["N/A"], "useConstraints": ["N/A"], "status": ["N/A"], "spatialRepresentationType": ["N/A"], "scope": ["N/A"], "purpose": ["N/A"], "otherLocale": ["N/A"], "metadataProfile": ["N/A"], "metadataLinkage": ["N/A"], "metadataIdentifier": ["N/A"], "environmentDescription": ["N/A"], "contentInfo": ["N/A"], "ResearchInfrastructure": ["LifeWatch"], "EssentialVariables": ["N/A"], "potentialTopics": ["N/A"]}