{"url": ["https://metadatacatalogue.lifewatch.eu:/srv/api/records/oai:marineinfo.org:id:dataset:5830"], "name": ["Conservaci\u00c3\u00b3n y preservaci\u00c3\u00b3n de tortugas marinas"], "description": ["Original provider: CRAM-UPV Dataset credits: Data provider Seguimiento de juveniles de Tortuga boba Originating data center <a href='http://www.seaturtle.org/tracking/' target='_blank'>SatelliteTracking and Analysis Tool (STAT)</a> Project partnerUniversitat Polit\u00c3\u00a8cnica de Val\u00c3\u00a8nciaProject sponsor or sponsor descriptionFinanciaci\u00c3\u00b3n Fundaci\u00c3\u00b3n Banco Santander, Fundaci\u00c3\u00b3n CRAM, Universitat Polit\u00c3\u00a8cnica de Val\u00c3\u00a8ncia Supplemental information: <a href='http://www.seaturtle.org/tracking/index.shtml?project_id=1233' target='_new'>Visit STAT's project page</a> for additional information. This dataset is a summarized representation of the telemetry locationsaggregated per species per 1-degreecell."], "datePublished": ["2021-12-02"], "language": ["en"], "creator": ["\u00c2\u00a0Fundaci\u00c3\u00b3n para la Conservaci\u00c3\u00b3n y Recuperaci\u00c3\u00b3n de AnimalesMarinos "], "metadataProvider": ["\u00c2\u00a0Flanders Marine Institute(VLIZ) BEhttps://www.vliz.be"], "contact": ["\u00c2\u00a0Fundaci\u00c3\u00b3n para la Conservaci\u00c3\u00b3n y Recuperaci\u00c3\u00b3n de AnimalesMarinos "], "associatedParty": [" contentProvider\u00c2\u00a0Seaturtle.org "], "licenseInformation": [" Intellectual Rights This work is licensed under a Creative Commons Attribution NonCommercial (CC-BY-NC) 4.0 License .\u00c2\u00a0 "], "downloadLink": ["https://metadatacatalogue.lifewatch.eu:/geonetwork/eng/catalog.search#/metadata/oai:marineinfo.org:id:dataset:5830"], "keywords": ["Telemetry"], "geographicCoverage": ["Geographic Description AN, North Atlantic"], "westBoundingCoordinate": ["N/A"], "eastBoundingCoordinate": ["N/A"], "northBoundingCoordinate": ["N/A"], "southBoundingCoordinate": ["N/A"], "dateCreated": ["N/A"], "temporalCoverageEndDate": ["N/A"], "license": ["N/A"], "distribution": ["N/A"], "distributionInfo": ["N/A"], "identifier": ["https://metadatacatalogue.lifewatch.eu:/geonetwork/eng/catalog.search#/metadata/oai:marineinfo.org:id:dataset:5830"], "accessibilitySummary": ["N/A"], "version": ["N/A"], "temporalCoverage": ["N/A"], "publisher": ["N/A"], "spatial": ["N/A"], "citation": ["N/A"], "genre": ["N/A"], "modificationDate": ["2021-12-02"], "image": ["N/A"], "thumbnailUrl": ["N/A"], "headline": ["Conservaci\u00c3\u00b3n y preservaci\u00c3\u00b3n de tortugas marinas"], "abstract": ["Original provider: CRAM-UPV Dataset credits: Data provider Seguimiento de juveniles de Tortuga boba Originating data center <a href='http://www.seaturtle.org/tracking/' target='_blank'>SatelliteTracking and Analysis Tool (STAT)</a> Project partnerUniversitat Polit\u00c3\u00a8cnica de Val\u00c3\u00a8nciaProject sponsor or sponsor descriptionFinanciaci\u00c3\u00b3n Fundaci\u00c3\u00b3n Banco Santander, Fundaci\u00c3\u00b3n CRAM, Universitat Polit\u00c3\u00a8cnica de Val\u00c3\u00a8ncia Supplemental information: <a href='http://www.seaturtle.org/tracking/index.shtml?project_id=1233' target='_new'>Visit STAT's project page</a> for additional information. This dataset is a summarized representation of the telemetry locationsaggregated per species per 1-degreecell."], "theme": ["N/A"], "creditText": ["N/A"], "producer": ["\u00c2\u00a0Fundaci\u00c3\u00b3n para la Conservaci\u00c3\u00b3n y Recuperaci\u00c3\u00b3n de AnimalesMarinos "], "author": ["\u00c2\u00a0Fundaci\u00c3\u00b3n para la Conservaci\u00c3\u00b3n y Recuperaci\u00c3\u00b3n de AnimalesMarinos "], "spatialCoverage": [" North Atlantic"], "sponsor": ["N/A"], "size": ["N/A"], "sameAs": ["N/A"], "publication": ["N/A"], "provider": ["\u00c2\u00a0Fundaci\u00c3\u00b3n para la Conservaci\u00c3\u00b3n y Recuperaci\u00c3\u00b3n de AnimalesMarinos "], "position": ["N/A"], "measurementTechnique": ["N/A"], "material": ["N/A"], "maintainer": ["N/A"], "locationCreated": ["N/A"], "issn": ["N/A"], "isPartOf": ["N/A"], "isBasedOn": ["N/A"], "isAccessibleForFree": ["N/A"], "includedInDataCatalog": ["N/A"], "editor": ["N/A"], "editEIDR": ["N/A"], "copyrightYear": ["N/A"], "copyrightNotice": ["N/A"], "copyrightHolder": ["N/A"], "contributor": ["N/A"], "contentReferenceTime": ["N/A"], "contentLocation": ["N/A"], "character": ["N/A"], "acquireLicensePage": ["N/A"], "accessModeSufficient": ["N/A"], "about": ["N/A"], "rights": ["N/A"], "relation": ["N/A"], "qualifiedRelation": ["N/A"], "qualifiedAttribution": ["N/A"], "previousVersion": ["N/A"], "nextVersion": ["N/A"], "landingPage": ["N/A"], "isReferencedBy": ["N/A"], "hasVersion": ["N/A"], "hasPolicy": ["N/A"], "hasCurrentVersion": ["N/A"], "useConstraints": ["N/A"], "status": ["N/A"], "spatialRepresentationType": ["N/A"], "scope": ["N/A"], "purpose": ["N/A"], "otherLocale": ["N/A"], "metadataProfile": ["N/A"], "metadataLinkage": ["N/A"], "metadataIdentifier": ["N/A"], "environmentDescription": ["N/A"], "contentInfo": ["N/A"], "ResearchInfrastructure": ["LifeWatch"], "EssentialVariables": ["N/A"], "potentialTopics": ["N/A"]}