{"url": ["https://metadatacatalogue.lifewatch.eu:/geonetwork/api/records/oai:marineinfo.org:id:dataset:5837"], "name": ["Sea turtles of Dominica"], "description": ["Original provider: DomSeTCO/Oceans Forward Dataset credits: Data providerDominica Sea Turtle Conservation Organization and Oceans ForwardOriginating data center <a href='http://www.seaturtle.org/tracking/'target='_blank'>Satellite Tracking and AnalysisTool (STAT)</a> Project partner Oceans Forward: Leveragestechnology to empower communities to bring about ocean conservation. Oceans Forward supports innovative science and local actionsthat have the potential to scale up andchange the world.<br><br>"], "datePublished": ["2021-12-02"], "language": ["en"], "creator": ["\u00c2\u00a0Dominica\u00e2\u0080\u0099s Sea Turtle Conservation Organization Inc.- Bob Cooper "], "metadataProvider": ["\u00c2\u00a0Flanders Marine Institute(VLIZ) BEhttps://www.vliz.be"], "contact": ["\u00c2\u00a0Dominica\u00e2\u0080\u0099s Sea Turtle Conservation Organization Inc.- Bob Cooper "], "associatedParty": [" contentProvider\u00c2\u00a0Seaturtle.org "], "licenseInformation": [" Intellectual Rights This work is licensed under a Creative Commons Attribution NonCommercial (CC-BY-NC) 4.0 License .\u00c2\u00a0 "], "downloadLink": ["https://metadatacatalogue.lifewatch.eu:/srv/eng/catalog.search#/metadata/oai:marineinfo.org:id:dataset:5837"], "keywords": ["Observation Occurrence"], "geographicCoverage": ["Geographic Description A, North Atlantic"], "westBoundingCoordinate": ["N/A"], "eastBoundingCoordinate": ["N/A"], "northBoundingCoordinate": ["N/A"], "southBoundingCoordinate": ["N/A"], "dateCreated": ["2016-05-29"], "temporalCoverageEndDate": ["2017-07-23"], "license": ["N/A"], "distribution": ["N/A"], "distributionInfo": ["N/A"], "identifier": ["https://metadatacatalogue.lifewatch.eu:/srv/eng/catalog.search#/metadata/oai:marineinfo.org:id:dataset:5837"], "accessibilitySummary": ["N/A"], "version": ["N/A"], "temporalCoverage": ["N/A"], "publisher": ["N/A"], "spatial": ["N/A"], "citation": ["N/A"], "genre": ["N/A"], "modificationDate": ["2021-12-02"], "image": ["N/A"], "thumbnailUrl": ["N/A"], "headline": ["Sea turtles of Dominica"], "abstract": ["Original provider: DomSeTCO/Oceans Forward Dataset credits: Data providerDominica Sea Turtle Conservation Organization and Oceans ForwardOriginating data center <a href='http://www.seaturtle.org/tracking/'target='_blank'>Satellite Tracking and AnalysisTool (STAT)</a> Project partner Oceans Forward: Leveragestechnology to empower communities to bring about ocean conservation. Oceans Forward supports innovative science and local actionsthat have the potential to scale up andchange the world.<br><br>"], "theme": ["N/A"], "creditText": ["N/A"], "producer": ["\u00c2\u00a0Dominica\u00e2\u0080\u0099s Sea Turtle Conservation Organization Inc.- Bob Cooper "], "author": ["\u00c2\u00a0Dominica\u00e2\u0080\u0099s Sea Turtle Conservation Organization Inc.- Bob Cooper "], "spatialCoverage": [" A North Atlantic"], "sponsor": ["N/A"], "size": ["N/A"], "sameAs": ["N/A"], "publication": ["N/A"], "provider": ["\u00c2\u00a0Dominica\u00e2\u0080\u0099s Sea Turtle Conservation Organization Inc.- Bob Cooper "], "position": ["N/A"], "measurementTechnique": ["N/A"], "material": ["N/A"], "maintainer": ["N/A"], "locationCreated": ["N/A"], "issn": ["N/A"], "isPartOf": ["N/A"], "isBasedOn": ["N/A"], "isAccessibleForFree": ["N/A"], "includedInDataCatalog": ["N/A"], "editor": ["N/A"], "editEIDR": ["N/A"], "copyrightYear": ["N/A"], "copyrightNotice": ["N/A"], "copyrightHolder": ["N/A"], "contributor": ["N/A"], "contentReferenceTime": ["N/A"], "contentLocation": ["N/A"], "character": ["N/A"], "acquireLicensePage": ["N/A"], "accessModeSufficient": ["N/A"], "about": ["N/A"], "rights": ["N/A"], "relation": ["N/A"], "qualifiedRelation": ["N/A"], "qualifiedAttribution": ["N/A"], "previousVersion": ["N/A"], "nextVersion": ["N/A"], "landingPage": ["N/A"], "isReferencedBy": ["N/A"], "hasVersion": ["N/A"], "hasPolicy": ["N/A"], "hasCurrentVersion": ["N/A"], "useConstraints": ["N/A"], "status": ["N/A"], "spatialRepresentationType": ["N/A"], "scope": ["N/A"], "purpose": ["N/A"], "otherLocale": ["N/A"], "metadataProfile": ["N/A"], "metadataLinkage": ["N/A"], "metadataIdentifier": ["N/A"], "environmentDescription": ["N/A"], "contentInfo": ["N/A"], "ResearchInfrastructure": ["LifeWatch"], "EssentialVariables": ["N/A"], "potentialTopics": ["N/A"]}