{"url": ["https://metadatacatalogue.lifewatch.eu:/geonetwork/api/records/oai:marineinfo.org:id:dataset:6460"], "name": ["Monitored bycatch of Mustelus mustelus, Squalus acanthias, Myliobatis aquila, Pteroplatytrygon violacea and Caretta caretta in mid-water pair trawl in the northern Adriatic Sea, from 2006-2017"], "description": ["Gridded data of monitored fishing effort and relativebycatch of Mustelus mustelus, Squalus acanthias, Myliobatisaquila,Pteroplatytrygon violacea and Caretta caretta in mid-water pair trawlin the northern AdriaticSea from, 2006-2017."], "datePublished": ["2021-12-02"], "language": ["en"], "creator": ["\u00c2\u00a0Italian National Institute forEnvironmental Protection and Research- Caterina Maria Fortuna "], "metadataProvider": ["\u00c2\u00a0Flanders Marine Institute(VLIZ) BEhttps://www.vliz.be"], "contact": ["\u00c2\u00a0Flanders Marine Institute(VLIZ) BEhttps://www.vliz.be"], "associatedParty": ["N/A"], "licenseInformation": [" Intellectual Rights This work is licensed under a Creative Commons Attribution NonCommercial (CC-BY-NC) 4.0 License .\u00c2\u00a0 "], "downloadLink": ["https://metadatacatalogue.lifewatch.eu:/srv/eng/catalog.search#/metadata/oai:marineinfo.org:id:dataset:6460"], "keywords": ["Bycatches Midwater trawls"], "geographicCoverage": ["Geographic Description EurOBIS calculated BBOX > station Bounding Box Bounding Box West Bounding Coordinate 12.267194 East Bounding Coordinate 14.871194 North Bounding Coordinate 45.500556 South Bounding Coordinate 42.644556"], "westBoundingCoordinate": ["12.267194"], "eastBoundingCoordinate": ["14.871194"], "northBoundingCoordinate": ["45.500556"], "southBoundingCoordinate": ["42.644556"], "dateCreated": ["2006-01-01"], "temporalCoverageEndDate": ["2017-01-01"], "license": ["N/A"], "distribution": ["N/A"], "distributionInfo": ["N/A"], "identifier": ["https://metadatacatalogue.lifewatch.eu:/srv/eng/catalog.search#/metadata/oai:marineinfo.org:id:dataset:6460"], "accessibilitySummary": ["N/A"], "version": ["N/A"], "temporalCoverage": ["N/A"], "publisher": ["N/A"], "spatial": ["N/A"], "citation": ["N/A"], "genre": ["N/A"], "modificationDate": ["2021-12-02"], "image": ["N/A"], "thumbnailUrl": ["N/A"], "headline": ["Monitored bycatch of Mustelus mustelus, Squalus acanthias, Myliobatis aquila, Pteroplatytrygon violacea and Caretta caretta in mid-water pair trawl in the northern Adriatic Sea, from 2006-2017"], "abstract": ["Gridded data of monitored fishing effort and relativebycatch of Mustelus mustelus, Squalus acanthias, Myliobatisaquila,Pteroplatytrygon violacea and Caretta caretta in mid-water pair trawlin the northern AdriaticSea from, 2006-2017."], "theme": ["N/A"], "creditText": ["N/A"], "producer": ["\u00c2\u00a0Italian National Institute forEnvironmental Protection and Research- Caterina Maria Fortuna "], "author": ["\u00c2\u00a0Italian National Institute forEnvironmental Protection and Research- Caterina Maria Fortuna "], "spatialCoverage": [" calculated BBOX > station Bounding Box Bounding Box West Bounding Coordinate 12.267194 East Bounding Coordinate 14.871194 North Bounding Coordinate 45.500556 South Bounding Coordinate 42.644556"], "sponsor": ["N/A"], "size": ["N/A"], "sameAs": ["N/A"], "publication": ["N/A"], "provider": ["\u00c2\u00a0Italian National Institute forEnvironmental Protection and Research- Caterina Maria Fortuna "], "position": ["N/A"], "measurementTechnique": ["N/A"], "material": ["N/A"], "maintainer": ["N/A"], "locationCreated": ["N/A"], "issn": ["N/A"], "isPartOf": ["N/A"], "isBasedOn": ["N/A"], "isAccessibleForFree": ["N/A"], "includedInDataCatalog": ["N/A"], "editor": ["N/A"], "editEIDR": ["N/A"], "copyrightYear": ["N/A"], "copyrightNotice": ["N/A"], "copyrightHolder": ["N/A"], "contributor": ["N/A"], "contentReferenceTime": ["N/A"], "contentLocation": ["N/A"], "character": ["N/A"], "acquireLicensePage": ["N/A"], "accessModeSufficient": ["N/A"], "about": ["N/A"], "rights": ["N/A"], "relation": ["N/A"], "qualifiedRelation": ["N/A"], "qualifiedAttribution": ["N/A"], "previousVersion": ["N/A"], "nextVersion": ["N/A"], "landingPage": ["N/A"], "isReferencedBy": ["N/A"], "hasVersion": ["N/A"], "hasPolicy": ["N/A"], "hasCurrentVersion": ["N/A"], "useConstraints": ["N/A"], "status": ["N/A"], "spatialRepresentationType": ["N/A"], "scope": ["N/A"], "purpose": ["N/A"], "otherLocale": ["N/A"], "metadataProfile": ["N/A"], "metadataLinkage": ["N/A"], "metadataIdentifier": ["N/A"], "environmentDescription": ["N/A"], "contentInfo": ["N/A"], "ResearchInfrastructure": ["LifeWatch"], "EssentialVariables": ["N/A"], "potentialTopics": ["N/A"]}