{"url": ["https://metadatacatalogue.lifewatch.eu:/geonetwork/api/records/oai:marineinfo.org:id:dataset:6420"], "name": ["2012 University of Plymouth Jersey towed underwater video Epifauna survey"], "description": ["This dataset comprises marine epibenthos (approx. 26 identified taxa derived of Algae, Annelida, Arthropoda, Bryozoa, Chordata, Cnidaria, Echinodermata, Mollusca, Nemertea, Porifera) and associated habitat data (percentage cover maerl, sand, reef and shell) collectedduring August 2012 as part of an investigation to identify and map maerlbeds off the east coast of Jersey,Channel Islands, UK. Jersey\u00e2\u0080\u0099s coastline plays host to a rich varietyof marine life, the waters around the islandwere previously thoughtto host maerl beds althoughthe location and extentof this ecologically important habitatwas unknown. 47 transects were undertaken using a towed high definition video camera, each transect being approximately 200 x 0.5 metres. As a result of this work the maerl beds identified in south east Jersey were subsequently protected from destructive bottom towed fishingactivity."], "datePublished": ["2021-12-02"], "language": ["en"], "creator": ["\u00c2\u00a0University of Plymouth;PlymouthPolytechnic- Emma Sheehan "], "metadataProvider": ["\u00c2\u00a0Flanders Marine Institute(VLIZ) BEhttps://www.vliz.be"], "contact": ["\u00c2\u00a0Flanders Marine Institute(VLIZ) BEhttps://www.vliz.be"], "associatedParty": ["N/A"], "licenseInformation": [" Intellectual Rights This work is licensed under a Creative Commons Attribution (CC-BY) 4.0 License .\u00c2\u00a0 "], "downloadLink": ["https://metadatacatalogue.lifewatch.eu:/srv/eng/catalog.search#/metadata/oai:marineinfo.org:id:dataset:6420"], "keywords": ["Biogenic reefs Commercial species Epifauna Maerl beds Marine protected areas(MPAs) sensitive habitats Video observations"], "geographicCoverage": ["Geographic Description http://marineregions.org/mrgid/21789 > station Jersey Exclusive Economic Zone"], "westBoundingCoordinate": ["-2.006958333333"], "eastBoundingCoordinate": ["-1.865466666667"], "northBoundingCoordinate": ["49.276216666667"], "southBoundingCoordinate": ["49.119875"], "dateCreated": ["2012-08-01"], "temporalCoverageEndDate": ["2012-08-01"], "license": ["N/A"], "distribution": ["N/A"], "distributionInfo": ["N/A"], "identifier": ["https://metadatacatalogue.lifewatch.eu:/srv/eng/catalog.search#/metadata/oai:marineinfo.org:id:dataset:6420"], "accessibilitySummary": ["N/A"], "version": ["N/A"], "temporalCoverage": ["N/A"], "publisher": ["N/A"], "spatial": ["N/A"], "citation": ["N/A"], "genre": ["N/A"], "modificationDate": ["2021-12-02"], "image": ["N/A"], "thumbnailUrl": ["N/A"], "headline": ["2012 University of Plymouth Jersey towed underwater video Epifauna survey"], "abstract": ["This dataset comprises marine epibenthos (approx. 26 identified taxa derived of Algae, Annelida, Arthropoda, Bryozoa, Chordata, Cnidaria, Echinodermata, Mollusca, Nemertea, Porifera) and associated habitat data (percentage cover maerl, sand, reef and shell) collectedduring August 2012 as part of an investigation to identify and map maerlbeds off the east coast of Jersey,Channel Islands, UK. Jersey\u00e2\u0080\u0099s coastline plays host to a rich varietyof marine life, the waters around the islandwere previously thoughtto host maerl beds althoughthe location and extentof this ecologically important habitatwas unknown. 47 transects were undertaken using a towed high definition video camera, each transect being approximately 200 x 0.5 metres. As a result of this work the maerl beds identified in south east Jersey were subsequently protected from destructive bottom towed fishingactivity."], "theme": ["N/A"], "creditText": ["N/A"], "producer": ["\u00c2\u00a0University of Plymouth;PlymouthPolytechnic- Emma Sheehan "], "author": ["\u00c2\u00a0University of Plymouth;PlymouthPolytechnic- Emma Sheehan "], "spatialCoverage": [" http//marineregions.org/mrgid/21789 > station Jersey Exclusive Economic Zone"], "sponsor": ["N/A"], "size": ["N/A"], "sameAs": ["N/A"], "publication": ["N/A"], "provider": ["\u00c2\u00a0University of Plymouth;PlymouthPolytechnic- Emma Sheehan "], "position": ["N/A"], "measurementTechnique": ["N/A"], "material": ["N/A"], "maintainer": ["N/A"], "locationCreated": ["N/A"], "issn": ["N/A"], "isPartOf": ["N/A"], "isBasedOn": ["N/A"], "isAccessibleForFree": ["N/A"], "includedInDataCatalog": ["N/A"], "editor": ["N/A"], "editEIDR": ["N/A"], "copyrightYear": ["N/A"], "copyrightNotice": ["N/A"], "copyrightHolder": ["N/A"], "contributor": ["N/A"], "contentReferenceTime": ["N/A"], "contentLocation": ["N/A"], "character": ["N/A"], "acquireLicensePage": ["N/A"], "accessModeSufficient": ["N/A"], "about": ["N/A"], "rights": ["N/A"], "relation": ["N/A"], "qualifiedRelation": ["N/A"], "qualifiedAttribution": ["N/A"], "previousVersion": ["N/A"], "nextVersion": ["N/A"], "landingPage": ["N/A"], "isReferencedBy": ["N/A"], "hasVersion": ["N/A"], "hasPolicy": ["N/A"], "hasCurrentVersion": ["N/A"], "useConstraints": ["N/A"], "status": ["N/A"], "spatialRepresentationType": ["N/A"], "scope": ["N/A"], "purpose": ["N/A"], "otherLocale": ["N/A"], "metadataProfile": ["N/A"], "metadataLinkage": ["N/A"], "metadataIdentifier": ["N/A"], "environmentDescription": ["N/A"], "contentInfo": ["N/A"], "ResearchInfrastructure": ["LifeWatch"], "EssentialVariables": ["N/A"], "potentialTopics": ["N/A"]}