{"url": ["https://metadatacatalogue.lifewatch.eu:/geonetwork/api/records/oai:marineinfo.org:id:dataset:5439"], "name": ["Analysis of macrobenthos in the Southern Bight of the North Sea (1971-1972)"], "description": ["Species frequencies, density and biomass for macrobenthossampled in the SouthernBight of the North Sea betweenMay 1971 and September 1972 and sediment grain sizedata for all 60 sampling locations. Samples were taken using Van Veen grabs. The data were digitized by VLIZ fromthe original report: Govaere, J. (1978). Numeriekeanalyse van het makrobenthos in de Southern Bight (Noordzee).PhD Thesis. Rijksuniversiteit Gent: Gent. 220, 122tab. [2 delen]pp."], "datePublished": ["2021-12-02"], "language": ["en"], "creator": ["\u00c2\u00a0Universiteit Gent; Faculteit Wetenschappen; Vakgroep Biologie "], "metadataProvider": ["\u00c2\u00a0Flanders Marine Institute(VLIZ) BEhttps://www.vliz.be"], "contact": ["\u00c2\u00a0Vlaams Instituut voor de Zee BE "], "associatedParty": [" custodianSteward\u00c2\u00a0Vlaams Instituut voor de Zee BE "], "licenseInformation": [" Intellectual Rights This work is licensed under a Creative Commons Attribution (CC-BY) 4.0 License .\u00c2\u00a0 "], "downloadLink": ["https://metadatacatalogue.lifewatch.eu:/srv/eng/catalog.search#/metadata/oai:marineinfo.org:id:dataset:5439"], "keywords": ["Grain size analysis Macrobenthos Numerical analysis"], "geographicCoverage": ["Geographic Description ANE, North Sea, SouthernBight"], "westBoundingCoordinate": ["1.64722"], "eastBoundingCoordinate": ["4.55"], "northBoundingCoordinate": ["52.60833"], "southBoundingCoordinate": ["51.08889"], "dateCreated": ["1971-05-24"], "temporalCoverageEndDate": ["1972-09-28"], "license": ["N/A"], "distribution": ["N/A"], "distributionInfo": ["N/A"], "identifier": ["https://metadatacatalogue.lifewatch.eu:/srv/eng/catalog.search#/metadata/oai:marineinfo.org:id:dataset:5439"], "accessibilitySummary": ["N/A"], "version": ["N/A"], "temporalCoverage": ["N/A"], "publisher": ["N/A"], "spatial": ["N/A"], "citation": ["N/A"], "genre": ["N/A"], "modificationDate": ["2021-12-02"], "image": ["N/A"], "thumbnailUrl": ["N/A"], "headline": ["Analysis of macrobenthos in the Southern Bight of the North Sea (1971-1972)"], "abstract": ["Species frequencies, density and biomass for macrobenthossampled in the SouthernBight of the North Sea betweenMay 1971 and September 1972 and sediment grain sizedata for all 60 sampling locations. Samples were taken using Van Veen grabs. The data were digitized by VLIZ fromthe original report: Govaere, J. (1978). Numeriekeanalyse van het makrobenthos in de Southern Bight (Noordzee).PhD Thesis. Rijksuniversiteit Gent: Gent. 220, 122tab. [2 delen]pp."], "theme": ["N/A"], "creditText": ["N/A"], "producer": ["\u00c2\u00a0Universiteit Gent; Faculteit Wetenschappen; Vakgroep Biologie "], "author": ["\u00c2\u00a0Universiteit Gent; Faculteit Wetenschappen; Vakgroep Biologie "], "spatialCoverage": [" North Sea SouthernBight"], "sponsor": ["N/A"], "size": ["N/A"], "sameAs": ["N/A"], "publication": ["N/A"], "provider": ["\u00c2\u00a0Universiteit Gent; Faculteit Wetenschappen; Vakgroep Biologie "], "position": ["N/A"], "measurementTechnique": ["N/A"], "material": ["N/A"], "maintainer": ["N/A"], "locationCreated": ["N/A"], "issn": ["N/A"], "isPartOf": ["N/A"], "isBasedOn": ["N/A"], "isAccessibleForFree": ["N/A"], "includedInDataCatalog": ["N/A"], "editor": ["N/A"], "editEIDR": ["N/A"], "copyrightYear": ["N/A"], "copyrightNotice": ["N/A"], "copyrightHolder": ["N/A"], "contributor": ["N/A"], "contentReferenceTime": ["N/A"], "contentLocation": ["N/A"], "character": ["N/A"], "acquireLicensePage": ["N/A"], "accessModeSufficient": ["N/A"], "about": ["N/A"], "rights": ["N/A"], "relation": ["N/A"], "qualifiedRelation": ["N/A"], "qualifiedAttribution": ["N/A"], "previousVersion": ["N/A"], "nextVersion": ["N/A"], "landingPage": ["N/A"], "isReferencedBy": ["N/A"], "hasVersion": ["N/A"], "hasPolicy": ["N/A"], "hasCurrentVersion": ["N/A"], "useConstraints": ["N/A"], "status": ["N/A"], "spatialRepresentationType": ["N/A"], "scope": ["N/A"], "purpose": ["N/A"], "otherLocale": ["N/A"], "metadataProfile": ["N/A"], "metadataLinkage": ["N/A"], "metadataIdentifier": ["N/A"], "environmentDescription": ["N/A"], "contentInfo": ["N/A"], "ResearchInfrastructure": ["LifeWatch"], "EssentialVariables": ["N/A"], "potentialTopics": ["N/A"]}