{"url": ["https://metadatacatalogue.lifewatch.eu:/srv/api/records/oai:marineinfo.org:id:dataset:6593"], "name": ["Meiofauna of the Mar Piccolo of Taranto (Ionian Sea), 2013-2014"], "description": ["Meiofauna monitoring in the Mar Piccolo of Taranto (IonianSea, southern Italy), 2013-2014 in the framework of the Italian flagship project RITMARE. In June 2013 and April2014, sampling was carriedout at four sites by scubadivers who collectedfive virtually undisturbed sediment cores using polycarbonatesample tubes (12.7 cm I.D. with a sample area of 127 cm2). In laboratory, one sediment core was subsampled by means of 3 cut-off plastic syringes (2.7 cm I.D., surface area of 5.72 cm2, 0-10 cm top sediment) in order to obtain three pseudoreplicates for the meiofauna.Meiofaunal organisms (38\u00e2\u0080\u00931000 \u00c2\u00b5m) were extracted from sediment subsamples by sieving each pseudoreplicate and by centrifugingthe material retained by a 38 \u00ce\u00bcm mesh net with Ludox HS-40 (density of 1.15\u00e2\u0080\u00931.18 g cm\u00e2\u0088\u00923). All meiobenthic organismswere counted and taxonomically classified to the main groups under a stereomicroscope(Olympus SZX12; final magnification of 32-40x)"], "datePublished": ["2021-12-02"], "language": ["en"], "creator": ["\u00c2\u00a0National Institute of Oceanography andExperimentalGeophysics- Paola Del Negro "], "metadataProvider": ["\u00c2\u00a0Flanders Marine Institute(VLIZ) BEhttps://www.vliz.be"], "contact": ["\u00c2\u00a0National Institute of Oceanography andExperimentalGeophysics- Annalisa Franzo "], "associatedParty": ["N/A"], "licenseInformation": [" Intellectual Rights This work is licensed under a Creative Commons Attribution NonCommercial (CC-BY-NC) 4.0 License .\u00c2\u00a0 "], "downloadLink": ["https://metadatacatalogue.lifewatch.eu:/srv/eng/catalog.search#/metadata/oai:marineinfo.org:id:dataset:6593"], "keywords": ["Marine Meiobenthos"], "geographicCoverage": ["Geographic Description EurOBIS calculated BBOX > station Bounding Box Bounding Box West Bounding Coordinate 17.26055555 East Bounding Coordinate 17.29611111 North Bounding Coordinate 40.48361111 South Bounding Coordinate 40.47944444"], "westBoundingCoordinate": ["17.26055555"], "eastBoundingCoordinate": ["17.29611111"], "northBoundingCoordinate": ["40.48361111"], "southBoundingCoordinate": ["40.47944444"], "dateCreated": ["2013-06-11"], "temporalCoverageEndDate": ["2014-04-07"], "license": ["N/A"], "distribution": ["N/A"], "distributionInfo": ["N/A"], "identifier": ["https://metadatacatalogue.lifewatch.eu:/srv/eng/catalog.search#/metadata/oai:marineinfo.org:id:dataset:6593"], "accessibilitySummary": ["N/A"], "version": ["N/A"], "temporalCoverage": ["N/A"], "publisher": ["N/A"], "spatial": ["N/A"], "citation": ["N/A"], "genre": ["N/A"], "modificationDate": ["2021-12-02"], "image": ["N/A"], "thumbnailUrl": ["N/A"], "headline": ["Meiofauna of the Mar Piccolo of Taranto (Ionian Sea), 2013-2014"], "abstract": ["Meiofauna monitoring in the Mar Piccolo of Taranto (IonianSea, southern Italy), 2013-2014 in the framework of the Italian flagship project RITMARE. In June 2013 and April2014, sampling was carriedout at four sites by scubadivers who collectedfive virtually undisturbed sediment cores using polycarbonatesample tubes (12.7 cm I.D. with a sample area of 127 cm2). In laboratory, one sediment core was subsampled by means of 3 cut-off plastic syringes (2.7 cm I.D., surface area of 5.72 cm2, 0-10 cm top sediment) in order to obtain three pseudoreplicates for the meiofauna.Meiofaunal organisms (38\u00e2\u0080\u00931000 \u00c2\u00b5m) were extracted from sediment subsamples by sieving each pseudoreplicate and by centrifugingthe material retained by a 38 \u00ce\u00bcm mesh net with Ludox HS-40 (density of 1.15\u00e2\u0080\u00931.18 g cm\u00e2\u0088\u00923). All meiobenthic organismswere counted and taxonomically classified to the main groups under a stereomicroscope(Olympus SZX12; final magnification of 32-40x)"], "theme": ["N/A"], "creditText": ["N/A"], "producer": ["\u00c2\u00a0National Institute of Oceanography andExperimentalGeophysics- Paola Del Negro "], "author": ["\u00c2\u00a0National Institute of Oceanography andExperimentalGeophysics- Paola Del Negro "], "spatialCoverage": [" calculated BBOX > station Bounding Box Bounding Box West Bounding Coordinate 17.26055555 East Bounding Coordinate 17.29611111 North Bounding Coordinate 40.48361111 South Bounding Coordinate 40.47944444"], "sponsor": ["N/A"], "size": ["N/A"], "sameAs": ["N/A"], "publication": ["N/A"], "provider": ["\u00c2\u00a0National Institute of Oceanography andExperimentalGeophysics- Paola Del Negro "], "position": ["N/A"], "measurementTechnique": ["N/A"], "material": ["N/A"], "maintainer": ["N/A"], "locationCreated": ["N/A"], "issn": ["N/A"], "isPartOf": ["N/A"], "isBasedOn": ["N/A"], "isAccessibleForFree": ["N/A"], "includedInDataCatalog": ["N/A"], "editor": ["N/A"], "editEIDR": ["N/A"], "copyrightYear": ["N/A"], "copyrightNotice": ["N/A"], "copyrightHolder": ["N/A"], "contributor": ["N/A"], "contentReferenceTime": ["N/A"], "contentLocation": ["N/A"], "character": ["N/A"], "acquireLicensePage": ["N/A"], "accessModeSufficient": ["N/A"], "about": ["N/A"], "rights": ["N/A"], "relation": ["N/A"], "qualifiedRelation": ["N/A"], "qualifiedAttribution": ["N/A"], "previousVersion": ["N/A"], "nextVersion": ["N/A"], "landingPage": ["N/A"], "isReferencedBy": ["N/A"], "hasVersion": ["N/A"], "hasPolicy": ["N/A"], "hasCurrentVersion": ["N/A"], "useConstraints": ["N/A"], "status": ["N/A"], "spatialRepresentationType": ["N/A"], "scope": ["N/A"], "purpose": ["N/A"], "otherLocale": ["N/A"], "metadataProfile": ["N/A"], "metadataLinkage": ["N/A"], "metadataIdentifier": ["N/A"], "environmentDescription": ["N/A"], "contentInfo": ["N/A"], "ResearchInfrastructure": ["LifeWatch"], "EssentialVariables": ["N/A"], "potentialTopics": ["N/A"]}