{"url": ["https://metadatacatalogue.lifewatch.eu:/geonetwork/api/records/oai:marineinfo.org:id:dataset:6472"], "name": ["National Pilot Monitoring Studies Phyllophora April 2017, Improving Environmental Monitoring in the Black Sea - Phase II (EMBLAS-II), ENPI/2013/313-169, (Macrozoobenthos)"], "description": ["Macrozoobenthos data: species composition, abundance (ind/m\u00c2\u00b2),biomass (g/m\u00c2\u00b2) collected during the survey of the National Pilot MonitoringStudies Ukraine (NPMS UA) in theUkrainian waters (North-Western part of the BlackSea) in the area of the Zernov\u00e2\u0080\u0099sPhyllophora Field onboard the M/V \"AugustePiccard\" (Ukraine) in April2017"], "datePublished": ["2021-12-02"], "language": ["en"], "creator": ["\u00c2\u00a0Ukrainian scientific center of Ecology of Sea- Oleg Kachalov "], "metadataProvider": ["\u00c2\u00a0Flanders Marine Institute(VLIZ) BEhttps://www.vliz.be"], "contact": ["\u00c2\u00a0Flanders Marine Institute(VLIZ) BEhttps://www.vliz.be"], "associatedParty": ["N/A"], "licenseInformation": [" Intellectual Rights To the extent possible underlaw, the publisher has waived all rights to these data and has dedicated them to the Public Domain (CC01.0) . Users may copy, modify,distribute and use the work,including for commercial purposes, without restriction.\u00c2\u00a0 "], "downloadLink": ["https://metadatacatalogue.lifewatch.eu:/geonetwork/eng/catalog.search#/metadata/oai:marineinfo.org:id:dataset:6472"], "keywords": ["Biological monitoring Biological sampling"], "geographicCoverage": ["Geographic Description EurOBIS calculated BBOX > station Bounding Box Bounding Box West Bounding Coordinate 30.50402 East Bounding Coordinate 31.25065 North Bounding Coordinate 46.00067 South Bounding Coordinate 45.5064"], "westBoundingCoordinate": ["30.50402"], "eastBoundingCoordinate": ["31.25065"], "northBoundingCoordinate": ["46.00067"], "southBoundingCoordinate": ["45.5064"], "dateCreated": ["2017-04-11"], "temporalCoverageEndDate": ["2017-04-13"], "license": ["N/A"], "distribution": ["N/A"], "distributionInfo": ["N/A"], "identifier": ["https://metadatacatalogue.lifewatch.eu:/geonetwork/eng/catalog.search#/metadata/oai:marineinfo.org:id:dataset:6472"], "accessibilitySummary": ["N/A"], "version": ["N/A"], "temporalCoverage": ["N/A"], "publisher": ["N/A"], "spatial": ["N/A"], "citation": ["N/A"], "genre": ["N/A"], "modificationDate": ["2021-12-02"], "image": ["N/A"], "thumbnailUrl": ["N/A"], "headline": ["National Pilot Monitoring Studies Phyllophora April 2017, Improving Environmental Monitoring in the Black Sea - Phase II (EMBLAS-II), ENPI/2013/313-169, (Macrozoobenthos)"], "abstract": ["Macrozoobenthos data: species composition, abundance (ind/m\u00c2\u00b2),biomass (g/m\u00c2\u00b2) collected during the survey of the National Pilot MonitoringStudies Ukraine (NPMS UA) in theUkrainian waters (North-Western part of the BlackSea) in the area of the Zernov\u00e2\u0080\u0099sPhyllophora Field onboard the M/V \"AugustePiccard\" (Ukraine) in April2017"], "theme": ["N/A"], "creditText": ["N/A"], "producer": ["\u00c2\u00a0Ukrainian scientific center of Ecology of Sea- Oleg Kachalov "], "author": ["\u00c2\u00a0Ukrainian scientific center of Ecology of Sea- Oleg Kachalov "], "spatialCoverage": [" calculated BBOX > station Bounding Box Bounding Box West Bounding Coordinate 30.50402 East Bounding Coordinate 31.25065 North Bounding Coordinate 46.00067 South Bounding Coordinate 45.5064"], "sponsor": ["N/A"], "size": ["N/A"], "sameAs": ["N/A"], "publication": ["N/A"], "provider": ["\u00c2\u00a0Ukrainian scientific center of Ecology of Sea- Oleg Kachalov "], "position": ["N/A"], "measurementTechnique": ["N/A"], "material": ["N/A"], "maintainer": ["N/A"], "locationCreated": ["N/A"], "issn": ["N/A"], "isPartOf": ["N/A"], "isBasedOn": ["N/A"], "isAccessibleForFree": ["N/A"], "includedInDataCatalog": ["N/A"], "editor": ["N/A"], "editEIDR": ["N/A"], "copyrightYear": ["N/A"], "copyrightNotice": ["N/A"], "copyrightHolder": ["N/A"], "contributor": ["N/A"], "contentReferenceTime": ["N/A"], "contentLocation": ["N/A"], "character": ["N/A"], "acquireLicensePage": ["N/A"], "accessModeSufficient": ["N/A"], "about": ["N/A"], "rights": ["N/A"], "relation": ["N/A"], "qualifiedRelation": ["N/A"], "qualifiedAttribution": ["N/A"], "previousVersion": ["N/A"], "nextVersion": ["N/A"], "landingPage": ["N/A"], "isReferencedBy": ["N/A"], "hasVersion": ["N/A"], "hasPolicy": ["N/A"], "hasCurrentVersion": ["N/A"], "useConstraints": ["N/A"], "status": ["N/A"], "spatialRepresentationType": ["N/A"], "scope": ["N/A"], "purpose": ["N/A"], "otherLocale": ["N/A"], "metadataProfile": ["N/A"], "metadataLinkage": ["N/A"], "metadataIdentifier": ["N/A"], "environmentDescription": ["N/A"], "contentInfo": ["N/A"], "ResearchInfrastructure": ["LifeWatch"], "EssentialVariables": ["N/A"], "potentialTopics": ["N/A"]}