{"url": ["https://metadatacatalogue.lifewatch.eu:/srv/api/records/oai:marineinfo.org:id:dataset:1986"], "name": ["PIROP Northwest Atlantic 1965-1992"], "description": ["The PIROP data were collected forCanadian seabird monitoring purposes, focussing on the Canadian Atlantic, but also on other areas relevantto Canadian birds suchas waters off Peru, off WestAfrica and off Europe."], "datePublished": ["2021-12-02"], "language": ["en"], "creator": ["\u00c2\u00a0Canadian Federal Government; Environment and Climate Change Canada Canadian WildlifeService CA "], "metadataProvider": ["\u00c2\u00a0Flanders Marine Institute(VLIZ) BEhttps://www.vliz.be"], "contact": ["\u00c2\u00a0Flanders Marine Institute(VLIZ) BEhttps://www.vliz.be"], "associatedParty": ["N/A"], "licenseInformation": [" Intellectual Rights This work is licensed under a Creative Commons Attribution NonCommercial (CC-BY-NC) 4.0 License .\u00c2\u00a0 "], "downloadLink": ["https://metadatacatalogue.lifewatch.eu:/srv/eng/catalog.search#/metadata/oai:marineinfo.org:id:dataset:1986"], "keywords": ["Long-term monitoring Marine birds Monitoring"], "geographicCoverage": ["Geographic Description ANW, North WestAtlantic"], "westBoundingCoordinate": ["N/A"], "eastBoundingCoordinate": ["N/A"], "northBoundingCoordinate": ["N/A"], "southBoundingCoordinate": ["N/A"], "dateCreated": ["N/A"], "temporalCoverageEndDate": ["N/A"], "license": ["Geographic DescriptionANW, North West  Atlantic"], "distribution": ["Geographic DescriptionANW, North West  Atlantic"], "distributionInfo": ["Geographic DescriptionANW, North West  Atlantic"], "identifier": ["https://metadatacatalogue.lifewatch.eu:/srv/eng/catalog.search#/metadata/oai:marineinfo.org:id:dataset:1986"], "accessibilitySummary": ["N/A"], "version": ["N/A"], "temporalCoverage": ["N/A"], "publisher": ["N/A"], "spatial": ["N/A"], "citation": ["N/A"], "genre": ["N/A"], "modificationDate": ["2021-12-02"], "image": ["N/A"], "thumbnailUrl": ["N/A"], "headline": ["PIROP Northwest Atlantic 1965-1992"], "abstract": ["The PIROP data were collected forCanadian seabird monitoring purposes, focussing on the Canadian Atlantic, but also on other areas relevantto Canadian birds suchas waters off Peru, off WestAfrica and off Europe."], "theme": ["N/A"], "creditText": ["N/A"], "producer": ["\u00c2\u00a0Canadian Federal Government; Environment and Climate Change Canada Canadian WildlifeService CA "], "author": ["\u00c2\u00a0Canadian Federal Government; Environment and Climate Change Canada Canadian WildlifeService CA "], "spatialCoverage": [" North WestAtlantic"], "sponsor": ["N/A"], "size": ["N/A"], "sameAs": ["N/A"], "publication": ["N/A"], "provider": ["\u00c2\u00a0Canadian Federal Government; Environment and Climate Change Canada Canadian WildlifeService CA "], "position": ["N/A"], "measurementTechnique": ["N/A"], "material": ["N/A"], "maintainer": ["N/A"], "locationCreated": ["N/A"], "issn": ["N/A"], "isPartOf": ["N/A"], "isBasedOn": ["N/A"], "isAccessibleForFree": ["N/A"], "includedInDataCatalog": ["N/A"], "editor": ["N/A"], "editEIDR": ["N/A"], "copyrightYear": ["N/A"], "copyrightNotice": ["N/A"], "copyrightHolder": ["N/A"], "contributor": ["N/A"], "contentReferenceTime": ["N/A"], "contentLocation": ["N/A"], "character": ["N/A"], "acquireLicensePage": ["N/A"], "accessModeSufficient": ["N/A"], "about": ["N/A"], "rights": ["N/A"], "relation": ["N/A"], "qualifiedRelation": ["N/A"], "qualifiedAttribution": ["N/A"], "previousVersion": ["N/A"], "nextVersion": ["N/A"], "landingPage": ["N/A"], "isReferencedBy": ["N/A"], "hasVersion": ["N/A"], "hasPolicy": ["N/A"], "hasCurrentVersion": ["N/A"], "useConstraints": ["N/A"], "status": ["N/A"], "spatialRepresentationType": ["N/A"], "scope": ["N/A"], "purpose": ["N/A"], "otherLocale": ["N/A"], "metadataProfile": ["N/A"], "metadataLinkage": ["N/A"], "metadataIdentifier": ["N/A"], "environmentDescription": ["N/A"], "contentInfo": ["N/A"], "ResearchInfrastructure": ["LifeWatch"], "EssentialVariables": ["N/A"], "potentialTopics": ["N/A"]}