{"url": ["https://metadatacatalogue.lifewatch.eu:/geonetwork/api/records/oai:marineinfo.org:id:dataset:2"], "name": ["Algaebase"], "description": ["AlgaeBase is a database of information on algae thatincludes terrestrial, marine and freshwaterorganisms. At present, the data for themarine algae, particularly seaweeds, are the mostcomplete."], "datePublished": ["2006-06-20"], "language": ["en"], "creator": ["\u00c2\u00a0National University of IrelandGalway; Ryan Institute- Michael Guiry "], "metadataProvider": ["\u00c2\u00a0Flanders Marine Institute(VLIZ) BEhttps://www.vliz.be"], "contact": ["\u00c2\u00a0National University of IrelandGalway "], "associatedParty": [" publisher\u00c2\u00a0National University of IrelandGalway "], "licenseInformation": [" Intellectual Rights For more information on therestrictions, use contact information.\u00c2\u00a0 "], "downloadLink": ["https://metadatacatalogue.lifewatch.eu:/geonetwork/eng/catalog.search#/metadata/oai:marineinfo.org:id:dataset:2"], "keywords": ["Algae Classification Data Marine Genomics Species Taxonomy"], "geographicCoverage": ["Geographic Description World Waters"], "westBoundingCoordinate": ["N/A"], "eastBoundingCoordinate": ["N/A"], "northBoundingCoordinate": ["N/A"], "southBoundingCoordinate": ["N/A"], "dateCreated": ["N/A"], "temporalCoverageEndDate": ["N/A"], "license": ["N/A"], "distribution": ["N/A"], "distributionInfo": ["N/A"], "identifier": ["https://metadatacatalogue.lifewatch.eu:/geonetwork/eng/catalog.search#/metadata/oai:marineinfo.org:id:dataset:2"], "accessibilitySummary": ["N/A"], "version": ["N/A"], "temporalCoverage": ["N/A"], "publisher": ["N/A"], "spatial": ["N/A"], "citation": ["N/A"], "genre": ["N/A"], "modificationDate": ["2006-06-20"], "image": ["N/A"], "thumbnailUrl": ["N/A"], "headline": ["Algaebase"], "abstract": ["AlgaeBase is a database of information on algae thatincludes terrestrial, marine and freshwaterorganisms. At present, the data for themarine algae, particularly seaweeds, are the mostcomplete."], "theme": ["N/A"], "creditText": ["N/A"], "producer": ["\u00c2\u00a0National University of IrelandGalway; Ryan Institute- Michael Guiry "], "author": ["\u00c2\u00a0National University of IrelandGalway; Ryan Institute- Michael Guiry "], "spatialCoverage": [" World Waters"], "sponsor": ["N/A"], "size": ["N/A"], "sameAs": ["N/A"], "publication": ["N/A"], "provider": ["\u00c2\u00a0National University of IrelandGalway; Ryan Institute- Michael Guiry "], "position": ["N/A"], "measurementTechnique": ["N/A"], "material": ["N/A"], "maintainer": ["N/A"], "locationCreated": ["N/A"], "issn": ["N/A"], "isPartOf": ["N/A"], "isBasedOn": ["N/A"], "isAccessibleForFree": ["N/A"], "includedInDataCatalog": ["N/A"], "editor": ["N/A"], "editEIDR": ["N/A"], "copyrightYear": ["N/A"], "copyrightNotice": ["N/A"], "copyrightHolder": ["N/A"], "contributor": ["N/A"], "contentReferenceTime": ["N/A"], "contentLocation": ["N/A"], "character": ["N/A"], "acquireLicensePage": ["N/A"], "accessModeSufficient": ["N/A"], "about": ["N/A"], "rights": ["N/A"], "relation": ["N/A"], "qualifiedRelation": ["N/A"], "qualifiedAttribution": ["N/A"], "previousVersion": ["N/A"], "nextVersion": ["N/A"], "landingPage": ["N/A"], "isReferencedBy": ["N/A"], "hasVersion": ["N/A"], "hasPolicy": ["N/A"], "hasCurrentVersion": ["N/A"], "useConstraints": ["N/A"], "status": ["N/A"], "spatialRepresentationType": ["N/A"], "scope": ["N/A"], "purpose": ["N/A"], "otherLocale": ["N/A"], "metadataProfile": ["N/A"], "metadataLinkage": ["N/A"], "metadataIdentifier": ["N/A"], "environmentDescription": ["N/A"], "contentInfo": ["N/A"], "ResearchInfrastructure": ["LifeWatch"], "EssentialVariables": ["N/A"], "potentialTopics": ["N/A"]}