{"url": ["https://metadatacatalogue.lifewatch.eu:/geonetwork/api/records/oai:marineinfo.org:id:dataset:5708"], "name": ["Subtidal hyperbenthos monitoring in function of a foreshore suppletion at the Belgian coast, period 2013-2016"], "description": ["What ecological effects does a foreshore suppletion, and abeach suppletion, have on the marine ecosystem in the intertidal and shallow surfzone (<6 m depth)? The foreshoresuppletion (400.000m\u00c2\u00b3) was bymeans of an experimental set-up in the shallow coastalzone (-1 to -2m TAW) of Mariakerke. Beside it,a beach nourishment was conducted at Mariakerke (681243m\u00c2\u00b3)and Middelkerke (968754m\u00c2\u00b3). For the Mariakerke area, we collectbiological and sedimentological samples in the impactarea and in a control area (Bredene), before as after the suppletion,whereas for Middelkerke only the data after suppletion was part of the study. We monitor the marine ecosystem with a focus on the fauna within thesediment (macrofauna) and on the sediment(hyperbenthos, epi- and demersal fish fauna) in theintertidal zone and subtidalzone. In both studies, thesubtidal area is the zonebetween the low water line andthe 6m depth line and the intertdial area is the zone between low and high tide waterline."], "datePublished": ["2021-12-02"], "language": ["en"], "creator": ["\u00c2\u00a0Vlaamse overheid; Beleidsdomein Landbouw enVisserij; Instituut voor landbouw- , visserij en voedingsonderzoek; Kenniseenheid: Dier; Aquatisch Milieu en Kwaliteit "], "metadataProvider": ["\u00c2\u00a0Flanders Marine Institute(VLIZ) BEhttps://www.vliz.be"], "contact": ["\u00c2\u00a0Vlaamse overheid; Beleidsdomein Landbouw en Visserij;Instituut voor landbouw-, visserij en voedingsonderzoek- Gert Van Hoey "], "associatedParty": [" contentProvider\u00c2\u00a0Vlaamse overheid; Beleidsdomein Landbouw en Visserij;Instituut voor landbouw-, visserij en voedingsonderzoek "], "licenseInformation": [" Intellectual Rights This work is licensed under a Creative Commons Attribution NonCommercial (CC-BY-NC) 4.0 License .\u00c2\u00a0 "], "downloadLink": ["https://metadatacatalogue.lifewatch.eu:/srv/eng/catalog.search#/metadata/oai:marineinfo.org:id:dataset:5708"], "keywords": ["Coastal defences foreshore suppletion Hyperbenthos"], "geographicCoverage": ["Geographic Description ANE, Belgium, Belgian ContinentalShelf (BCS) > stationbelgian"], "westBoundingCoordinate": ["2.8689991331831"], "eastBoundingCoordinate": ["2.9594996420274"], "northBoundingCoordinate": ["51.264665204901"], "southBoundingCoordinate": ["51.223000181267"], "dateCreated": ["2013-01-01"], "temporalCoverageEndDate": ["2016-01-01"], "license": ["N/A"], "distribution": ["N/A"], "distributionInfo": ["N/A"], "identifier": ["https://metadatacatalogue.lifewatch.eu:/srv/eng/catalog.search#/metadata/oai:marineinfo.org:id:dataset:5708"], "accessibilitySummary": ["N/A"], "version": ["N/A"], "temporalCoverage": ["N/A"], "publisher": ["N/A"], "spatial": ["N/A"], "citation": ["N/A"], "genre": ["N/A"], "modificationDate": ["2021-12-02"], "image": ["N/A"], "thumbnailUrl": ["N/A"], "headline": ["Subtidal hyperbenthos monitoring in function of a foreshore suppletion at the Belgian coast, period 2013-2016"], "abstract": ["What ecological effects does a foreshore suppletion, and abeach suppletion, have on the marine ecosystem in the intertidal and shallow surfzone (<6 m depth)? The foreshoresuppletion (400.000m\u00c2\u00b3) was bymeans of an experimental set-up in the shallow coastalzone (-1 to -2m TAW) of Mariakerke. Beside it,a beach nourishment was conducted at Mariakerke (681243m\u00c2\u00b3)and Middelkerke (968754m\u00c2\u00b3). For the Mariakerke area, we collectbiological and sedimentological samples in the impactarea and in a control area (Bredene), before as after the suppletion,whereas for Middelkerke only the data after suppletion was part of the study. We monitor the marine ecosystem with a focus on the fauna within thesediment (macrofauna) and on the sediment(hyperbenthos, epi- and demersal fish fauna) in theintertidal zone and subtidalzone. In both studies, thesubtidal area is the zonebetween the low water line andthe 6m depth line and the intertdial area is the zone between low and high tide waterline."], "theme": ["N/A"], "creditText": ["N/A"], "producer": ["\u00c2\u00a0Vlaamse overheid; Beleidsdomein Landbouw enVisserij; Instituut voor landbouw- , visserij en voedingsonderzoek; Kenniseenheid: Dier; Aquatisch Milieu en Kwaliteit "], "author": ["\u00c2\u00a0Vlaamse overheid; Beleidsdomein Landbouw enVisserij; Instituut voor landbouw- , visserij en voedingsonderzoek; Kenniseenheid: Dier; Aquatisch Milieu en Kwaliteit "], "spatialCoverage": [" Belgium Belgian ContinentalShelf (BCS) > stationbelgian"], "sponsor": ["N/A"], "size": ["N/A"], "sameAs": ["N/A"], "publication": ["N/A"], "provider": ["\u00c2\u00a0Vlaamse overheid; Beleidsdomein Landbouw enVisserij; Instituut voor landbouw- , visserij en voedingsonderzoek; Kenniseenheid: Dier; Aquatisch Milieu en Kwaliteit "], "position": ["N/A"], "measurementTechnique": ["N/A"], "material": ["N/A"], "maintainer": ["N/A"], "locationCreated": ["N/A"], "issn": ["N/A"], "isPartOf": ["N/A"], "isBasedOn": ["N/A"], "isAccessibleForFree": ["N/A"], "includedInDataCatalog": ["N/A"], "editor": ["N/A"], "editEIDR": ["N/A"], "copyrightYear": ["N/A"], "copyrightNotice": ["N/A"], "copyrightHolder": ["N/A"], "contributor": ["N/A"], "contentReferenceTime": ["N/A"], "contentLocation": ["N/A"], "character": ["N/A"], "acquireLicensePage": ["N/A"], "accessModeSufficient": ["N/A"], "about": ["N/A"], "rights": ["N/A"], "relation": ["N/A"], "qualifiedRelation": ["N/A"], "qualifiedAttribution": ["N/A"], "previousVersion": ["N/A"], "nextVersion": ["N/A"], "landingPage": ["N/A"], "isReferencedBy": ["N/A"], "hasVersion": ["N/A"], "hasPolicy": ["N/A"], "hasCurrentVersion": ["N/A"], "useConstraints": ["N/A"], "status": ["N/A"], "spatialRepresentationType": ["N/A"], "scope": ["N/A"], "purpose": ["N/A"], "otherLocale": ["N/A"], "metadataProfile": ["N/A"], "metadataLinkage": ["N/A"], "metadataIdentifier": ["N/A"], "environmentDescription": ["N/A"], "contentInfo": ["N/A"], "ResearchInfrastructure": ["LifeWatch"], "EssentialVariables": ["N/A"], "potentialTopics": ["N/A"]}