{"url": ["https://metadatacatalogue.lifewatch.eu:/geonetwork/api/records/oai:marineinfo.org:id:dataset:24"], "name": ["Dispersal of pelagic organisms of the Belgian Continental Shelf"], "description": ["Study of the dispersion and dispersalmechanisms of pelagic keyspecies on the Belgian Continental Shelf (BCS). Thefocus of the dataset is on those species that have a pelagic life-style or have pelagiclarvae, mainly clupeidae. The Belgian coastal waters are internationally very important areas for a number of sea and coastal birds. Studying thedistribution patterns of the possible food sources (i.c. Pelagic fish) of these birds will lead to a better understanding of their spatialdistributionpatterns. Sampling is done with theZeeleeuw R.V. Underway data is registrated in MIDAS."], "datePublished": ["2021-12-02"], "language": ["en"], "creator": ["\u00c2\u00a0Universiteit Gent; Faculteit Wetenschappen; Vakgroep Biologie; Onderzoeksgroep Mariene Biologie- Hendrik Gheerardyn "], "metadataProvider": ["\u00c2\u00a0Flanders Marine Institute(VLIZ) BEhttps://www.vliz.be"], "contact": ["\u00c2\u00a0Universiteit Gent; Faculteit Wetenschappen; Vakgroep Biologie; Onderzoeksgroep Mariene Biologie- Karen Rapp\u00c3\u00a9 "], "associatedParty": [" custodianSteward\u00c2\u00a0Universiteit Gent; Faculteit Wetenschappen; Vakgroep Biologie; Onderzoeksgroep Mariene Biologie- Hendrik Gheerardyn "], "licenseInformation": [" Intellectual Rights This work is licensed under a Creative Commons Attribution (CC-BY) 4.0 License .\u00c2\u00a0 "], "downloadLink": ["https://metadatacatalogue.lifewatch.eu:/srv/eng/catalog.search#/metadata/oai:marineinfo.org:id:dataset:24"], "keywords": ["Belgian continentalshelf Birds Data Dispersal phenomena Fish Marine Genomics Pelagic fisheries"], "geographicCoverage": ["Geographic Description EurOBIS calculated BBOX > station Bounding Box Bounding Box West Bounding Coordinate 2.5833332538605 East Bounding Coordinate 3.2200000286102 North Bounding Coordinate 51.434391021729 South Bounding Coordinate 51.12183380127"], "westBoundingCoordinate": ["2.5833332538605"], "eastBoundingCoordinate": ["3.2200000286102"], "northBoundingCoordinate": ["51.434391021729"], "southBoundingCoordinate": ["51.12183380127"], "dateCreated": ["2002-09-30"], "temporalCoverageEndDate": ["2004-02-01"], "license": ["N/A"], "distribution": ["N/A"], "distributionInfo": ["N/A"], "identifier": ["https://metadatacatalogue.lifewatch.eu:/srv/eng/catalog.search#/metadata/oai:marineinfo.org:id:dataset:24"], "accessibilitySummary": ["N/A"], "version": ["N/A"], "temporalCoverage": ["N/A"], "publisher": ["N/A"], "spatial": ["N/A"], "citation": ["N/A"], "genre": ["N/A"], "modificationDate": ["2021-12-02"], "image": ["N/A"], "thumbnailUrl": ["N/A"], "headline": ["Dispersal of pelagic organisms of the Belgian Continental Shelf"], "abstract": ["Study of the dispersion and dispersalmechanisms of pelagic keyspecies on the Belgian Continental Shelf (BCS). Thefocus of the dataset is on those species that have a pelagic life-style or have pelagiclarvae, mainly clupeidae. The Belgian coastal waters are internationally very important areas for a number of sea and coastal birds. Studying thedistribution patterns of the possible food sources (i.c. Pelagic fish) of these birds will lead to a better understanding of their spatialdistributionpatterns. Sampling is done with theZeeleeuw R.V. Underway data is registrated in MIDAS."], "theme": ["N/A"], "creditText": ["N/A"], "producer": ["\u00c2\u00a0Universiteit Gent; Faculteit Wetenschappen; Vakgroep Biologie; Onderzoeksgroep Mariene Biologie- Hendrik Gheerardyn "], "author": ["\u00c2\u00a0Universiteit Gent; Faculteit Wetenschappen; Vakgroep Biologie; Onderzoeksgroep Mariene Biologie- Hendrik Gheerardyn "], "spatialCoverage": [" calculated BBOX > station Bounding Box Bounding Box West Bounding Coordinate 2.5833332538605 East Bounding Coordinate 3.2200000286102 North Bounding Coordinate 51.434391021729 South Bounding Coordinate 51.12183380127"], "sponsor": ["N/A"], "size": ["N/A"], "sameAs": ["N/A"], "publication": ["N/A"], "provider": ["\u00c2\u00a0Universiteit Gent; Faculteit Wetenschappen; Vakgroep Biologie; Onderzoeksgroep Mariene Biologie- Hendrik Gheerardyn "], "position": ["N/A"], "measurementTechnique": ["N/A"], "material": ["N/A"], "maintainer": ["N/A"], "locationCreated": ["N/A"], "issn": ["N/A"], "isPartOf": ["N/A"], "isBasedOn": ["N/A"], "isAccessibleForFree": ["N/A"], "includedInDataCatalog": ["N/A"], "editor": ["N/A"], "editEIDR": ["N/A"], "copyrightYear": ["N/A"], "copyrightNotice": ["N/A"], "copyrightHolder": ["N/A"], "contributor": ["N/A"], "contentReferenceTime": ["N/A"], "contentLocation": ["N/A"], "character": ["N/A"], "acquireLicensePage": ["N/A"], "accessModeSufficient": ["N/A"], "about": ["N/A"], "rights": ["N/A"], "relation": ["N/A"], "qualifiedRelation": ["N/A"], "qualifiedAttribution": ["N/A"], "previousVersion": ["N/A"], "nextVersion": ["N/A"], "landingPage": ["N/A"], "isReferencedBy": ["N/A"], "hasVersion": ["N/A"], "hasPolicy": ["N/A"], "hasCurrentVersion": ["N/A"], "useConstraints": ["N/A"], "status": ["N/A"], "spatialRepresentationType": ["N/A"], "scope": ["N/A"], "purpose": ["N/A"], "otherLocale": ["N/A"], "metadataProfile": ["N/A"], "metadataLinkage": ["N/A"], "metadataIdentifier": ["N/A"], "environmentDescription": ["N/A"], "contentInfo": ["N/A"], "ResearchInfrastructure": ["LifeWatch"], "EssentialVariables": ["N/A"], "potentialTopics": ["N/A"]}