{"url": ["https://metadatacatalogue.lifewatch.eu:/geonetwork/api/records/oai:marineinfo.org:id:dataset:3222"], "name": ["Monitoring of the intertidal biodiversity of rocky beaches with schools in Portugal 2005-2010"], "description": ["Biodiversity data collected twice a yearbyschools along a fixed transect in the intertidalarea, Portugal 2005-2010."], "datePublished": ["2021-12-02"], "language": ["en"], "creator": ["\u00c2\u00a0University of Porto Interdisciplinary Centre for Marine and Environmental Research(Porto) PT "], "metadataProvider": ["\u00c2\u00a0Flanders Marine Institute(VLIZ) BEhttps://www.vliz.be"], "contact": ["\u00c2\u00a0University of Porto; Interdisciplinary Centre for Marine and Environmental Research(Porto)- Carla Domingues "], "associatedParty": [" contentProvider\u00c2\u00a0University of Porto; Interdisciplinary Centre for Marine and Environmental Research(Porto)- Francisco Arenas Parra "], "licenseInformation": [" Intellectual Rights This work is licensed under a Creative Commons Attribution (CC-BY) 4.0 License .\u00c2\u00a0 "], "downloadLink": ["https://metadatacatalogue.lifewatch.eu:/geonetwork/eng/catalog.search#/metadata/oai:marineinfo.org:id:dataset:3222"], "keywords": ["Algae Benthos Data Intertidal environment Intertidal zonation Marine Genomics"], "geographicCoverage": ["Geographic Description ANE, Portugal"], "westBoundingCoordinate": ["-8.8775"], "eastBoundingCoordinate": ["-8.64667"], "northBoundingCoordinate": ["41.740278"], "southBoundingCoordinate": ["41.02611"], "dateCreated": ["2005-06-15"], "temporalCoverageEndDate": ["2010-08-10"], "license": ["N/A"], "distribution": ["N/A"], "distributionInfo": ["N/A"], "identifier": ["https://metadatacatalogue.lifewatch.eu:/geonetwork/eng/catalog.search#/metadata/oai:marineinfo.org:id:dataset:3222"], "accessibilitySummary": ["N/A"], "version": ["N/A"], "temporalCoverage": ["N/A"], "publisher": ["N/A"], "spatial": ["N/A"], "citation": ["N/A"], "genre": ["N/A"], "modificationDate": ["2021-12-02"], "image": ["N/A"], "thumbnailUrl": ["N/A"], "headline": ["Monitoring of the intertidal biodiversity of rocky beaches with schools in Portugal 2005-2010"], "abstract": ["Biodiversity data collected twice a yearbyschools along a fixed transect in the intertidalarea, Portugal 2005-2010."], "theme": ["N/A"], "creditText": ["N/A"], "producer": ["\u00c2\u00a0University of Porto Interdisciplinary Centre for Marine and Environmental Research(Porto) PT "], "author": ["\u00c2\u00a0University of Porto Interdisciplinary Centre for Marine and Environmental Research(Porto) PT "], "spatialCoverage": [" Portugal"], "sponsor": ["N/A"], "size": ["N/A"], "sameAs": ["N/A"], "publication": ["N/A"], "provider": ["\u00c2\u00a0University of Porto Interdisciplinary Centre for Marine and Environmental Research(Porto) PT "], "position": ["N/A"], "measurementTechnique": ["N/A"], "material": ["N/A"], "maintainer": ["N/A"], "locationCreated": ["N/A"], "issn": ["N/A"], "isPartOf": ["N/A"], "isBasedOn": ["N/A"], "isAccessibleForFree": ["N/A"], "includedInDataCatalog": ["N/A"], "editor": ["N/A"], "editEIDR": ["N/A"], "copyrightYear": ["N/A"], "copyrightNotice": ["N/A"], "copyrightHolder": ["N/A"], "contributor": ["N/A"], "contentReferenceTime": ["N/A"], "contentLocation": ["N/A"], "character": ["N/A"], "acquireLicensePage": ["N/A"], "accessModeSufficient": ["N/A"], "about": ["N/A"], "rights": ["N/A"], "relation": ["N/A"], "qualifiedRelation": ["N/A"], "qualifiedAttribution": ["N/A"], "previousVersion": ["N/A"], "nextVersion": ["N/A"], "landingPage": ["N/A"], "isReferencedBy": ["N/A"], "hasVersion": ["N/A"], "hasPolicy": ["N/A"], "hasCurrentVersion": ["N/A"], "useConstraints": ["N/A"], "status": ["N/A"], "spatialRepresentationType": ["N/A"], "scope": ["N/A"], "purpose": ["N/A"], "otherLocale": ["N/A"], "metadataProfile": ["N/A"], "metadataLinkage": ["N/A"], "metadataIdentifier": ["N/A"], "environmentDescription": ["N/A"], "contentInfo": ["N/A"], "ResearchInfrastructure": ["LifeWatch"], "EssentialVariables": ["N/A"], "potentialTopics": ["N/A"]}