{"url": ["https://metadatacatalogue.lifewatch.eu:/srv/api/records/oai:marineinfo.org:id:dataset:2968"], "name": ["Gelatinous macrozooplankton abundance and biomass in Sevastopol Bay and inshore waters off the Crimean Coasts of the Black Sea"], "description": ["The dataset contains the monitoring data on abundance and biomass of four gelatinous zooplankton species(<i>Mnemiopsis leidyi, Beroe ovata, Aureliaaurita,Pleurobrachia pileus</i>) from January2000 to December 2011 in Sevastopol Bay and inshore watersoff the Crimeancoast (about 2500 records). Gelatinouszooplankton was collected at 5 stations inSevastopol Bay and 3 stations in inshorewaters near Sevastopol."], "datePublished": ["2021-12-02"], "language": ["en"], "creator": ["\u00c2\u00a0National Academy of Sciences of UkraineInstitute of Biology of the Southern Seas UA "], "metadataProvider": ["\u00c2\u00a0Flanders Marine Institute(VLIZ) BEhttps://www.vliz.be"], "contact": ["\u00c2\u00a0National Academy of Sciences ofUkraine;Institute of Biology of the Southern Seas- Galyna Finenko "], "associatedParty": [" custodianSteward\u00c2\u00a0National Academy of Sciences ofUkraine;Institute of Biology of the Southern Seas- Galina Abolmasova "], "licenseInformation": [" Intellectual Rights This work is licensed under a Creative Commons Attribution (CC-BY) 4.0 License .\u00c2\u00a0 "], "downloadLink": ["https://metadatacatalogue.lifewatch.eu:/srv/eng/catalog.search#/metadata/oai:marineinfo.org:id:dataset:2968"], "keywords": ["Inshore waters"], "geographicCoverage": ["Geographic Description EurOBIS calculated BBOX > station Bounding Box Bounding Box West Bounding Coordinate 33.44 East Bounding Coordinate 33.58 North Bounding Coordinate 44.62 South Bounding Coordinate 44.59"], "westBoundingCoordinate": ["33.44"], "eastBoundingCoordinate": ["33.58"], "northBoundingCoordinate": ["44.62"], "southBoundingCoordinate": ["44.59"], "dateCreated": ["2000-01-26"], "temporalCoverageEndDate": ["2011-12-14"], "license": ["N/A"], "distribution": ["N/A"], "distributionInfo": ["N/A"], "identifier": ["https://metadatacatalogue.lifewatch.eu:/srv/eng/catalog.search#/metadata/oai:marineinfo.org:id:dataset:2968"], "accessibilitySummary": ["N/A"], "version": ["N/A"], "temporalCoverage": ["N/A"], "publisher": ["N/A"], "spatial": ["N/A"], "citation": ["N/A"], "genre": ["N/A"], "modificationDate": ["2021-12-02"], "image": ["N/A"], "thumbnailUrl": ["N/A"], "headline": ["Gelatinous macrozooplankton abundance and biomass in Sevastopol Bay and inshore waters off the Crimean Coasts of the Black Sea"], "abstract": ["The dataset contains the monitoring data on abundance and biomass of four gelatinous zooplankton species(<i>Mnemiopsis leidyi, Beroe ovata, Aureliaaurita,Pleurobrachia pileus</i>) from January2000 to December 2011 in Sevastopol Bay and inshore watersoff the Crimeancoast (about 2500 records). Gelatinouszooplankton was collected at 5 stations inSevastopol Bay and 3 stations in inshorewaters near Sevastopol."], "theme": ["N/A"], "creditText": ["N/A"], "producer": ["\u00c2\u00a0National Academy of Sciences of UkraineInstitute of Biology of the Southern Seas UA "], "author": ["\u00c2\u00a0National Academy of Sciences of UkraineInstitute of Biology of the Southern Seas UA "], "spatialCoverage": [" calculated BBOX > station Bounding Box Bounding Box West Bounding Coordinate 33.44 East Bounding Coordinate 33.58 North Bounding Coordinate 44.62 South Bounding Coordinate 44.59"], "sponsor": ["N/A"], "size": ["N/A"], "sameAs": ["N/A"], "publication": ["N/A"], "provider": ["\u00c2\u00a0National Academy of Sciences of UkraineInstitute of Biology of the Southern Seas UA "], "position": ["N/A"], "measurementTechnique": ["N/A"], "material": ["N/A"], "maintainer": ["N/A"], "locationCreated": ["N/A"], "issn": ["N/A"], "isPartOf": ["N/A"], "isBasedOn": ["N/A"], "isAccessibleForFree": ["N/A"], "includedInDataCatalog": ["N/A"], "editor": ["N/A"], "editEIDR": ["N/A"], "copyrightYear": ["N/A"], "copyrightNotice": ["N/A"], "copyrightHolder": ["N/A"], "contributor": ["N/A"], "contentReferenceTime": ["N/A"], "contentLocation": ["N/A"], "character": ["N/A"], "acquireLicensePage": ["N/A"], "accessModeSufficient": ["N/A"], "about": ["N/A"], "rights": ["N/A"], "relation": ["N/A"], "qualifiedRelation": ["N/A"], "qualifiedAttribution": ["N/A"], "previousVersion": ["N/A"], "nextVersion": ["N/A"], "landingPage": ["N/A"], "isReferencedBy": ["N/A"], "hasVersion": ["N/A"], "hasPolicy": ["N/A"], "hasCurrentVersion": ["N/A"], "useConstraints": ["N/A"], "status": ["N/A"], "spatialRepresentationType": ["N/A"], "scope": ["N/A"], "purpose": ["N/A"], "otherLocale": ["N/A"], "metadataProfile": ["N/A"], "metadataLinkage": ["N/A"], "metadataIdentifier": ["N/A"], "environmentDescription": ["N/A"], "contentInfo": ["N/A"], "ResearchInfrastructure": ["LifeWatch"], "EssentialVariables": ["N/A"], "potentialTopics": ["N/A"]}