{"url": ["https://metadatacatalogue.lifewatch.eu:/geonetwork/api/records/oai:marineinfo.org:id:dataset:4449"], "name": ["Epibenthos and demersal fish monitoring data in function of wind energy development in the Belgian part of the North Sea"], "description": ["Epibenthos and demersal fish monitoring in functionof wind energy development. Trawl samples were taken within the wind farms (between the turbine rows,just outside the edges of the concessions andat reference stations"], "datePublished": ["2021-12-02"], "language": ["en"], "creator": ["\u00c2\u00a0Vlaamse overheid; Beleidsdomein Landbouw en Visserij;Instituut voor landbouw- , visserij en voedingsonderzoek; Kenniseenheid: Dier; Aquatisch Milieu en Kwaliteit; Biologisch milieuonderzoeksgroep "], "metadataProvider": ["\u00c2\u00a0Flanders Marine Institute(VLIZ) BEhttps://www.vliz.be"], "contact": ["\u00c2\u00a0Vlaamse overheid; Beleidsdomein Landbouw en Visserij;Instituut voor landbouw- , visserij en voedingsonderzoek; Kenniseenheid: Dier; Aquatisch Milieu en Kwaliteit; Biologisch milieuonderzoeksgroep- Kristian (Kris) Hostens "], "associatedParty": [" pointOfContact\u00c2\u00a0Vlaamse overheid; Beleidsdomein Landbouw en Visserij;Instituut voor landbouw- , visserij en voedingsonderzoek; Kenniseenheid: Dier; Aquatisch Milieu en Kwaliteit; Biologisch milieuonderzoeksgroep- Gert Van Hoey "], "licenseInformation": [" Intellectual Rights This work is licensed under a Creative Commons Attribution (CC-BY) 4.0 License .\u00c2\u00a0 "], "downloadLink": ["https://metadatacatalogue.lifewatch.eu:/srv/eng/catalog.search#/metadata/oai:marineinfo.org:id:dataset:4449"], "keywords": ["Epibenthos Fish Offshore wind farms"], "geographicCoverage": ["Geographic Description ANE, Belgium, Belgian Continental Shelf (BCS)"], "westBoundingCoordinate": ["2.5376652510402"], "eastBoundingCoordinate": ["3.039800775852"], "northBoundingCoordinate": ["51.679500152829"], "southBoundingCoordinate": ["51.326180097478"], "dateCreated": ["N/A"], "temporalCoverageEndDate": ["N/A"], "license": ["N/A"], "distribution": ["N/A"], "distributionInfo": ["N/A"], "identifier": ["https://metadatacatalogue.lifewatch.eu:/srv/eng/catalog.search#/metadata/oai:marineinfo.org:id:dataset:4449"], "accessibilitySummary": ["N/A"], "version": ["N/A"], "temporalCoverage": ["N/A"], "publisher": ["N/A"], "spatial": ["N/A"], "citation": ["N/A"], "genre": ["N/A"], "modificationDate": ["2021-12-02"], "image": ["N/A"], "thumbnailUrl": ["N/A"], "headline": ["Epibenthos and demersal fish monitoring data in function of wind energy development in the Belgian part of the North Sea"], "abstract": ["Epibenthos and demersal fish monitoring in functionof wind energy development. Trawl samples were taken within the wind farms (between the turbine rows,just outside the edges of the concessions andat reference stations"], "theme": ["N/A"], "creditText": ["N/A"], "producer": ["\u00c2\u00a0Vlaamse overheid; Beleidsdomein Landbouw en Visserij;Instituut voor landbouw- , visserij en voedingsonderzoek; Kenniseenheid: Dier; Aquatisch Milieu en Kwaliteit; Biologisch milieuonderzoeksgroep "], "author": ["\u00c2\u00a0Vlaamse overheid; Beleidsdomein Landbouw en Visserij;Instituut voor landbouw- , visserij en voedingsonderzoek; Kenniseenheid: Dier; Aquatisch Milieu en Kwaliteit; Biologisch milieuonderzoeksgroep "], "spatialCoverage": [" Belgium Belgian Continental Shelf (BCS)"], "sponsor": ["N/A"], "size": ["N/A"], "sameAs": ["N/A"], "publication": ["N/A"], "provider": ["\u00c2\u00a0Vlaamse overheid; Beleidsdomein Landbouw en Visserij;Instituut voor landbouw- , visserij en voedingsonderzoek; Kenniseenheid: Dier; Aquatisch Milieu en Kwaliteit; Biologisch milieuonderzoeksgroep "], "position": ["N/A"], "measurementTechnique": ["N/A"], "material": ["N/A"], "maintainer": ["N/A"], "locationCreated": ["N/A"], "issn": ["N/A"], "isPartOf": ["N/A"], "isBasedOn": ["N/A"], "isAccessibleForFree": ["N/A"], "includedInDataCatalog": ["N/A"], "editor": ["N/A"], "editEIDR": ["N/A"], "copyrightYear": ["N/A"], "copyrightNotice": ["N/A"], "copyrightHolder": ["N/A"], "contributor": ["N/A"], "contentReferenceTime": ["N/A"], "contentLocation": ["N/A"], "character": ["N/A"], "acquireLicensePage": ["N/A"], "accessModeSufficient": ["N/A"], "about": ["N/A"], "rights": ["N/A"], "relation": ["N/A"], "qualifiedRelation": ["N/A"], "qualifiedAttribution": ["N/A"], "previousVersion": ["N/A"], "nextVersion": ["N/A"], "landingPage": ["N/A"], "isReferencedBy": ["N/A"], "hasVersion": ["N/A"], "hasPolicy": ["N/A"], "hasCurrentVersion": ["N/A"], "useConstraints": ["N/A"], "status": ["N/A"], "spatialRepresentationType": ["N/A"], "scope": ["N/A"], "purpose": ["N/A"], "otherLocale": ["N/A"], "metadataProfile": ["N/A"], "metadataLinkage": ["N/A"], "metadataIdentifier": ["N/A"], "environmentDescription": ["N/A"], "contentInfo": ["N/A"], "ResearchInfrastructure": ["LifeWatch"], "EssentialVariables": ["N/A"], "potentialTopics": ["N/A"]}