{"url": ["https://metadatacatalogue.lifewatch.eu:/srv/api/records/oai:marineinfo.org:id:dataset:4870"], "name": ["Visual sightings from Song of the Whale 1993-2013"], "description": ["Databases of visual sightings from the IFAW Song of the Whale vesselfrom 1993 to 2013 were mergedinto one dataset. Attributes recorded in these databases may differ. Since GPS datawould become too huge to effectivelyvisualize online, every 10th record was extracted. All GPS data can be requested. Environmental attributes wererecorded less frequently than the GPS data and not all GPS records get environmental attributesattached."], "datePublished": ["2021-12-02"], "language": ["en"], "creator": ["\u00c2\u00a0International Fund for AnimalWelfare- Oliver Boisseau "], "metadataProvider": ["\u00c2\u00a0Flanders Marine Institute(VLIZ) BEhttps://www.vliz.be"], "contact": ["\u00c2\u00a0Duke University; Nicholas Schoolof the Environment and Earth Sciences; MarineLaboratory "], "associatedParty": ["N/A"], "licenseInformation": [" Intellectual Rights This work is licensed under a Creative Commons Attribution NonCommercial (CC-BY-NC) 4.0 License .\u00c2\u00a0 "], "downloadLink": ["https://metadatacatalogue.lifewatch.eu:/srv/eng/catalog.search#/metadata/oai:marineinfo.org:id:dataset:4870"], "keywords": ["N/A"], "geographicCoverage": ["Geographic Description A, Atlantic"], "westBoundingCoordinate": ["N/A"], "eastBoundingCoordinate": ["N/A"], "northBoundingCoordinate": ["N/A"], "southBoundingCoordinate": ["N/A"], "dateCreated": ["1993-06-12"], "temporalCoverageEndDate": ["2013-09-26"], "license": ["N/A"], "distribution": ["N/A"], "distributionInfo": ["N/A"], "identifier": ["https://metadatacatalogue.lifewatch.eu:/srv/eng/catalog.search#/metadata/oai:marineinfo.org:id:dataset:4870"], "accessibilitySummary": ["N/A"], "version": ["N/A"], "temporalCoverage": ["N/A"], "publisher": ["N/A"], "spatial": ["N/A"], "citation": ["N/A"], "genre": ["N/A"], "modificationDate": ["2021-12-02"], "image": ["N/A"], "thumbnailUrl": ["N/A"], "headline": ["Visual sightings from Song of the Whale 1993-2013"], "abstract": ["Databases of visual sightings from the IFAW Song of the Whale vesselfrom 1993 to 2013 were mergedinto one dataset. Attributes recorded in these databases may differ. Since GPS datawould become too huge to effectivelyvisualize online, every 10th record was extracted. All GPS data can be requested. Environmental attributes wererecorded less frequently than the GPS data and not all GPS records get environmental attributesattached."], "theme": ["N/A"], "creditText": ["N/A"], "producer": ["\u00c2\u00a0International Fund for AnimalWelfare- Oliver Boisseau "], "author": ["\u00c2\u00a0International Fund for AnimalWelfare- Oliver Boisseau "], "spatialCoverage": [" A Atlantic"], "sponsor": ["N/A"], "size": ["N/A"], "sameAs": ["N/A"], "publication": ["N/A"], "provider": ["\u00c2\u00a0International Fund for AnimalWelfare- Oliver Boisseau "], "position": ["N/A"], "measurementTechnique": ["N/A"], "material": ["N/A"], "maintainer": ["N/A"], "locationCreated": ["N/A"], "issn": ["N/A"], "isPartOf": ["N/A"], "isBasedOn": ["N/A"], "isAccessibleForFree": ["N/A"], "includedInDataCatalog": ["N/A"], "editor": ["N/A"], "editEIDR": ["N/A"], "copyrightYear": ["N/A"], "copyrightNotice": ["N/A"], "copyrightHolder": ["N/A"], "contributor": ["N/A"], "contentReferenceTime": ["N/A"], "contentLocation": ["N/A"], "character": ["N/A"], "acquireLicensePage": ["N/A"], "accessModeSufficient": ["N/A"], "about": ["N/A"], "rights": ["N/A"], "relation": ["N/A"], "qualifiedRelation": ["N/A"], "qualifiedAttribution": ["N/A"], "previousVersion": ["N/A"], "nextVersion": ["N/A"], "landingPage": ["N/A"], "isReferencedBy": ["N/A"], "hasVersion": ["N/A"], "hasPolicy": ["N/A"], "hasCurrentVersion": ["N/A"], "useConstraints": ["N/A"], "status": ["N/A"], "spatialRepresentationType": ["N/A"], "scope": ["N/A"], "purpose": ["N/A"], "otherLocale": ["N/A"], "metadataProfile": ["N/A"], "metadataLinkage": ["N/A"], "metadataIdentifier": ["N/A"], "environmentDescription": ["N/A"], "contentInfo": ["N/A"], "ResearchInfrastructure": ["LifeWatch"], "EssentialVariables": ["N/A"], "potentialTopics": ["N/A"]}