{"url": ["https://metadatacatalogue.lifewatch.eu:/srv/api/records/oai:marineinfo.org:id:dataset:480"], "name": ["Historical benthic data from the southern Baltic Sea (1839-2001)"], "description": ["Biodiversity of macrozoobenthos of GermanBaltic waters betweenFehmarn and Usedem, literaturedata from 1839 to2001"], "datePublished": ["2021-12-02"], "language": ["en"], "creator": ["\u00c2\u00a0Leibniz Institute for BalticSea Research, Warnem\u00c3\u00bcnde- Michael Zettler "], "metadataProvider": ["\u00c2\u00a0Flanders Marine Institute(VLIZ) BEhttps://www.vliz.be"], "contact": ["\u00c2\u00a0Leibniz Institute for BalticSea Research, Warnem\u00c3\u00bcnde- Michael Zettler "], "associatedParty": [" contentProvider\u00c2\u00a0Leibniz Institute for BalticSea Research, Warnem\u00c3\u00bcnde- Michael Zettler "], "licenseInformation": [" Intellectual Rights This work is licensed under a Creative Commons Attribution (CC-BY) 4.0 License .\u00c2\u00a0 "], "downloadLink": ["https://metadatacatalogue.lifewatch.eu:/srv/eng/catalog.search#/metadata/oai:marineinfo.org:id:dataset:480"], "keywords": ["Abundance Benthos Biodiversity Biomass Long-term monitoring Macrobenthos Macrozoobenthos Taxonomy"], "geographicCoverage": ["Geographic Description Baltic Sea Bounding Box West Bounding Coordinate 10.75 East Bounding Coordinate 14.52 North Bounding Coordinate 55.37 South Bounding Coordinate 53.72"], "westBoundingCoordinate": ["10.75"], "eastBoundingCoordinate": ["14.52"], "northBoundingCoordinate": ["55.37"], "southBoundingCoordinate": ["53.72"], "dateCreated": ["1842-01-01"], "temporalCoverageEndDate": ["2001-01-01"], "license": ["N/A"], "distribution": ["N/A"], "distributionInfo": ["N/A"], "identifier": ["https://metadatacatalogue.lifewatch.eu:/srv/eng/catalog.search#/metadata/oai:marineinfo.org:id:dataset:480"], "accessibilitySummary": ["N/A"], "version": ["N/A"], "temporalCoverage": ["N/A"], "publisher": ["N/A"], "spatial": ["N/A"], "citation": ["N/A"], "genre": ["N/A"], "modificationDate": ["2021-12-02"], "image": ["N/A"], "thumbnailUrl": ["N/A"], "headline": ["Historical benthic data from the southern Baltic Sea (1839-2001)"], "abstract": ["Biodiversity of macrozoobenthos of GermanBaltic waters betweenFehmarn and Usedem, literaturedata from 1839 to2001"], "theme": ["N/A"], "creditText": ["N/A"], "producer": ["\u00c2\u00a0Leibniz Institute for BalticSea Research, Warnem\u00c3\u00bcnde- Michael Zettler "], "author": ["\u00c2\u00a0Leibniz Institute for BalticSea Research, Warnem\u00c3\u00bcnde- Michael Zettler "], "spatialCoverage": [" Baltic Sea Bounding Box West Bounding Coordinate 10.75 East Bounding Coordinate 14.52 North Bounding Coordinate 55.37 South Bounding Coordinate 53.72"], "sponsor": ["N/A"], "size": ["N/A"], "sameAs": ["N/A"], "publication": ["N/A"], "provider": ["\u00c2\u00a0Leibniz Institute for BalticSea Research, Warnem\u00c3\u00bcnde- Michael Zettler "], "position": ["N/A"], "measurementTechnique": ["N/A"], "material": ["N/A"], "maintainer": ["N/A"], "locationCreated": ["N/A"], "issn": ["N/A"], "isPartOf": ["N/A"], "isBasedOn": ["N/A"], "isAccessibleForFree": ["N/A"], "includedInDataCatalog": ["N/A"], "editor": ["N/A"], "editEIDR": ["N/A"], "copyrightYear": ["N/A"], "copyrightNotice": ["N/A"], "copyrightHolder": ["N/A"], "contributor": ["N/A"], "contentReferenceTime": ["N/A"], "contentLocation": ["N/A"], "character": ["N/A"], "acquireLicensePage": ["N/A"], "accessModeSufficient": ["N/A"], "about": ["N/A"], "rights": ["N/A"], "relation": ["N/A"], "qualifiedRelation": ["N/A"], "qualifiedAttribution": ["N/A"], "previousVersion": ["N/A"], "nextVersion": ["N/A"], "landingPage": ["N/A"], "isReferencedBy": ["N/A"], "hasVersion": ["N/A"], "hasPolicy": ["N/A"], "hasCurrentVersion": ["N/A"], "useConstraints": ["N/A"], "status": ["N/A"], "spatialRepresentationType": ["N/A"], "scope": ["N/A"], "purpose": ["N/A"], "otherLocale": ["N/A"], "metadataProfile": ["N/A"], "metadataLinkage": ["N/A"], "metadataIdentifier": ["N/A"], "environmentDescription": ["N/A"], "contentInfo": ["N/A"], "ResearchInfrastructure": ["LifeWatch"], "EssentialVariables": ["N/A"], "potentialTopics": ["N/A"]}