{"url": ["https://metadatacatalogue.lifewatch.eu:/geonetwork/api/records/oai:marineinfo.org:id:dataset:5076"], "name": ["Harpacticoid copepod community structure in the Western Scheldt and Ems-Dollard estuary in relation to pollution between 1976 and 1980"], "description": ["Data on biotic parameters of harpacticoid copepods andabiotic parameters relatedto pollution for samples takenbetween 1976 and 1980 in the Westerschelde-and Eems-Dollard estuary. The data weredigitized by VLIZ fromthe original report: Van Damme, D.; Heip, C.H.R.; Herman, R.; Vaeremans, M. (1981). Harpacticoidcopepod community structure in two North Sea estuaries in relation to pollution.Benthos 81/06. Rijksuniversiteit Gent, Laboratorium voor Morfologie en Systematiek der Dieren, Sectie Mariene Biologie: Gent. 58 pp."], "datePublished": ["2021-12-02"], "language": ["en"], "creator": ["\u00c2\u00a0Universiteit Gent; Faculteit Wetenschappen; VakgroepBiologie Onderzoeksgroep Mariene Biologie BE "], "metadataProvider": ["\u00c2\u00a0Flanders Marine Institute(VLIZ) BEhttps://www.vliz.be"], "contact": ["\u00c2\u00a0Vlaams Instituut voor de Zee BE "], "associatedParty": [" custodianSteward\u00c2\u00a0Vlaams Instituut voor de Zee BE "], "licenseInformation": [" Intellectual Rights This work is licensed under a Creative Commons Attribution (CC-BY) 4.0 License .\u00c2\u00a0 "], "downloadLink": ["https://metadatacatalogue.lifewatch.eu:/srv/eng/catalog.search#/metadata/oai:marineinfo.org:id:dataset:5076"], "keywords": ["Estuaries Meiobenthos Sediment analysis Sediment pollution Trace metals"], "geographicCoverage": ["Geographic Description ANE, Netherlands, Ems-DollardEstuary"], "westBoundingCoordinate": ["3.67913"], "eastBoundingCoordinate": ["7.186236"], "northBoundingCoordinate": ["53.475858"], "southBoundingCoordinate": ["51.345558"], "dateCreated": ["1976-01-01"], "temporalCoverageEndDate": ["1980-01-01"], "license": ["N/A"], "distribution": ["N/A"], "distributionInfo": ["N/A"], "identifier": ["https://metadatacatalogue.lifewatch.eu:/srv/eng/catalog.search#/metadata/oai:marineinfo.org:id:dataset:5076"], "accessibilitySummary": ["N/A"], "version": ["N/A"], "temporalCoverage": ["N/A"], "publisher": ["N/A"], "spatial": ["N/A"], "citation": ["N/A"], "genre": ["N/A"], "modificationDate": ["2021-12-02"], "image": ["N/A"], "thumbnailUrl": ["N/A"], "headline": ["Harpacticoid copepod community structure in the Western Scheldt and Ems-Dollard estuary in relation to pollution between 1976 and 1980"], "abstract": ["Data on biotic parameters of harpacticoid copepods andabiotic parameters relatedto pollution for samples takenbetween 1976 and 1980 in the Westerschelde-and Eems-Dollard estuary. The data weredigitized by VLIZ fromthe original report: Van Damme, D.; Heip, C.H.R.; Herman, R.; Vaeremans, M. (1981). Harpacticoidcopepod community structure in two North Sea estuaries in relation to pollution.Benthos 81/06. Rijksuniversiteit Gent, Laboratorium voor Morfologie en Systematiek der Dieren, Sectie Mariene Biologie: Gent. 58 pp."], "theme": ["N/A"], "creditText": ["N/A"], "producer": ["\u00c2\u00a0Universiteit Gent; Faculteit Wetenschappen; VakgroepBiologie Onderzoeksgroep Mariene Biologie BE "], "author": ["\u00c2\u00a0Universiteit Gent; Faculteit Wetenschappen; VakgroepBiologie Onderzoeksgroep Mariene Biologie BE "], "spatialCoverage": [" Netherlands Ems-DollardEstuary"], "sponsor": ["N/A"], "size": ["N/A"], "sameAs": ["N/A"], "publication": ["N/A"], "provider": ["\u00c2\u00a0Universiteit Gent; Faculteit Wetenschappen; VakgroepBiologie Onderzoeksgroep Mariene Biologie BE "], "position": ["N/A"], "measurementTechnique": ["N/A"], "material": ["N/A"], "maintainer": ["N/A"], "locationCreated": ["N/A"], "issn": ["N/A"], "isPartOf": ["N/A"], "isBasedOn": ["N/A"], "isAccessibleForFree": ["N/A"], "includedInDataCatalog": ["N/A"], "editor": ["N/A"], "editEIDR": ["N/A"], "copyrightYear": ["N/A"], "copyrightNotice": ["N/A"], "copyrightHolder": ["N/A"], "contributor": ["N/A"], "contentReferenceTime": ["N/A"], "contentLocation": ["N/A"], "character": ["N/A"], "acquireLicensePage": ["N/A"], "accessModeSufficient": ["N/A"], "about": ["N/A"], "rights": ["N/A"], "relation": ["N/A"], "qualifiedRelation": ["N/A"], "qualifiedAttribution": ["N/A"], "previousVersion": ["N/A"], "nextVersion": ["N/A"], "landingPage": ["N/A"], "isReferencedBy": ["N/A"], "hasVersion": ["N/A"], "hasPolicy": ["N/A"], "hasCurrentVersion": ["N/A"], "useConstraints": ["N/A"], "status": ["N/A"], "spatialRepresentationType": ["N/A"], "scope": ["N/A"], "purpose": ["N/A"], "otherLocale": ["N/A"], "metadataProfile": ["N/A"], "metadataLinkage": ["N/A"], "metadataIdentifier": ["N/A"], "environmentDescription": ["N/A"], "contentInfo": ["N/A"], "ResearchInfrastructure": ["LifeWatch"], "EssentialVariables": ["N/A"], "potentialTopics": ["N/A"]}