{"url": ["https://metadatacatalogue.lifewatch.eu:/geonetwork/api/records/oai:marineinfo.org:id:dataset:7866"], "name": ["Soft-bottom macrozoobenthos from the littoral zone of the Natura 2000 MPA \"Ropotamo\", Southern Bulgarian Black Sea (2013)"], "description": ["Abundance (individuals/m2) of macrozoobenthic taxa at littoral/upper infralittoralsoft-bottom stations in the Natura2000 MPA \"Ropotamo\" (BG0001001), southern Bulgarian Black Sea. The data were collected during field surveys of IBER-BAS in 2013 as partofproject COCONET. The dataset also contains a visualdescription of sediment type at the stations, and a habitat type classification to EUNISL3."], "datePublished": ["2021-12-02"], "language": ["en"], "creator": ["\u00c2\u00a0Bulgarian Academy ofSciences- Stefania Klayn "], "metadataProvider": ["\u00c2\u00a0Flanders Marine Institute(VLIZ) BEhttps://www.vliz.be"], "contact": ["\u00c2\u00a0Bulgarian Academy ofSciences- Stefania Klayn "], "associatedParty": ["N/A"], "licenseInformation": [" Intellectual Rights To the extent possible underlaw, the publisher has waived all rights to these data and has dedicated them to the Public Domain (CC01.0) . Users may copy, modify,distribute and use the work,including for commercial purposes, without restriction.\u00c2\u00a0 "], "downloadLink": ["https://metadatacatalogue.lifewatch.eu:/srv/eng/catalog.search#/metadata/oai:marineinfo.org:id:dataset:7866"], "keywords": ["Coastal zone Community composition Littoral zone Marine invertebrates Marine parks"], "geographicCoverage": ["Geographic Description MED, BlackSea"], "westBoundingCoordinate": ["N/A"], "eastBoundingCoordinate": ["N/A"], "northBoundingCoordinate": ["N/A"], "southBoundingCoordinate": ["N/A"], "dateCreated": ["N/A"], "temporalCoverageEndDate": ["N/A"], "license": ["N/A"], "distribution": ["N/A"], "distributionInfo": ["N/A"], "identifier": ["https://metadatacatalogue.lifewatch.eu:/srv/eng/catalog.search#/metadata/oai:marineinfo.org:id:dataset:7866"], "accessibilitySummary": ["N/A"], "version": ["N/A"], "temporalCoverage": ["N/A"], "publisher": ["N/A"], "spatial": ["N/A"], "citation": ["N/A"], "genre": ["N/A"], "modificationDate": ["2021-12-02"], "image": ["N/A"], "thumbnailUrl": ["N/A"], "headline": ["Soft-bottom macrozoobenthos from the littoral zone of the Natura 2000 MPA \"Ropotamo\", Southern Bulgarian Black Sea (2013)"], "abstract": ["Abundance (individuals/m2) of macrozoobenthic taxa at littoral/upper infralittoralsoft-bottom stations in the Natura2000 MPA \"Ropotamo\" (BG0001001), southern Bulgarian Black Sea. The data were collected during field surveys of IBER-BAS in 2013 as partofproject COCONET. The dataset also contains a visualdescription of sediment type at the stations, and a habitat type classification to EUNISL3."], "theme": ["N/A"], "creditText": ["N/A"], "producer": ["\u00c2\u00a0Bulgarian Academy ofSciences- Stefania Klayn "], "author": ["\u00c2\u00a0Bulgarian Academy ofSciences- Stefania Klayn "], "spatialCoverage": [" BlackSea"], "sponsor": ["N/A"], "size": ["N/A"], "sameAs": ["N/A"], "publication": ["N/A"], "provider": ["\u00c2\u00a0Bulgarian Academy ofSciences- Stefania Klayn "], "position": ["N/A"], "measurementTechnique": ["N/A"], "material": ["N/A"], "maintainer": ["N/A"], "locationCreated": ["N/A"], "issn": ["N/A"], "isPartOf": ["N/A"], "isBasedOn": ["N/A"], "isAccessibleForFree": ["N/A"], "includedInDataCatalog": ["N/A"], "editor": ["N/A"], "editEIDR": ["N/A"], "copyrightYear": ["N/A"], "copyrightNotice": ["N/A"], "copyrightHolder": ["N/A"], "contributor": ["N/A"], "contentReferenceTime": ["N/A"], "contentLocation": ["N/A"], "character": ["N/A"], "acquireLicensePage": ["N/A"], "accessModeSufficient": ["N/A"], "about": ["N/A"], "rights": ["N/A"], "relation": ["N/A"], "qualifiedRelation": ["N/A"], "qualifiedAttribution": ["N/A"], "previousVersion": ["N/A"], "nextVersion": ["N/A"], "landingPage": ["N/A"], "isReferencedBy": ["N/A"], "hasVersion": ["N/A"], "hasPolicy": ["N/A"], "hasCurrentVersion": ["N/A"], "useConstraints": ["N/A"], "status": ["N/A"], "spatialRepresentationType": ["N/A"], "scope": ["N/A"], "purpose": ["N/A"], "otherLocale": ["N/A"], "metadataProfile": ["N/A"], "metadataLinkage": ["N/A"], "metadataIdentifier": ["N/A"], "environmentDescription": ["N/A"], "contentInfo": ["N/A"], "ResearchInfrastructure": ["LifeWatch"], "EssentialVariables": ["N/A"], "potentialTopics": ["N/A"]}