{"url": ["https://metadatacatalogue.lifewatch.eu:/srv/api/records/oai:marineinfo.org:id:dataset:6548"], "name": ["Dolphins and sea turtle monitoring in the Pelagie Archipelago (Italy) from 2004 to 2006"], "description": ["In January 2004 the Life and SystemBiology Department of the University of Turin (Italy) starteda systematic survey of the mega-fauna in the framework of the Life Project Del.Ta.NAT/IT/000163. Dataset LAMPEDUSA_2004-2006 includes 3 years of effort (survey track) and sightings data of cetaceans and marine reptiles,collected from dedicated trained Marine Mammal Observers (MMOs) on board of an inflatable boat, in the PelagieArchipelago(Sicily Strait, Mediterranean Sea). MMOs placed on bothsides of the inflatableboat collected data followingrandom and fixed transect, each observer covering an angle of 130\u00c2\u00b0from the bow,and monitoring mega-fauna presence and distribution."], "datePublished": ["2021-12-02"], "language": ["en"], "creator": ["\u00c2\u00a0University of Turin; Department of Life Sciences and SystemsBiology- Marta Azzolin "], "metadataProvider": ["\u00c2\u00a0Flanders Marine Institute(VLIZ) BEhttps://www.vliz.be"], "contact": ["\u00c2\u00a0Flanders Marine Institute(VLIZ) BEhttps://www.vliz.be"], "associatedParty": [" custodianSteward\u00c2\u00a0Gaia Research InstituteOnlus- S\u00c3\u00a9bastien Saintignan "], "licenseInformation": [" Intellectual Rights This work is licensed under a Creative Commons Attribution (CC-BY) 4.0 License .\u00c2\u00a0 "], "downloadLink": ["https://metadatacatalogue.lifewatch.eu:/srv/eng/catalog.search#/metadata/oai:marineinfo.org:id:dataset:6548"], "keywords": ["Biological monitoring Visual observation"], "geographicCoverage": ["Geographic Description EurOBIS calculated BBOX > station Bounding Box Bounding Box West Bounding Coordinate 12.184 East Bounding Coordinate 12.8 North Bounding Coordinate 35.688 South Bounding Coordinate 35.342"], "westBoundingCoordinate": ["12.184"], "eastBoundingCoordinate": ["12.8"], "northBoundingCoordinate": ["35.688"], "southBoundingCoordinate": ["35.342"], "dateCreated": ["2004-01-01"], "temporalCoverageEndDate": ["2006-12-01"], "license": ["N/A"], "distribution": ["N/A"], "distributionInfo": ["N/A"], "identifier": ["https://metadatacatalogue.lifewatch.eu:/srv/eng/catalog.search#/metadata/oai:marineinfo.org:id:dataset:6548"], "accessibilitySummary": ["N/A"], "version": ["N/A"], "temporalCoverage": ["N/A"], "publisher": ["N/A"], "spatial": ["N/A"], "citation": ["N/A"], "genre": ["N/A"], "modificationDate": ["2021-12-02"], "image": ["N/A"], "thumbnailUrl": ["N/A"], "headline": ["Dolphins and sea turtle monitoring in the Pelagie Archipelago (Italy) from 2004 to 2006"], "abstract": ["In January 2004 the Life and SystemBiology Department of the University of Turin (Italy) starteda systematic survey of the mega-fauna in the framework of the Life Project Del.Ta.NAT/IT/000163. Dataset LAMPEDUSA_2004-2006 includes 3 years of effort (survey track) and sightings data of cetaceans and marine reptiles,collected from dedicated trained Marine Mammal Observers (MMOs) on board of an inflatable boat, in the PelagieArchipelago(Sicily Strait, Mediterranean Sea). MMOs placed on bothsides of the inflatableboat collected data followingrandom and fixed transect, each observer covering an angle of 130\u00c2\u00b0from the bow,and monitoring mega-fauna presence and distribution."], "theme": ["N/A"], "creditText": ["N/A"], "producer": ["\u00c2\u00a0University of Turin; Department of Life Sciences and SystemsBiology- Marta Azzolin "], "author": ["\u00c2\u00a0University of Turin; Department of Life Sciences and SystemsBiology- Marta Azzolin "], "spatialCoverage": [" calculated BBOX > station Bounding Box Bounding Box West Bounding Coordinate 12.184 East Bounding Coordinate 12.8 North Bounding Coordinate 35.688 South Bounding Coordinate 35.342"], "sponsor": ["N/A"], "size": ["N/A"], "sameAs": ["N/A"], "publication": ["N/A"], "provider": ["\u00c2\u00a0University of Turin; Department of Life Sciences and SystemsBiology- Marta Azzolin "], "position": ["N/A"], "measurementTechnique": ["N/A"], "material": ["N/A"], "maintainer": ["N/A"], "locationCreated": ["N/A"], "issn": ["N/A"], "isPartOf": ["N/A"], "isBasedOn": ["N/A"], "isAccessibleForFree": ["N/A"], "includedInDataCatalog": ["N/A"], "editor": ["N/A"], "editEIDR": ["N/A"], "copyrightYear": ["N/A"], "copyrightNotice": ["N/A"], "copyrightHolder": ["N/A"], "contributor": ["N/A"], "contentReferenceTime": ["N/A"], "contentLocation": ["N/A"], "character": ["N/A"], "acquireLicensePage": ["N/A"], "accessModeSufficient": ["N/A"], "about": ["N/A"], "rights": ["N/A"], "relation": ["N/A"], "qualifiedRelation": ["N/A"], "qualifiedAttribution": ["N/A"], "previousVersion": ["N/A"], "nextVersion": ["N/A"], "landingPage": ["N/A"], "isReferencedBy": ["N/A"], "hasVersion": ["N/A"], "hasPolicy": ["N/A"], "hasCurrentVersion": ["N/A"], "useConstraints": ["N/A"], "status": ["N/A"], "spatialRepresentationType": ["N/A"], "scope": ["N/A"], "purpose": ["N/A"], "otherLocale": ["N/A"], "metadataProfile": ["N/A"], "metadataLinkage": ["N/A"], "metadataIdentifier": ["N/A"], "environmentDescription": ["N/A"], "contentInfo": ["N/A"], "ResearchInfrastructure": ["LifeWatch"], "EssentialVariables": ["N/A"], "potentialTopics": ["N/A"]}