{"url": ["https://metadatacatalogue.lifewatch.eu:/geonetwork/api/records/oai:marineinfo.org:id:dataset:5782"], "name": ["Macrozoobenthos of marine waters in mainland Portugal collected in March and September 2010"], "description": ["A macrozoobenthos species list is provided, based ondatasets originated from infra and circalittoral samples (4 to120 m depth) collected in the marinewaters from north to south of mainland Portugal. Species composition, density and wet weight biomass are provided. The data were collected in the frameworkof the of theEEMA Programme, whose aim was the EcologicalAssessment of Water Masses inmainlandPortugal."], "datePublished": ["2021-12-02"], "language": ["en"], "creator": ["\u00c2\u00a0Portuguese Institute of the SeaandAtmosphere- Maria-Jos\u00c3\u00a9 Gaud\u00c3\u00aancio "], "metadataProvider": ["\u00c2\u00a0Flanders Marine Institute(VLIZ) BEhttps://www.vliz.be"], "contact": ["\u00c2\u00a0Portuguese Institute of the SeaandAtmosphere- Alessandro Marraccini "], "associatedParty": [" pointOfContact\u00c2\u00a0Portuguese Institute of the SeaandAtmosphere- Miriam Tuaty-Guerra "], "licenseInformation": [" Intellectual Rights This work is licensed under a Creative Commons Attribution NonCommercial (CC-BY-NC) 4.0 License .\u00c2\u00a0 "], "downloadLink": ["https://metadatacatalogue.lifewatch.eu:/geonetwork/eng/catalog.search#/metadata/oai:marineinfo.org:id:dataset:5782"], "keywords": ["N/A"], "geographicCoverage": ["Geographic Description ANE, Portugal"], "westBoundingCoordinate": ["-9.523"], "eastBoundingCoordinate": ["-7.4"], "northBoundingCoordinate": ["41.401"], "southBoundingCoordinate": ["36.967"], "dateCreated": ["2010-03-01"], "temporalCoverageEndDate": ["2010-09-01"], "license": ["N/A"], "distribution": ["N/A"], "distributionInfo": ["N/A"], "identifier": ["https://metadatacatalogue.lifewatch.eu:/geonetwork/eng/catalog.search#/metadata/oai:marineinfo.org:id:dataset:5782"], "accessibilitySummary": ["N/A"], "version": ["N/A"], "temporalCoverage": ["N/A"], "publisher": ["N/A"], "spatial": ["N/A"], "citation": ["N/A"], "genre": ["N/A"], "modificationDate": ["2021-12-02"], "image": ["N/A"], "thumbnailUrl": ["N/A"], "headline": ["Macrozoobenthos of marine waters in mainland Portugal collected in March and September 2010"], "abstract": ["A macrozoobenthos species list is provided, based ondatasets originated from infra and circalittoral samples (4 to120 m depth) collected in the marinewaters from north to south of mainland Portugal. Species composition, density and wet weight biomass are provided. The data were collected in the frameworkof the of theEEMA Programme, whose aim was the EcologicalAssessment of Water Masses inmainlandPortugal."], "theme": ["N/A"], "creditText": ["N/A"], "producer": ["\u00c2\u00a0Portuguese Institute of the SeaandAtmosphere- Maria-Jos\u00c3\u00a9 Gaud\u00c3\u00aancio "], "author": ["\u00c2\u00a0Portuguese Institute of the SeaandAtmosphere- Maria-Jos\u00c3\u00a9 Gaud\u00c3\u00aancio "], "spatialCoverage": [" Portugal"], "sponsor": ["N/A"], "size": ["N/A"], "sameAs": ["N/A"], "publication": ["N/A"], "provider": ["\u00c2\u00a0Portuguese Institute of the SeaandAtmosphere- Maria-Jos\u00c3\u00a9 Gaud\u00c3\u00aancio "], "position": ["N/A"], "measurementTechnique": ["N/A"], "material": ["N/A"], "maintainer": ["N/A"], "locationCreated": ["N/A"], "issn": ["N/A"], "isPartOf": ["N/A"], "isBasedOn": ["N/A"], "isAccessibleForFree": ["N/A"], "includedInDataCatalog": ["N/A"], "editor": ["N/A"], "editEIDR": ["N/A"], "copyrightYear": ["N/A"], "copyrightNotice": ["N/A"], "copyrightHolder": ["N/A"], "contributor": ["N/A"], "contentReferenceTime": ["N/A"], "contentLocation": ["N/A"], "character": ["N/A"], "acquireLicensePage": ["N/A"], "accessModeSufficient": ["N/A"], "about": ["N/A"], "rights": ["N/A"], "relation": ["N/A"], "qualifiedRelation": ["N/A"], "qualifiedAttribution": ["N/A"], "previousVersion": ["N/A"], "nextVersion": ["N/A"], "landingPage": ["N/A"], "isReferencedBy": ["N/A"], "hasVersion": ["N/A"], "hasPolicy": ["N/A"], "hasCurrentVersion": ["N/A"], "useConstraints": ["N/A"], "status": ["N/A"], "spatialRepresentationType": ["N/A"], "scope": ["N/A"], "purpose": ["N/A"], "otherLocale": ["N/A"], "metadataProfile": ["N/A"], "metadataLinkage": ["N/A"], "metadataIdentifier": ["N/A"], "environmentDescription": ["N/A"], "contentInfo": ["N/A"], "ResearchInfrastructure": ["LifeWatch"], "EssentialVariables": ["N/A"], "potentialTopics": ["N/A"]}