{"url": ["https://metadatacatalogue.lifewatch.eu:/srv/api/records/oai:marineinfo.org:id:dataset:5040"], "name": ["Seasonal fluctuation of Macropipus holsatus in front of the Belgian Coast between 1973 and 1981"], "description": ["Seasonal fluctuations in abundance and biomass of the<i>Macropipus holsatus</i> population along the Belgian coast. The datawere digitized by VLIZ fromthe original report: Borremans, C. (1982). Populatiedynamiek van Macropipusholsatus (Fabr.) voor de Belgische kust. MSc Thesis. VUB: Brussel. 62 pp."], "datePublished": ["2021-12-02"], "language": ["en"], "creator": ["\u00c2\u00a0Onderzoeksdomein Visserij- Frank Redant "], "metadataProvider": ["\u00c2\u00a0Flanders Marine Institute(VLIZ) BEhttps://www.vliz.be"], "contact": ["\u00c2\u00a0Vlaams Instituut voor de Zee BE "], "associatedParty": [" custodianSteward\u00c2\u00a0Vlaams Instituut voor de Zee BE "], "licenseInformation": [" Intellectual Rights This work is licensed under a Creative Commons Attribution (CC-BY) 4.0 License .\u00c2\u00a0 "], "downloadLink": ["https://metadatacatalogue.lifewatch.eu:/srv/eng/catalog.search#/metadata/oai:marineinfo.org:id:dataset:5040"], "keywords": ["Epibenthos Seasonal fluctuations"], "geographicCoverage": ["Geographic Description ANE, Belgium, East Coast, Vlakte van deRaan"], "westBoundingCoordinate": ["2.58027778"], "eastBoundingCoordinate": ["3.26805556"], "northBoundingCoordinate": ["51.46166667"], "southBoundingCoordinate": ["51.15222222"], "dateCreated": ["1973-01-01"], "temporalCoverageEndDate": ["1981-01-01"], "license": ["N/A"], "distribution": ["N/A"], "distributionInfo": ["N/A"], "identifier": ["https://metadatacatalogue.lifewatch.eu:/srv/eng/catalog.search#/metadata/oai:marineinfo.org:id:dataset:5040"], "accessibilitySummary": ["N/A"], "version": ["N/A"], "temporalCoverage": ["N/A"], "publisher": ["N/A"], "spatial": ["N/A"], "citation": ["N/A"], "genre": ["N/A"], "modificationDate": ["2021-12-02"], "image": ["N/A"], "thumbnailUrl": ["N/A"], "headline": ["Seasonal fluctuation of Macropipus holsatus in front of the Belgian Coast between 1973 and 1981"], "abstract": ["Seasonal fluctuations in abundance and biomass of the<i>Macropipus holsatus</i> population along the Belgian coast. The datawere digitized by VLIZ fromthe original report: Borremans, C. (1982). Populatiedynamiek van Macropipusholsatus (Fabr.) voor de Belgische kust. MSc Thesis. VUB: Brussel. 62 pp."], "theme": ["N/A"], "creditText": ["N/A"], "producer": ["\u00c2\u00a0Onderzoeksdomein Visserij- Frank Redant "], "author": ["\u00c2\u00a0Onderzoeksdomein Visserij- Frank Redant "], "spatialCoverage": [" Belgium East Coast Vlakte van deRaan"], "sponsor": ["N/A"], "size": ["N/A"], "sameAs": ["N/A"], "publication": ["N/A"], "provider": ["\u00c2\u00a0Onderzoeksdomein Visserij- Frank Redant "], "position": ["N/A"], "measurementTechnique": ["N/A"], "material": ["N/A"], "maintainer": ["N/A"], "locationCreated": ["N/A"], "issn": ["N/A"], "isPartOf": ["N/A"], "isBasedOn": ["N/A"], "isAccessibleForFree": ["N/A"], "includedInDataCatalog": ["N/A"], "editor": ["N/A"], "editEIDR": ["N/A"], "copyrightYear": ["N/A"], "copyrightNotice": ["N/A"], "copyrightHolder": ["N/A"], "contributor": ["N/A"], "contentReferenceTime": ["N/A"], "contentLocation": ["N/A"], "character": ["N/A"], "acquireLicensePage": ["N/A"], "accessModeSufficient": ["N/A"], "about": ["N/A"], "rights": ["N/A"], "relation": ["N/A"], "qualifiedRelation": ["N/A"], "qualifiedAttribution": ["N/A"], "previousVersion": ["N/A"], "nextVersion": ["N/A"], "landingPage": ["N/A"], "isReferencedBy": ["N/A"], "hasVersion": ["N/A"], "hasPolicy": ["N/A"], "hasCurrentVersion": ["N/A"], "useConstraints": ["N/A"], "status": ["N/A"], "spatialRepresentationType": ["N/A"], "scope": ["N/A"], "purpose": ["N/A"], "otherLocale": ["N/A"], "metadataProfile": ["N/A"], "metadataLinkage": ["N/A"], "metadataIdentifier": ["N/A"], "environmentDescription": ["N/A"], "contentInfo": ["N/A"], "ResearchInfrastructure": ["LifeWatch"], "EssentialVariables": ["N/A"], "potentialTopics": ["N/A"]}