{"url": ["https://metadatacatalogue.lifewatch.eu:/srv/api/records/oai:marineinfo.org:id:dataset:1878"], "name": ["Seabird nearshore winter survey in South-West England 1994-95"], "description": ["The survey represents the first systematic study of divers,grebes, seaduck, cormorant, shag andauks within these seaareas."], "datePublished": ["2021-12-02"], "language": ["en"], "creator": ["\u00c2\u00a0National Biodiversity NetworkTrust GB "], "metadataProvider": ["\u00c2\u00a0Flanders Marine Institute(VLIZ) BEhttps://www.vliz.be"], "contact": ["\u00c2\u00a0Royal Society for the Protection of Birds GB "], "associatedParty": [" contentProvider\u00c2\u00a0Royal Society for the Protection of Birds GB "], "licenseInformation": [" Intellectual Rights This work is licensed under a Creative Commons Attribution (CC-BY) 4.0 License .\u00c2\u00a0 "], "downloadLink": ["https://metadatacatalogue.lifewatch.eu:/srv/eng/catalog.search#/metadata/oai:marineinfo.org:id:dataset:1878"], "keywords": ["Birds Marine birds"], "geographicCoverage": ["Geographic Description ANE, British Isles, England,Cornwall"], "westBoundingCoordinate": ["-5.213198"], "eastBoundingCoordinate": ["-3.547132"], "northBoundingCoordinate": ["50.954287"], "southBoundingCoordinate": ["50.035605"], "dateCreated": ["1994-01-01"], "temporalCoverageEndDate": ["1995-01-01"], "license": ["http://data.nbn.org.uk/datasetInfo/spatialDataset.jsp?refID=5&dsKey=GA000070"], "distribution": ["http://data.nbn.org.uk/datasetInfo/spatialDataset.jsp?refID=5&dsKey=GA000070"], "distributionInfo": ["http://data.nbn.org.uk/datasetInfo/spatialDataset.jsp?refID=5&dsKey=GA000070"], "identifier": ["https://metadatacatalogue.lifewatch.eu:/srv/eng/catalog.search#/metadata/oai:marineinfo.org:id:dataset:1878"], "accessibilitySummary": ["N/A"], "version": ["N/A"], "temporalCoverage": ["N/A"], "publisher": ["N/A"], "spatial": ["N/A"], "citation": ["N/A"], "genre": ["N/A"], "modificationDate": ["2021-12-02"], "image": ["N/A"], "thumbnailUrl": ["N/A"], "headline": ["Seabird nearshore winter survey in South-West England 1994-95"], "abstract": ["The survey represents the first systematic study of divers,grebes, seaduck, cormorant, shag andauks within these seaareas."], "theme": ["N/A"], "creditText": ["N/A"], "producer": ["\u00c2\u00a0National Biodiversity NetworkTrust GB "], "author": ["\u00c2\u00a0National Biodiversity NetworkTrust GB "], "spatialCoverage": [" British Isles EnglandCornwall"], "sponsor": ["N/A"], "size": ["N/A"], "sameAs": ["N/A"], "publication": ["N/A"], "provider": ["\u00c2\u00a0National Biodiversity NetworkTrust GB "], "position": ["N/A"], "measurementTechnique": ["N/A"], "material": ["N/A"], "maintainer": ["N/A"], "locationCreated": ["N/A"], "issn": ["N/A"], "isPartOf": ["N/A"], "isBasedOn": ["N/A"], "isAccessibleForFree": ["N/A"], "includedInDataCatalog": ["N/A"], "editor": ["N/A"], "editEIDR": ["N/A"], "copyrightYear": ["N/A"], "copyrightNotice": ["N/A"], "copyrightHolder": ["N/A"], "contributor": ["N/A"], "contentReferenceTime": ["N/A"], "contentLocation": ["N/A"], "character": ["N/A"], "acquireLicensePage": ["N/A"], "accessModeSufficient": ["N/A"], "about": ["N/A"], "rights": ["N/A"], "relation": ["N/A"], "qualifiedRelation": ["N/A"], "qualifiedAttribution": ["N/A"], "previousVersion": ["N/A"], "nextVersion": ["N/A"], "landingPage": ["N/A"], "isReferencedBy": ["N/A"], "hasVersion": ["N/A"], "hasPolicy": ["N/A"], "hasCurrentVersion": ["N/A"], "useConstraints": ["N/A"], "status": ["N/A"], "spatialRepresentationType": ["N/A"], "scope": ["N/A"], "purpose": ["N/A"], "otherLocale": ["N/A"], "metadataProfile": ["N/A"], "metadataLinkage": ["N/A"], "metadataIdentifier": ["N/A"], "environmentDescription": ["N/A"], "contentInfo": ["N/A"], "ResearchInfrastructure": ["LifeWatch"], "EssentialVariables": ["N/A"], "potentialTopics": ["N/A"]}