{"url": ["https://metadatacatalogue.lifewatch.eu:/geonetwork/api/records/oai:marineinfo.org:id:dataset:6697"], "name": ["Fish larvae from May to June '95 of the \"Capric\u00c3\u00b3rnio\" campaign in the Republic of Guinea Bissau"], "description": ["This report presents the results of the fifth research cruisein the waters off Guin\u00c3\u00a9-Bissau coast from 7 May to 5 July 1995, on board of the PortugueseRV\u00e2\u0080\u009cCapric\u00c3\u00b3rnio\u00e2\u0080\u009d. 33 plankton surveys using a FAO netwere carried on."], "datePublished": ["2021-12-02"], "language": ["en"], "creator": ["\u00c2\u00a0Portuguese Institute of the SeaandAtmosphere- Maria Em\u00c3\u00adlia Cunha "], "metadataProvider": ["\u00c2\u00a0Flanders Marine Institute(VLIZ) BEhttps://www.vliz.be"], "contact": ["\u00c2\u00a0Portuguese Institute of the SeaandAtmosphere- Maria Em\u00c3\u00adlia Cunha "], "associatedParty": [" pointOfContact\u00c2\u00a0Portuguese Institute of the SeaandAtmosphere- Antonina Dos Santos "], "licenseInformation": [" Intellectual Rights This work is licensed under a Creative Commons Attribution NonCommercial (CC-BY-NC) 4.0 License .\u00c2\u00a0 "], "downloadLink": ["https://metadatacatalogue.lifewatch.eu:/srv/eng/catalog.search#/metadata/oai:marineinfo.org:id:dataset:6697"], "keywords": ["Fish Guinea-Bissau"], "geographicCoverage": ["Geographic Description ASE, Guinea-Bissau"], "westBoundingCoordinate": ["-17.435"], "eastBoundingCoordinate": ["-16.083"], "northBoundingCoordinate": ["12"], "southBoundingCoordinate": ["10"], "dateCreated": ["1995-05-29"], "temporalCoverageEndDate": ["1995-06-16"], "license": ["N/A"], "distribution": ["N/A"], "distributionInfo": ["N/A"], "identifier": ["https://metadatacatalogue.lifewatch.eu:/srv/eng/catalog.search#/metadata/oai:marineinfo.org:id:dataset:6697"], "accessibilitySummary": ["N/A"], "version": ["N/A"], "temporalCoverage": ["N/A"], "publisher": ["N/A"], "spatial": ["N/A"], "citation": ["N/A"], "genre": ["N/A"], "modificationDate": ["2021-12-02"], "image": ["N/A"], "thumbnailUrl": ["N/A"], "headline": ["Fish larvae from May to June '95 of the \"Capric\u00c3\u00b3rnio\" campaign in the Republic of Guinea Bissau"], "abstract": ["This report presents the results of the fifth research cruisein the waters off Guin\u00c3\u00a9-Bissau coast from 7 May to 5 July 1995, on board of the PortugueseRV\u00e2\u0080\u009cCapric\u00c3\u00b3rnio\u00e2\u0080\u009d. 33 plankton surveys using a FAO netwere carried on."], "theme": ["N/A"], "creditText": ["N/A"], "producer": ["\u00c2\u00a0Portuguese Institute of the SeaandAtmosphere- Maria Em\u00c3\u00adlia Cunha "], "author": ["\u00c2\u00a0Portuguese Institute of the SeaandAtmosphere- Maria Em\u00c3\u00adlia Cunha "], "spatialCoverage": [" ASE Guinea-Bissau"], "sponsor": ["N/A"], "size": ["N/A"], "sameAs": ["N/A"], "publication": ["N/A"], "provider": ["\u00c2\u00a0Portuguese Institute of the SeaandAtmosphere- Maria Em\u00c3\u00adlia Cunha "], "position": ["N/A"], "measurementTechnique": ["N/A"], "material": ["N/A"], "maintainer": ["N/A"], "locationCreated": ["N/A"], "issn": ["N/A"], "isPartOf": ["N/A"], "isBasedOn": ["N/A"], "isAccessibleForFree": ["N/A"], "includedInDataCatalog": ["N/A"], "editor": ["N/A"], "editEIDR": ["N/A"], "copyrightYear": ["N/A"], "copyrightNotice": ["N/A"], "copyrightHolder": ["N/A"], "contributor": ["N/A"], "contentReferenceTime": ["N/A"], "contentLocation": ["N/A"], "character": ["N/A"], "acquireLicensePage": ["N/A"], "accessModeSufficient": ["N/A"], "about": ["N/A"], "rights": ["N/A"], "relation": ["N/A"], "qualifiedRelation": ["N/A"], "qualifiedAttribution": ["N/A"], "previousVersion": ["N/A"], "nextVersion": ["N/A"], "landingPage": ["N/A"], "isReferencedBy": ["N/A"], "hasVersion": ["N/A"], "hasPolicy": ["N/A"], "hasCurrentVersion": ["N/A"], "useConstraints": ["N/A"], "status": ["N/A"], "spatialRepresentationType": ["N/A"], "scope": ["N/A"], "purpose": ["N/A"], "otherLocale": ["N/A"], "metadataProfile": ["N/A"], "metadataLinkage": ["N/A"], "metadataIdentifier": ["N/A"], "environmentDescription": ["N/A"], "contentInfo": ["N/A"], "ResearchInfrastructure": ["LifeWatch"], "EssentialVariables": ["N/A"], "potentialTopics": ["N/A"]}