{"url": ["https://metadatacatalogue.lifewatch.eu:/srv/api/records/oai:marineinfo.org:id:dataset:1884"], "name": ["2005-Ongoing UK MarLIN Shore Thing timed search results"], "description": ["Intertidal species effort based search undertaken by students (16+) and volunteer groups with supportfrom an ecologist. During the twenty minutetimed species search surveyors look for 22 species, 4 non native and 18 climate change indicator species within1 of 3 habitats rockpools; boulders, crevices and overhangs or open rock.Abundance is recorded using a simplifiedversion of SACFORN."], "datePublished": ["2021-12-02"], "language": ["en"], "creator": ["\u00c2\u00a0Marine Biological Association of theUK GB "], "metadataProvider": ["\u00c2\u00a0Flanders Marine Institute(VLIZ) BEhttps://www.vliz.be"], "contact": ["\u00c2\u00a0Marine Biological Association of theUK- Daniel Lear "], "associatedParty": [" contentProvider\u00c2\u00a0Marine Biological Association of theUK GB "], "licenseInformation": [" Intellectual Rights This work is licensed under a Creative Commons Attribution (CC-BY) 4.0 License .\u00c2\u00a0 "], "downloadLink": ["https://metadatacatalogue.lifewatch.eu:/geonetwork/eng/catalog.search#/metadata/oai:marineinfo.org:id:dataset:1884"], "keywords": ["Data Marine Genomics Species distribution Taxonomy"], "geographicCoverage": ["Geographic Description ANE, France"], "westBoundingCoordinate": ["-10.18543"], "eastBoundingCoordinate": ["1.38645"], "northBoundingCoordinate": ["58.5645"], "southBoundingCoordinate": ["49.89359"], "dateCreated": ["N/A"], "temporalCoverageEndDate": ["N/A"], "license": ["https://www.mba.ac.uk/shore_thing/"], "distribution": ["https://www.mba.ac.uk/shore_thing/"], "distributionInfo": ["https://www.mba.ac.uk/shore_thing/"], "identifier": ["https://metadatacatalogue.lifewatch.eu:/geonetwork/eng/catalog.search#/metadata/oai:marineinfo.org:id:dataset:1884"], "accessibilitySummary": ["N/A"], "version": ["N/A"], "temporalCoverage": ["N/A"], "publisher": ["N/A"], "spatial": ["N/A"], "citation": ["N/A"], "genre": ["N/A"], "modificationDate": ["2021-12-02"], "image": ["N/A"], "thumbnailUrl": ["N/A"], "headline": ["2005-Ongoing UK MarLIN Shore Thing timed search results"], "abstract": ["Intertidal species effort based search undertaken by students (16+) and volunteer groups with supportfrom an ecologist. During the twenty minutetimed species search surveyors look for 22 species, 4 non native and 18 climate change indicator species within1 of 3 habitats rockpools; boulders, crevices and overhangs or open rock.Abundance is recorded using a simplifiedversion of SACFORN."], "theme": ["N/A"], "creditText": ["N/A"], "producer": ["\u00c2\u00a0Marine Biological Association of theUK GB "], "author": ["\u00c2\u00a0Marine Biological Association of theUK GB "], "spatialCoverage": [" France"], "sponsor": ["N/A"], "size": ["N/A"], "sameAs": ["N/A"], "publication": ["N/A"], "provider": ["\u00c2\u00a0Marine Biological Association of theUK GB "], "position": ["N/A"], "measurementTechnique": ["N/A"], "material": ["N/A"], "maintainer": ["N/A"], "locationCreated": ["N/A"], "issn": ["N/A"], "isPartOf": ["N/A"], "isBasedOn": ["N/A"], "isAccessibleForFree": ["N/A"], "includedInDataCatalog": ["N/A"], "editor": ["N/A"], "editEIDR": ["N/A"], "copyrightYear": ["N/A"], "copyrightNotice": ["N/A"], "copyrightHolder": ["N/A"], "contributor": ["N/A"], "contentReferenceTime": ["N/A"], "contentLocation": ["N/A"], "character": ["N/A"], "acquireLicensePage": ["N/A"], "accessModeSufficient": ["N/A"], "about": ["N/A"], "rights": ["N/A"], "relation": ["N/A"], "qualifiedRelation": ["N/A"], "qualifiedAttribution": ["N/A"], "previousVersion": ["N/A"], "nextVersion": ["N/A"], "landingPage": ["N/A"], "isReferencedBy": ["N/A"], "hasVersion": ["N/A"], "hasPolicy": ["N/A"], "hasCurrentVersion": ["N/A"], "useConstraints": ["N/A"], "status": ["N/A"], "spatialRepresentationType": ["N/A"], "scope": ["N/A"], "purpose": ["N/A"], "otherLocale": ["N/A"], "metadataProfile": ["N/A"], "metadataLinkage": ["N/A"], "metadataIdentifier": ["N/A"], "environmentDescription": ["N/A"], "contentInfo": ["N/A"], "ResearchInfrastructure": ["LifeWatch"], "EssentialVariables": ["N/A"], "potentialTopics": ["N/A"]}