{"url": ["https://metadatacatalogue.lifewatch.eu:/srv/api/records/oai:marineinfo.org:id:dataset:67"], "name": ["North Sea Benthos Survey"], "description": ["North Sea macrobenthos species density and abundance, measured on a regulargrid of stations corresponding with ICES standard stations. All sampling was done in spring1986."], "datePublished": ["2021-12-02"], "language": ["en"], "creator": ["\u00c2\u00a0Alfred Wegener Institute for Polar- and Marine Research- Eike Rachor "], "metadataProvider": ["\u00c2\u00a0Flanders Marine Institute(VLIZ) BEhttps://www.vliz.be"], "contact": ["\u00c2\u00a0Vlaams Instituut voor de Zee BE "], "associatedParty": [" contentProvider\u00c2\u00a0Alfred Wegener Institute for Polar- and Marine Research; Biololgical StationHelgoland "], "licenseInformation": [" Intellectual Rights Attribution-ShareAlike (CC BY-SA)\u00c2\u00a0 "], "downloadLink": ["https://metadatacatalogue.lifewatch.eu:/srv/eng/catalog.search#/metadata/oai:marineinfo.org:id:dataset:67"], "keywords": ["Benthos Biodiversity Data Epibenthos Macrobenthos Marine Genomics Meiobenthic organisms Meiobenthos"], "geographicCoverage": ["Geographic Description ANE, Belgium, Belgian Continental Shelf (BCS)"], "westBoundingCoordinate": ["-3"], "eastBoundingCoordinate": ["9"], "northBoundingCoordinate": ["60.75"], "southBoundingCoordinate": ["51"], "dateCreated": ["1986-04-01"], "temporalCoverageEndDate": ["1986-05-01"], "license": ["N/A"], "distribution": ["N/A"], "distributionInfo": ["N/A"], "identifier": ["https://metadatacatalogue.lifewatch.eu:/srv/eng/catalog.search#/metadata/oai:marineinfo.org:id:dataset:67"], "accessibilitySummary": ["N/A"], "version": ["N/A"], "temporalCoverage": ["N/A"], "publisher": ["N/A"], "spatial": ["N/A"], "citation": ["N/A"], "genre": ["N/A"], "modificationDate": ["2021-12-02"], "image": ["N/A"], "thumbnailUrl": ["N/A"], "headline": ["North Sea Benthos Survey"], "abstract": ["North Sea macrobenthos species density and abundance, measured on a regulargrid of stations corresponding with ICES standard stations. All sampling was done in spring1986."], "theme": ["N/A"], "creditText": ["N/A"], "producer": ["\u00c2\u00a0Alfred Wegener Institute for Polar- and Marine Research- Eike Rachor "], "author": ["\u00c2\u00a0Alfred Wegener Institute for Polar- and Marine Research- Eike Rachor "], "spatialCoverage": [" Belgium Belgian Continental Shelf (BCS)"], "sponsor": ["N/A"], "size": ["N/A"], "sameAs": ["N/A"], "publication": ["N/A"], "provider": ["\u00c2\u00a0Alfred Wegener Institute for Polar- and Marine Research- Eike Rachor "], "position": ["N/A"], "measurementTechnique": ["N/A"], "material": ["N/A"], "maintainer": ["N/A"], "locationCreated": ["N/A"], "issn": ["N/A"], "isPartOf": ["N/A"], "isBasedOn": ["N/A"], "isAccessibleForFree": ["N/A"], "includedInDataCatalog": ["N/A"], "editor": ["N/A"], "editEIDR": ["N/A"], "copyrightYear": ["N/A"], "copyrightNotice": ["N/A"], "copyrightHolder": ["N/A"], "contributor": ["N/A"], "contentReferenceTime": ["N/A"], "contentLocation": ["N/A"], "character": ["N/A"], "acquireLicensePage": ["N/A"], "accessModeSufficient": ["N/A"], "about": ["N/A"], "rights": ["N/A"], "relation": ["N/A"], "qualifiedRelation": ["N/A"], "qualifiedAttribution": ["N/A"], "previousVersion": ["N/A"], "nextVersion": ["N/A"], "landingPage": ["N/A"], "isReferencedBy": ["N/A"], "hasVersion": ["N/A"], "hasPolicy": ["N/A"], "hasCurrentVersion": ["N/A"], "useConstraints": ["N/A"], "status": ["N/A"], "spatialRepresentationType": ["N/A"], "scope": ["N/A"], "purpose": ["N/A"], "otherLocale": ["N/A"], "metadataProfile": ["N/A"], "metadataLinkage": ["N/A"], "metadataIdentifier": ["N/A"], "environmentDescription": ["N/A"], "contentInfo": ["N/A"], "ResearchInfrastructure": ["LifeWatch"], "EssentialVariables": ["N/A"], "potentialTopics": ["N/A"]}