{"url": ["https://metadatacatalogue.lifewatch.eu:/srv/api/records/oai:marineinfo.org:id:dataset:5735"], "name": ["Microphytobenthos monitoring in the Mar Piccolo of Taranto. 2013-2014"], "description": ["Microphytobenthos monitoring in the Mar Piccoloof Taranto, 2013-2014in the framework of the Italian flagship projectRITMARE"], "datePublished": ["2021-12-02"], "language": ["en"], "creator": ["\u00c2\u00a0National Institute of Oceanography andExperimentalGeophysics- Tamara Cibic "], "metadataProvider": ["\u00c2\u00a0Flanders Marine Institute(VLIZ) BEhttps://www.vliz.be"], "contact": ["\u00c2\u00a0National Institute of Oceanography andExperimentalGeophysics- Tamara Cibic "], "associatedParty": ["N/A"], "licenseInformation": [" Intellectual Rights This work is licensed under a Creative Commons Attribution NonCommercial (CC-BY-NC) 4.0 License .\u00c2\u00a0 "], "downloadLink": ["https://metadatacatalogue.lifewatch.eu:/srv/eng/catalog.search#/metadata/oai:marineinfo.org:id:dataset:5735"], "keywords": ["Microphytobenthos"], "geographicCoverage": ["Geographic Description EurOBIS calculated BBOX > station Bounding Box Bounding Box West Bounding Coordinate 17.2461111 East Bounding Coordinate 17.3025 North Bounding Coordinate 40.4930556 South Bounding Coordinate 40.4794444"], "westBoundingCoordinate": ["17.2461111"], "eastBoundingCoordinate": ["17.3025"], "northBoundingCoordinate": ["40.4930556"], "southBoundingCoordinate": ["40.4794444"], "dateCreated": ["2013-01-01"], "temporalCoverageEndDate": ["2014-01-01"], "license": ["http://nodc.ogs.trieste.it/nodc/metadata/doidetails?doi=10.6092/ffbf4a8a-e1a5-4199-9039-8c61d4935939"], "distribution": ["http://nodc.ogs.trieste.it/nodc/metadata/doidetails?doi=10.6092/ffbf4a8a-e1a5-4199-9039-8c61d4935939"], "distributionInfo": ["http://nodc.ogs.trieste.it/nodc/metadata/doidetails?doi=10.6092/ffbf4a8a-e1a5-4199-9039-8c61d4935939"], "identifier": ["https://metadatacatalogue.lifewatch.eu:/srv/eng/catalog.search#/metadata/oai:marineinfo.org:id:dataset:5735"], "accessibilitySummary": ["N/A"], "version": ["N/A"], "temporalCoverage": ["N/A"], "publisher": ["N/A"], "spatial": ["N/A"], "citation": ["N/A"], "genre": ["N/A"], "modificationDate": ["2021-12-02"], "image": ["N/A"], "thumbnailUrl": ["N/A"], "headline": ["Microphytobenthos monitoring in the Mar Piccolo of Taranto. 2013-2014"], "abstract": ["Microphytobenthos monitoring in the Mar Piccoloof Taranto, 2013-2014in the framework of the Italian flagship projectRITMARE"], "theme": ["N/A"], "creditText": ["N/A"], "producer": ["\u00c2\u00a0National Institute of Oceanography andExperimentalGeophysics- Tamara Cibic "], "author": ["\u00c2\u00a0National Institute of Oceanography andExperimentalGeophysics- Tamara Cibic "], "spatialCoverage": [" calculated BBOX > station Bounding Box Bounding Box West Bounding Coordinate 17.2461111 East Bounding Coordinate 17.3025 North Bounding Coordinate 40.4930556 South Bounding Coordinate 40.4794444"], "sponsor": ["N/A"], "size": ["N/A"], "sameAs": ["N/A"], "publication": ["N/A"], "provider": ["\u00c2\u00a0National Institute of Oceanography andExperimentalGeophysics- Tamara Cibic "], "position": ["N/A"], "measurementTechnique": ["N/A"], "material": ["N/A"], "maintainer": ["N/A"], "locationCreated": ["N/A"], "issn": ["N/A"], "isPartOf": ["N/A"], "isBasedOn": ["N/A"], "isAccessibleForFree": ["N/A"], "includedInDataCatalog": ["N/A"], "editor": ["N/A"], "editEIDR": ["N/A"], "copyrightYear": ["N/A"], "copyrightNotice": ["N/A"], "copyrightHolder": ["N/A"], "contributor": ["N/A"], "contentReferenceTime": ["N/A"], "contentLocation": ["N/A"], "character": ["N/A"], "acquireLicensePage": ["N/A"], "accessModeSufficient": ["N/A"], "about": ["N/A"], "rights": ["N/A"], "relation": ["N/A"], "qualifiedRelation": ["N/A"], "qualifiedAttribution": ["N/A"], "previousVersion": ["N/A"], "nextVersion": ["N/A"], "landingPage": ["N/A"], "isReferencedBy": ["N/A"], "hasVersion": ["N/A"], "hasPolicy": ["N/A"], "hasCurrentVersion": ["N/A"], "useConstraints": ["N/A"], "status": ["N/A"], "spatialRepresentationType": ["N/A"], "scope": ["N/A"], "purpose": ["N/A"], "otherLocale": ["N/A"], "metadataProfile": ["N/A"], "metadataLinkage": ["N/A"], "metadataIdentifier": ["N/A"], "environmentDescription": ["N/A"], "contentInfo": ["N/A"], "ResearchInfrastructure": ["LifeWatch"], "EssentialVariables": ["N/A"], "potentialTopics": ["N/A"]}