{"url": ["https://metadatacatalogue.lifewatch.eu:/geonetwork/api/records/oai:marineinfo.org:id:dataset:698"], "name": ["Offshore nematodes from Rame and in microcosm experiment (exposure to metals)"], "description": ["Experimental data - nematode datafrom microcosms dosed with three levelsofcontaminants (Cu, Zn, Cd,Pb) plus controlsand initial field samples."], "datePublished": ["2021-12-02"], "language": ["en"], "creator": ["\u00c2\u00a0Plymouth Marine Laboratory- Melanie Austen "], "metadataProvider": ["\u00c2\u00a0Flanders Marine Institute(VLIZ) BEhttps://www.vliz.be"], "contact": ["\u00c2\u00a0Plymouth Marine Laboratory- Andrea McEvoy "], "associatedParty": ["N/A"], "licenseInformation": [" Intellectual Rights This work is licensed under a Creative Commons Attribution (CC-BY) 4.0 License .\u00c2\u00a0 "], "downloadLink": ["https://metadatacatalogue.lifewatch.eu:/srv/eng/catalog.search#/metadata/oai:marineinfo.org:id:dataset:698"], "keywords": ["Meiobenthos Nematode"], "geographicCoverage": ["Geographic Description Rame Peninsula > station Rame Peninsula"], "westBoundingCoordinate": ["-4.249333333"], "eastBoundingCoordinate": ["-4.249333333"], "northBoundingCoordinate": ["50.30666667"], "southBoundingCoordinate": ["50.30666667"], "dateCreated": ["1996-01-01"], "temporalCoverageEndDate": ["1996-01-01"], "license": ["N/A"], "distribution": ["N/A"], "distributionInfo": ["N/A"], "identifier": ["https://metadatacatalogue.lifewatch.eu:/srv/eng/catalog.search#/metadata/oai:marineinfo.org:id:dataset:698"], "accessibilitySummary": ["N/A"], "version": ["N/A"], "temporalCoverage": ["N/A"], "publisher": ["N/A"], "spatial": ["N/A"], "citation": ["N/A"], "genre": ["N/A"], "modificationDate": ["2021-12-02"], "image": ["N/A"], "thumbnailUrl": ["N/A"], "headline": ["Offshore nematodes from Rame and in microcosm experiment (exposure to metals)"], "abstract": ["Experimental data - nematode datafrom microcosms dosed with three levelsofcontaminants (Cu, Zn, Cd,Pb) plus controlsand initial field samples."], "theme": ["N/A"], "creditText": ["N/A"], "producer": ["\u00c2\u00a0Plymouth Marine Laboratory- Melanie Austen "], "author": ["\u00c2\u00a0Plymouth Marine Laboratory- Melanie Austen "], "spatialCoverage": [" Rame Peninsula > station Rame Peninsula"], "sponsor": ["N/A"], "size": ["N/A"], "sameAs": ["N/A"], "publication": ["N/A"], "provider": ["\u00c2\u00a0Plymouth Marine Laboratory- Melanie Austen "], "position": ["N/A"], "measurementTechnique": ["N/A"], "material": ["N/A"], "maintainer": ["N/A"], "locationCreated": ["N/A"], "issn": ["N/A"], "isPartOf": ["N/A"], "isBasedOn": ["N/A"], "isAccessibleForFree": ["N/A"], "includedInDataCatalog": ["N/A"], "editor": ["N/A"], "editEIDR": ["N/A"], "copyrightYear": ["N/A"], "copyrightNotice": ["N/A"], "copyrightHolder": ["N/A"], "contributor": ["N/A"], "contentReferenceTime": ["N/A"], "contentLocation": ["N/A"], "character": ["N/A"], "acquireLicensePage": ["N/A"], "accessModeSufficient": ["N/A"], "about": ["N/A"], "rights": ["N/A"], "relation": ["N/A"], "qualifiedRelation": ["N/A"], "qualifiedAttribution": ["N/A"], "previousVersion": ["N/A"], "nextVersion": ["N/A"], "landingPage": ["N/A"], "isReferencedBy": ["N/A"], "hasVersion": ["N/A"], "hasPolicy": ["N/A"], "hasCurrentVersion": ["N/A"], "useConstraints": ["N/A"], "status": ["N/A"], "spatialRepresentationType": ["N/A"], "scope": ["N/A"], "purpose": ["N/A"], "otherLocale": ["N/A"], "metadataProfile": ["N/A"], "metadataLinkage": ["N/A"], "metadataIdentifier": ["N/A"], "environmentDescription": ["N/A"], "contentInfo": ["N/A"], "ResearchInfrastructure": ["LifeWatch"], "EssentialVariables": ["N/A"], "potentialTopics": ["N/A"]}