{"url": ["https://metadatacatalogue.lifewatch.eu:/srv/api/records/oai:marineinfo.org:id:dataset:291"], "name": ["SNU-FF Phytoplankton and zooplankton (1999-2010)"], "description": ["This dataset contains phytoplankton and zooplankton data from 1999 to 2010, collected at three stations offshore the Sinop Peninsula,Turkey, located in the BlackSea."], "datePublished": ["2021-12-02"], "language": ["en"], "creator": ["\u00c2\u00a0Sinop University; FisheriesFaculty- Levent Bat "], "metadataProvider": ["\u00c2\u00a0Flanders Marine Institute(VLIZ) BEhttps://www.vliz.be"], "contact": ["\u00c2\u00a0Sinop University; FisheriesFaculty- Levent Bat "], "associatedParty": [" contentProvider\u00c2\u00a0Sinop University; FisheriesFaculty- Fatih Sahin "], "licenseInformation": [" Intellectual Rights This work is licensed under a Creative Commons Attribution (CC-BY) 4.0 License .\u00c2\u00a0 "], "downloadLink": ["https://metadatacatalogue.lifewatch.eu:/srv/eng/catalog.search#/metadata/oai:marineinfo.org:id:dataset:291"], "keywords": ["Chemistry Nutrients Physics Plankton"], "geographicCoverage": ["Geographic Description EurOBIS calculated BBOX > station Bounding Box Bounding Box West Bounding Coordinate 35.158888888889 East Bounding Coordinate 35.158888888889 North Bounding Coordinate 42.005833333333 South Bounding Coordinate 42.005833333333"], "westBoundingCoordinate": ["35.158888888889"], "eastBoundingCoordinate": ["35.158888888889"], "northBoundingCoordinate": ["42.005833333333"], "southBoundingCoordinate": ["42.005833333333"], "dateCreated": ["1999-01-26"], "temporalCoverageEndDate": ["2010-12-24"], "license": ["N/A"], "distribution": ["N/A"], "distributionInfo": ["N/A"], "identifier": ["https://metadatacatalogue.lifewatch.eu:/srv/eng/catalog.search#/metadata/oai:marineinfo.org:id:dataset:291"], "accessibilitySummary": ["N/A"], "version": ["N/A"], "temporalCoverage": ["N/A"], "publisher": ["N/A"], "spatial": ["N/A"], "citation": ["N/A"], "genre": ["N/A"], "modificationDate": ["2021-12-02"], "image": ["N/A"], "thumbnailUrl": ["N/A"], "headline": ["SNU-FF Phytoplankton and zooplankton (1999-2010)"], "abstract": ["This dataset contains phytoplankton and zooplankton data from 1999 to 2010, collected at three stations offshore the Sinop Peninsula,Turkey, located in the BlackSea."], "theme": ["N/A"], "creditText": ["N/A"], "producer": ["\u00c2\u00a0Sinop University; FisheriesFaculty- Levent Bat "], "author": ["\u00c2\u00a0Sinop University; FisheriesFaculty- Levent Bat "], "spatialCoverage": [" calculated BBOX > station Bounding Box Bounding Box West Bounding Coordinate 35.158888888889 East Bounding Coordinate 35.158888888889 North Bounding Coordinate 42.005833333333 South Bounding Coordinate 42.005833333333"], "sponsor": ["N/A"], "size": ["N/A"], "sameAs": ["N/A"], "publication": ["N/A"], "provider": ["\u00c2\u00a0Sinop University; FisheriesFaculty- Levent Bat "], "position": ["N/A"], "measurementTechnique": ["N/A"], "material": ["N/A"], "maintainer": ["N/A"], "locationCreated": ["N/A"], "issn": ["N/A"], "isPartOf": ["N/A"], "isBasedOn": ["N/A"], "isAccessibleForFree": ["N/A"], "includedInDataCatalog": ["N/A"], "editor": ["N/A"], "editEIDR": ["N/A"], "copyrightYear": ["N/A"], "copyrightNotice": ["N/A"], "copyrightHolder": ["N/A"], "contributor": ["N/A"], "contentReferenceTime": ["N/A"], "contentLocation": ["N/A"], "character": ["N/A"], "acquireLicensePage": ["N/A"], "accessModeSufficient": ["N/A"], "about": ["N/A"], "rights": ["N/A"], "relation": ["N/A"], "qualifiedRelation": ["N/A"], "qualifiedAttribution": ["N/A"], "previousVersion": ["N/A"], "nextVersion": ["N/A"], "landingPage": ["N/A"], "isReferencedBy": ["N/A"], "hasVersion": ["N/A"], "hasPolicy": ["N/A"], "hasCurrentVersion": ["N/A"], "useConstraints": ["N/A"], "status": ["N/A"], "spatialRepresentationType": ["N/A"], "scope": ["N/A"], "purpose": ["N/A"], "otherLocale": ["N/A"], "metadataProfile": ["N/A"], "metadataLinkage": ["N/A"], "metadataIdentifier": ["N/A"], "environmentDescription": ["N/A"], "contentInfo": ["N/A"], "ResearchInfrastructure": ["LifeWatch"], "EssentialVariables": ["N/A"], "potentialTopics": ["N/A"]}