{"url": ["https://metadatacatalogue.lifewatch.eu:/srv/api/records/oai:marineinfo.org:id:dataset:2816"], "name": ["Documentation Center of Vegetal Biodiversity: BCN-Phycophyta"], "description": ["The algae collection of the Herbarium BCNcontains more than 7,000specimens. These samples correspondto marine macrophytes, basically phaeophytes, rhodophytes andchlorophytes, which come from allalong the coastline of the Iberian Peninsula, but mostlyfrom the Catalan-speaking territories (Pa\u00c3\u00afsos Catalans), the Basque Country and Galicia. In terms of taxa, there is a substantial representation of the genusCystoseira."], "datePublished": ["2021-12-02"], "language": ["en"], "creator": ["\u00c2\u00a0Centre de Documentaci\u00c3\u00b3 deBiodiversitatVegetal- Roser Guardia Rubies "], "metadataProvider": ["\u00c2\u00a0Flanders Marine Institute(VLIZ) BEhttps://www.vliz.be"], "contact": ["\u00c2\u00a0Centre de Documentaci\u00c3\u00b3 deBiodiversitatVegetal- Roser Guardia Rubies "], "associatedParty": [" custodianSteward\u00c2\u00a0Centre de Documentaci\u00c3\u00b3 deBiodiversitatVegetal- Roser Guardia Rubies "], "licenseInformation": [" Intellectual Rights This work is licensed under a Creative Commons Attribution NonCommercial (CC-BY-NC) 4.0 License .\u00c2\u00a0 "], "downloadLink": ["https://metadatacatalogue.lifewatch.eu:/srv/eng/catalog.search#/metadata/oai:marineinfo.org:id:dataset:2816"], "keywords": ["Algae"], "geographicCoverage": ["Geographic Description ANE, Portugal"], "westBoundingCoordinate": ["-9.52"], "eastBoundingCoordinate": ["4.34"], "northBoundingCoordinate": ["43.75"], "southBoundingCoordinate": ["35.92"], "dateCreated": ["1952-01-01"], "temporalCoverageEndDate": ["2007-01-01"], "license": ["N/A"], "distribution": ["N/A"], "distributionInfo": ["N/A"], "identifier": ["https://metadatacatalogue.lifewatch.eu:/srv/eng/catalog.search#/metadata/oai:marineinfo.org:id:dataset:2816"], "accessibilitySummary": ["N/A"], "version": ["N/A"], "temporalCoverage": ["N/A"], "publisher": ["N/A"], "spatial": ["N/A"], "citation": ["N/A"], "genre": ["N/A"], "modificationDate": ["2021-12-02"], "image": ["N/A"], "thumbnailUrl": ["N/A"], "headline": ["Documentation Center of Vegetal Biodiversity: BCN-Phycophyta"], "abstract": ["The algae collection of the Herbarium BCNcontains more than 7,000specimens. These samples correspondto marine macrophytes, basically phaeophytes, rhodophytes andchlorophytes, which come from allalong the coastline of the Iberian Peninsula, but mostlyfrom the Catalan-speaking territories (Pa\u00c3\u00afsos Catalans), the Basque Country and Galicia. In terms of taxa, there is a substantial representation of the genusCystoseira."], "theme": ["N/A"], "creditText": ["N/A"], "producer": ["\u00c2\u00a0Centre de Documentaci\u00c3\u00b3 deBiodiversitatVegetal- Roser Guardia Rubies "], "author": ["\u00c2\u00a0Centre de Documentaci\u00c3\u00b3 deBiodiversitatVegetal- Roser Guardia Rubies "], "spatialCoverage": [" Portugal"], "sponsor": ["N/A"], "size": ["N/A"], "sameAs": ["N/A"], "publication": ["N/A"], "provider": ["\u00c2\u00a0Centre de Documentaci\u00c3\u00b3 deBiodiversitatVegetal- Roser Guardia Rubies "], "position": ["N/A"], "measurementTechnique": ["N/A"], "material": ["N/A"], "maintainer": ["N/A"], "locationCreated": ["N/A"], "issn": ["N/A"], "isPartOf": ["N/A"], "isBasedOn": ["N/A"], "isAccessibleForFree": ["N/A"], "includedInDataCatalog": ["N/A"], "editor": ["N/A"], "editEIDR": ["N/A"], "copyrightYear": ["N/A"], "copyrightNotice": ["N/A"], "copyrightHolder": ["N/A"], "contributor": ["N/A"], "contentReferenceTime": ["N/A"], "contentLocation": ["N/A"], "character": ["N/A"], "acquireLicensePage": ["N/A"], "accessModeSufficient": ["N/A"], "about": ["N/A"], "rights": ["N/A"], "relation": ["N/A"], "qualifiedRelation": ["N/A"], "qualifiedAttribution": ["N/A"], "previousVersion": ["N/A"], "nextVersion": ["N/A"], "landingPage": ["N/A"], "isReferencedBy": ["N/A"], "hasVersion": ["N/A"], "hasPolicy": ["N/A"], "hasCurrentVersion": ["N/A"], "useConstraints": ["N/A"], "status": ["N/A"], "spatialRepresentationType": ["N/A"], "scope": ["N/A"], "purpose": ["N/A"], "otherLocale": ["N/A"], "metadataProfile": ["N/A"], "metadataLinkage": ["N/A"], "metadataIdentifier": ["N/A"], "environmentDescription": ["N/A"], "contentInfo": ["N/A"], "ResearchInfrastructure": ["LifeWatch"], "EssentialVariables": ["N/A"], "potentialTopics": ["N/A"]}