{"url": ["https://metadatacatalogue.lifewatch.eu:/geonetwork/api/records/oai:marineinfo.org:id:dataset:4612"], "name": ["Harpacticoida from a scientific cruise of the R. \"Akademik\" in the western part of the Black Sea"], "description": ["Data on Harpacticoida from field surveyduring a scientific cruise of RV \"Akademik\"(Institute Oceanology, BAS) in the westernpart of the Black Sea in September- October 2003."], "datePublished": ["2021-12-02"], "language": ["en"], "creator": ["\u00c2\u00a0Lomonosov Moscow StateUniversity "], "metadataProvider": ["\u00c2\u00a0Flanders Marine Institute(VLIZ) BEhttps://www.vliz.be"], "contact": ["\u00c2\u00a0Moscow State University;Department of Hydrobiology- Andrey Azovsky "], "associatedParty": [" pointOfContact\u00c2\u00a0National Academy of Sciences ofUkraine; Institute of Biology of the SouthernSeas; Odessa Branch- Lesya Garlitska "], "licenseInformation": [" Intellectual Rights This work is licensed under a Creative Commons Attribution (CC-BY) 4.0 License .\u00c2\u00a0 "], "downloadLink": ["https://metadatacatalogue.lifewatch.eu:/geonetwork/eng/catalog.search#/metadata/oai:marineinfo.org:id:dataset:4612"], "keywords": ["N/A"], "geographicCoverage": ["Geographic Description North - Western Black Sea"], "westBoundingCoordinate": ["29.9"], "eastBoundingCoordinate": ["31.603"], "northBoundingCoordinate": ["46.454167"], "southBoundingCoordinate": ["44.712333"], "dateCreated": ["2003-09-23"], "temporalCoverageEndDate": ["2003-10-13"], "license": ["N/A"], "distribution": ["N/A"], "distributionInfo": ["N/A"], "identifier": ["https://metadatacatalogue.lifewatch.eu:/geonetwork/eng/catalog.search#/metadata/oai:marineinfo.org:id:dataset:4612"], "accessibilitySummary": ["N/A"], "version": ["N/A"], "temporalCoverage": ["N/A"], "publisher": ["N/A"], "spatial": ["N/A"], "citation": ["N/A"], "genre": ["N/A"], "modificationDate": ["2021-12-02"], "image": ["N/A"], "thumbnailUrl": ["N/A"], "headline": ["Harpacticoida from a scientific cruise of the R. \"Akademik\" in the western part of the Black Sea"], "abstract": ["Data on Harpacticoida from field surveyduring a scientific cruise of RV \"Akademik\"(Institute Oceanology, BAS) in the westernpart of the Black Sea in September- October 2003."], "theme": ["N/A"], "creditText": ["N/A"], "producer": ["\u00c2\u00a0Lomonosov Moscow StateUniversity "], "author": ["\u00c2\u00a0Lomonosov Moscow StateUniversity "], "spatialCoverage": [" North - Western Black Sea"], "sponsor": ["N/A"], "size": ["N/A"], "sameAs": ["N/A"], "publication": ["N/A"], "provider": ["\u00c2\u00a0Lomonosov Moscow StateUniversity "], "position": ["N/A"], "measurementTechnique": ["N/A"], "material": ["N/A"], "maintainer": ["N/A"], "locationCreated": ["N/A"], "issn": ["N/A"], "isPartOf": ["N/A"], "isBasedOn": ["N/A"], "isAccessibleForFree": ["N/A"], "includedInDataCatalog": ["N/A"], "editor": ["N/A"], "editEIDR": ["N/A"], "copyrightYear": ["N/A"], "copyrightNotice": ["N/A"], "copyrightHolder": ["N/A"], "contributor": ["N/A"], "contentReferenceTime": ["N/A"], "contentLocation": ["N/A"], "character": ["N/A"], "acquireLicensePage": ["N/A"], "accessModeSufficient": ["N/A"], "about": ["N/A"], "rights": ["N/A"], "relation": ["N/A"], "qualifiedRelation": ["N/A"], "qualifiedAttribution": ["N/A"], "previousVersion": ["N/A"], "nextVersion": ["N/A"], "landingPage": ["N/A"], "isReferencedBy": ["N/A"], "hasVersion": ["N/A"], "hasPolicy": ["N/A"], "hasCurrentVersion": ["N/A"], "useConstraints": ["N/A"], "status": ["N/A"], "spatialRepresentationType": ["N/A"], "scope": ["N/A"], "purpose": ["N/A"], "otherLocale": ["N/A"], "metadataProfile": ["N/A"], "metadataLinkage": ["N/A"], "metadataIdentifier": ["N/A"], "environmentDescription": ["N/A"], "contentInfo": ["N/A"], "ResearchInfrastructure": ["LifeWatch"], "EssentialVariables": ["N/A"], "potentialTopics": ["N/A"]}