{"url": ["https://metadatacatalogue.lifewatch.eu:/srv/api/records/oai:marineinfo.org:id:dataset:6701"], "name": ["Mollusca fauna from the Mediterranean reef ecosystem (1170 habitat)"], "description": ["This dataset contains occurrence records of infralittoral molluscs from several locations in the Mediterranean basin. Thesedata come from available data, publishedpapers in scientificjournals as well as free available PhD thesis, dating back to1969"], "datePublished": ["2021-12-02"], "language": ["en"], "creator": ["\u00c2\u00a0Foundation for Research andTechnology - Hellas- Dimitris Poursanidis "], "metadataProvider": ["\u00c2\u00a0Flanders Marine Institute(VLIZ) BEhttps://www.vliz.be"], "contact": ["\u00c2\u00a0Foundation for Research andTechnology - Hellas- Dimitris Poursanidis "], "associatedParty": [" contentProvider\u00c2\u00a0Foundation for Research andTechnology - Hellas- Dimitris Poursanidis "], "licenseInformation": [" Intellectual Rights To the extent possible underlaw, the publisher has waived all rights to these data and has dedicated them to the Public Domain (CC01.0) . Users may copy, modify,distribute and use the work,including for commercial purposes, without restriction.\u00c2\u00a0 "], "downloadLink": ["https://metadatacatalogue.lifewatch.eu:/srv/eng/catalog.search#/metadata/oai:marineinfo.org:id:dataset:6701"], "keywords": ["Infralittoral Rocky shores"], "geographicCoverage": ["Geographic Description MED"], "westBoundingCoordinate": ["N/A"], "eastBoundingCoordinate": ["N/A"], "northBoundingCoordinate": ["N/A"], "southBoundingCoordinate": ["N/A"], "dateCreated": ["1969-01-01"], "temporalCoverageEndDate": ["2014-01-01"], "license": ["N/A"], "distribution": ["N/A"], "distributionInfo": ["N/A"], "identifier": ["https://metadatacatalogue.lifewatch.eu:/srv/eng/catalog.search#/metadata/oai:marineinfo.org:id:dataset:6701"], "accessibilitySummary": ["N/A"], "version": ["N/A"], "temporalCoverage": ["N/A"], "publisher": ["N/A"], "spatial": ["N/A"], "citation": ["N/A"], "genre": ["N/A"], "modificationDate": ["2021-12-02"], "image": ["N/A"], "thumbnailUrl": ["N/A"], "headline": ["Mollusca fauna from the Mediterranean reef ecosystem (1170 habitat)"], "abstract": ["This dataset contains occurrence records of infralittoral molluscs from several locations in the Mediterranean basin. Thesedata come from available data, publishedpapers in scientificjournals as well as free available PhD thesis, dating back to1969"], "theme": ["N/A"], "creditText": ["N/A"], "producer": ["\u00c2\u00a0Foundation for Research andTechnology - Hellas- Dimitris Poursanidis "], "author": ["\u00c2\u00a0Foundation for Research andTechnology - Hellas- Dimitris Poursanidis "], "spatialCoverage": [" MED"], "sponsor": ["N/A"], "size": ["N/A"], "sameAs": ["N/A"], "publication": ["N/A"], "provider": ["\u00c2\u00a0Foundation for Research andTechnology - Hellas- Dimitris Poursanidis "], "position": ["N/A"], "measurementTechnique": ["N/A"], "material": ["N/A"], "maintainer": ["N/A"], "locationCreated": ["N/A"], "issn": ["N/A"], "isPartOf": ["N/A"], "isBasedOn": ["N/A"], "isAccessibleForFree": ["N/A"], "includedInDataCatalog": ["N/A"], "editor": ["N/A"], "editEIDR": ["N/A"], "copyrightYear": ["N/A"], "copyrightNotice": ["N/A"], "copyrightHolder": ["N/A"], "contributor": ["N/A"], "contentReferenceTime": ["N/A"], "contentLocation": ["N/A"], "character": ["N/A"], "acquireLicensePage": ["N/A"], "accessModeSufficient": ["N/A"], "about": ["N/A"], "rights": ["N/A"], "relation": ["N/A"], "qualifiedRelation": ["N/A"], "qualifiedAttribution": ["N/A"], "previousVersion": ["N/A"], "nextVersion": ["N/A"], "landingPage": ["N/A"], "isReferencedBy": ["N/A"], "hasVersion": ["N/A"], "hasPolicy": ["N/A"], "hasCurrentVersion": ["N/A"], "useConstraints": ["N/A"], "status": ["N/A"], "spatialRepresentationType": ["N/A"], "scope": ["N/A"], "purpose": ["N/A"], "otherLocale": ["N/A"], "metadataProfile": ["N/A"], "metadataLinkage": ["N/A"], "metadataIdentifier": ["N/A"], "environmentDescription": ["N/A"], "contentInfo": ["N/A"], "ResearchInfrastructure": ["LifeWatch"], "EssentialVariables": ["N/A"], "potentialTopics": ["N/A"]}