{"url": ["https://metadatacatalogue.lifewatch.eu:/srv/api/records/oai:marineinfo.org:id:dataset:1495"], "name": ["L4 Plankton Monitoring Programme"], "description": ["Station L4 is one of a series of hydrographic stations in the Western English Channel(English Channel References). These stationshave been the basis of a series of hydrographic surveys carried out during the 20th Century by scientists at the Marine Biological Association and Plymouth Marine Laboratory in Plymouth."], "datePublished": ["2021-12-02"], "language": ["en"], "creator": ["\u00c2\u00a0Plymouth Marine Laboratory GB "], "metadataProvider": ["\u00c2\u00a0Flanders Marine Institute(VLIZ) BEhttps://www.vliz.be"], "contact": ["\u00c2\u00a0Plymouth Marine Laboratory- Tim Smyth "], "associatedParty": ["N/A"], "licenseInformation": [" Intellectual Rights Restricted\u00c2\u00a0 "], "downloadLink": ["https://metadatacatalogue.lifewatch.eu:/srv/eng/catalog.search#/metadata/oai:marineinfo.org:id:dataset:1495"], "keywords": ["Long-term monitoring Monitoring Phytoplankton Plankton Zooplankton"], "geographicCoverage": ["Geographic Description ANE, English Channel > stationL4"], "westBoundingCoordinate": ["-4.22"], "eastBoundingCoordinate": ["-4.22"], "northBoundingCoordinate": ["50.25"], "southBoundingCoordinate": ["50.25"], "dateCreated": ["1988-03-14"], "temporalCoverageEndDate": ["2007-06-25"], "license": ["N/A"], "distribution": ["N/A"], "distributionInfo": ["N/A"], "identifier": ["https://metadatacatalogue.lifewatch.eu:/srv/eng/catalog.search#/metadata/oai:marineinfo.org:id:dataset:1495"], "accessibilitySummary": ["N/A"], "version": ["N/A"], "temporalCoverage": ["N/A"], "publisher": ["N/A"], "spatial": ["N/A"], "citation": ["N/A"], "genre": ["N/A"], "modificationDate": ["2021-12-02"], "image": ["N/A"], "thumbnailUrl": ["N/A"], "headline": ["L4 Plankton Monitoring Programme"], "abstract": ["Station L4 is one of a series of hydrographic stations in the Western English Channel(English Channel References). These stationshave been the basis of a series of hydrographic surveys carried out during the 20th Century by scientists at the Marine Biological Association and Plymouth Marine Laboratory in Plymouth."], "theme": ["N/A"], "creditText": ["N/A"], "producer": ["\u00c2\u00a0Plymouth Marine Laboratory GB "], "author": ["\u00c2\u00a0Plymouth Marine Laboratory GB "], "spatialCoverage": [" English Channel > stationL4"], "sponsor": ["N/A"], "size": ["N/A"], "sameAs": ["N/A"], "publication": ["N/A"], "provider": ["\u00c2\u00a0Plymouth Marine Laboratory GB "], "position": ["N/A"], "measurementTechnique": ["N/A"], "material": ["N/A"], "maintainer": ["N/A"], "locationCreated": ["N/A"], "issn": ["N/A"], "isPartOf": ["N/A"], "isBasedOn": ["N/A"], "isAccessibleForFree": ["N/A"], "includedInDataCatalog": ["N/A"], "editor": ["N/A"], "editEIDR": ["N/A"], "copyrightYear": ["N/A"], "copyrightNotice": ["N/A"], "copyrightHolder": ["N/A"], "contributor": ["N/A"], "contentReferenceTime": ["N/A"], "contentLocation": ["N/A"], "character": ["N/A"], "acquireLicensePage": ["N/A"], "accessModeSufficient": ["N/A"], "about": ["N/A"], "rights": ["N/A"], "relation": ["N/A"], "qualifiedRelation": ["N/A"], "qualifiedAttribution": ["N/A"], "previousVersion": ["N/A"], "nextVersion": ["N/A"], "landingPage": ["N/A"], "isReferencedBy": ["N/A"], "hasVersion": ["N/A"], "hasPolicy": ["N/A"], "hasCurrentVersion": ["N/A"], "useConstraints": ["N/A"], "status": ["N/A"], "spatialRepresentationType": ["N/A"], "scope": ["N/A"], "purpose": ["N/A"], "otherLocale": ["N/A"], "metadataProfile": ["N/A"], "metadataLinkage": ["N/A"], "metadataIdentifier": ["N/A"], "environmentDescription": ["N/A"], "contentInfo": ["N/A"], "ResearchInfrastructure": ["LifeWatch"], "EssentialVariables": ["N/A"], "potentialTopics": ["N/A"]}