{"url": ["https://metadatacatalogue.lifewatch.eu:/srv/api/records/oai:marineinfo.org:id:dataset:5990"], "name": ["The Belgian Marine Mammals Database (BMM)"], "description": ["The marine mammals website (www.marinemammals.be) in its current form is the resultof a long-standing collaboration between RBINS and the University of Li\u00c3\u00a8geand provides access to data from 50years of marine mammal observations in Belgium. The database that backs itconsists of two parts,i.e.observations and information on necropsied tissues and subsequentdiagnoses on the causeof the death of the animal. The databaserecords all stranding events in Belgium from recent years. The dataset providesthe occurrences and associated data like putative circumstancesand putative cause ofdeath."], "datePublished": ["2021-12-02"], "language": ["en"], "creator": ["\u00c2\u00a0Koninklijk Belgisch Instituut voor Natuurwetenschappen; Operationele Directie NatuurlijkMilieu- Jan Haelters "], "metadataProvider": ["\u00c2\u00a0Flanders Marine Institute(VLIZ) BEhttps://www.vliz.be"], "contact": ["\u00c2\u00a0Flanders Marine Institute(VLIZ) BEhttps://www.vliz.be"], "associatedParty": ["N/A"], "licenseInformation": [" Intellectual Rights This work is licensed under a Creative Commons Attribution (CC-BY) 4.0 License .\u00c2\u00a0 "], "downloadLink": ["https://metadatacatalogue.lifewatch.eu:/srv/eng/catalog.search#/metadata/oai:marineinfo.org:id:dataset:5990"], "keywords": ["Belgian part of the North Sea Belgium coast Sea mammals Strandings"], "geographicCoverage": ["Geographic Description ANE, Belgium, Belgian Continental Shelf (BCS)"], "westBoundingCoordinate": ["0.21666666666667"], "eastBoundingCoordinate": ["4.891804"], "northBoundingCoordinate": ["52.518611"], "southBoundingCoordinate": ["50.516666666667"], "dateCreated": ["1945-07-31"], "temporalCoverageEndDate": ["2019-06-25"], "license": ["N/A"], "distribution": ["N/A"], "distributionInfo": ["N/A"], "identifier": ["https://metadatacatalogue.lifewatch.eu:/srv/eng/catalog.search#/metadata/oai:marineinfo.org:id:dataset:5990"], "accessibilitySummary": ["N/A"], "version": ["N/A"], "temporalCoverage": ["N/A"], "publisher": ["N/A"], "spatial": ["N/A"], "citation": ["N/A"], "genre": ["N/A"], "modificationDate": ["2021-12-02"], "image": ["N/A"], "thumbnailUrl": ["N/A"], "headline": ["The Belgian Marine Mammals Database (BMM)"], "abstract": ["The marine mammals website (www.marinemammals.be) in its current form is the resultof a long-standing collaboration between RBINS and the University of Li\u00c3\u00a8geand provides access to data from 50years of marine mammal observations in Belgium. The database that backs itconsists of two parts,i.e.observations and information on necropsied tissues and subsequentdiagnoses on the causeof the death of the animal. The databaserecords all stranding events in Belgium from recent years. The dataset providesthe occurrences and associated data like putative circumstancesand putative cause ofdeath."], "theme": ["N/A"], "creditText": ["N/A"], "producer": ["\u00c2\u00a0Koninklijk Belgisch Instituut voor Natuurwetenschappen; Operationele Directie NatuurlijkMilieu- Jan Haelters "], "author": ["\u00c2\u00a0Koninklijk Belgisch Instituut voor Natuurwetenschappen; Operationele Directie NatuurlijkMilieu- Jan Haelters "], "spatialCoverage": [" Belgium Belgian Continental Shelf (BCS)"], "sponsor": ["N/A"], "size": ["N/A"], "sameAs": ["N/A"], "publication": ["N/A"], "provider": ["\u00c2\u00a0Koninklijk Belgisch Instituut voor Natuurwetenschappen; Operationele Directie NatuurlijkMilieu- Jan Haelters "], "position": ["N/A"], "measurementTechnique": ["N/A"], "material": ["N/A"], "maintainer": ["N/A"], "locationCreated": ["N/A"], "issn": ["N/A"], "isPartOf": ["N/A"], "isBasedOn": ["N/A"], "isAccessibleForFree": ["N/A"], "includedInDataCatalog": ["N/A"], "editor": ["N/A"], "editEIDR": ["N/A"], "copyrightYear": ["N/A"], "copyrightNotice": ["N/A"], "copyrightHolder": ["N/A"], "contributor": ["N/A"], "contentReferenceTime": ["N/A"], "contentLocation": ["N/A"], "character": ["N/A"], "acquireLicensePage": ["N/A"], "accessModeSufficient": ["N/A"], "about": ["N/A"], "rights": ["N/A"], "relation": ["N/A"], "qualifiedRelation": ["N/A"], "qualifiedAttribution": ["N/A"], "previousVersion": ["N/A"], "nextVersion": ["N/A"], "landingPage": ["N/A"], "isReferencedBy": ["N/A"], "hasVersion": ["N/A"], "hasPolicy": ["N/A"], "hasCurrentVersion": ["N/A"], "useConstraints": ["N/A"], "status": ["N/A"], "spatialRepresentationType": ["N/A"], "scope": ["N/A"], "purpose": ["N/A"], "otherLocale": ["N/A"], "metadataProfile": ["N/A"], "metadataLinkage": ["N/A"], "metadataIdentifier": ["N/A"], "environmentDescription": ["N/A"], "contentInfo": ["N/A"], "ResearchInfrastructure": ["LifeWatch"], "EssentialVariables": ["N/A"], "potentialTopics": ["N/A"]}