{"url": ["https://metadatacatalogue.lifewatch.eu:/geonetwork/api/records/oai:marineinfo.org:id:dataset:6594"], "name": ["Meiofauna monitoring in the Trieste harbour, northern Adriatic Sea (Port Authority), 2013 and 2015"], "description": ["Meiofauna monitoring in the Trieste harbour, NorthernAdriatic Sea (Port Authority), 2013 and 2015. In June2013 and March2015, sampling was carried out in theharbour of the Triesteport by a KC Haps bottomcorer with polycarbonate sample tubes (12.7 cm I.D. with a sample area of 127 cm2).In laboratory, one sedimentcore was subsampledby means of 3 cut-off plasticsyringes (2.7 cm I.D.,surface area of 5.72 cm2, 0-10cm top sediment)in order to obtain three pseudoreplicates forthe meiofauna. Meiofaunal organisms (38\u00e2\u0080\u00931000 m) were extracted from sediment subsamples by sieving each pseudoreplicate and by centrifuging the material retained by a 38\u00ce\u00bcmmesh net with Ludox HS-40 (density of1.15\u00e2\u0080\u00931.18 g cm\u00e2\u0088\u00923). All meiobenthic organisms were countedandtaxonomically classified to the main groups under a stereomicroscope(Olympus SZX12; final magnification of \u00c3\u0097 32-40)"], "datePublished": ["2021-12-02"], "language": ["en"], "creator": ["\u00c2\u00a0National Institute of Oceanography andExperimentalGeophysics- Paola Del Negro "], "metadataProvider": ["\u00c2\u00a0Flanders Marine Institute(VLIZ) BEhttps://www.vliz.be"], "contact": ["\u00c2\u00a0National Institute of Oceanography andExperimentalGeophysics- Annalisa Franzo "], "associatedParty": ["N/A"], "licenseInformation": [" Intellectual Rights This work is licensed under a Creative Commons Attribution NonCommercial (CC-BY-NC) 4.0 License .\u00c2\u00a0 "], "downloadLink": ["https://metadatacatalogue.lifewatch.eu:/srv/eng/catalog.search#/metadata/oai:marineinfo.org:id:dataset:6594"], "keywords": ["Marine Meiobenthos"], "geographicCoverage": ["Geographic Description EurOBIS calculated BBOX > station Bounding Box Bounding Box West Bounding Coordinate 13.7422388 East Bounding Coordinate 13.784381666667 North Bounding Coordinate 45.633636916667 South Bounding Coordinate 45.608091683333"], "westBoundingCoordinate": ["13.7422388"], "eastBoundingCoordinate": ["13.784381666667"], "northBoundingCoordinate": ["45.633636916667"], "southBoundingCoordinate": ["45.608091683333"], "dateCreated": ["2013-06-24"], "temporalCoverageEndDate": ["2013-06-26"], "license": ["N/A"], "distribution": ["N/A"], "distributionInfo": ["N/A"], "identifier": ["https://metadatacatalogue.lifewatch.eu:/srv/eng/catalog.search#/metadata/oai:marineinfo.org:id:dataset:6594"], "accessibilitySummary": ["N/A"], "version": ["N/A"], "temporalCoverage": ["N/A"], "publisher": ["N/A"], "spatial": ["N/A"], "citation": ["N/A"], "genre": ["N/A"], "modificationDate": ["2021-12-02"], "image": ["N/A"], "thumbnailUrl": ["N/A"], "headline": ["Meiofauna monitoring in the Trieste harbour, northern Adriatic Sea (Port Authority), 2013 and 2015"], "abstract": ["Meiofauna monitoring in the Trieste harbour, NorthernAdriatic Sea (Port Authority), 2013 and 2015. In June2013 and March2015, sampling was carried out in theharbour of the Triesteport by a KC Haps bottomcorer with polycarbonate sample tubes (12.7 cm I.D. with a sample area of 127 cm2).In laboratory, one sedimentcore was subsampledby means of 3 cut-off plasticsyringes (2.7 cm I.D.,surface area of 5.72 cm2, 0-10cm top sediment)in order to obtain three pseudoreplicates forthe meiofauna. Meiofaunal organisms (38\u00e2\u0080\u00931000 m) were extracted from sediment subsamples by sieving each pseudoreplicate and by centrifuging the material retained by a 38\u00ce\u00bcmmesh net with Ludox HS-40 (density of1.15\u00e2\u0080\u00931.18 g cm\u00e2\u0088\u00923). All meiobenthic organisms were countedandtaxonomically classified to the main groups under a stereomicroscope(Olympus SZX12; final magnification of \u00c3\u0097 32-40)"], "theme": ["N/A"], "creditText": ["N/A"], "producer": ["\u00c2\u00a0National Institute of Oceanography andExperimentalGeophysics- Paola Del Negro "], "author": ["\u00c2\u00a0National Institute of Oceanography andExperimentalGeophysics- Paola Del Negro "], "spatialCoverage": [" calculated BBOX > station Bounding Box Bounding Box West Bounding Coordinate 13.7422388 East Bounding Coordinate 13.784381666667 North Bounding Coordinate 45.633636916667 South Bounding Coordinate 45.608091683333"], "sponsor": ["N/A"], "size": ["N/A"], "sameAs": ["N/A"], "publication": ["N/A"], "provider": ["\u00c2\u00a0National Institute of Oceanography andExperimentalGeophysics- Paola Del Negro "], "position": ["N/A"], "measurementTechnique": ["N/A"], "material": ["N/A"], "maintainer": ["N/A"], "locationCreated": ["N/A"], "issn": ["N/A"], "isPartOf": ["N/A"], "isBasedOn": ["N/A"], "isAccessibleForFree": ["N/A"], "includedInDataCatalog": ["N/A"], "editor": ["N/A"], "editEIDR": ["N/A"], "copyrightYear": ["N/A"], "copyrightNotice": ["N/A"], "copyrightHolder": ["N/A"], "contributor": ["N/A"], "contentReferenceTime": ["N/A"], "contentLocation": ["N/A"], "character": ["N/A"], "acquireLicensePage": ["N/A"], "accessModeSufficient": ["N/A"], "about": ["N/A"], "rights": ["N/A"], "relation": ["N/A"], "qualifiedRelation": ["N/A"], "qualifiedAttribution": ["N/A"], "previousVersion": ["N/A"], "nextVersion": ["N/A"], "landingPage": ["N/A"], "isReferencedBy": ["N/A"], "hasVersion": ["N/A"], "hasPolicy": ["N/A"], "hasCurrentVersion": ["N/A"], "useConstraints": ["N/A"], "status": ["N/A"], "spatialRepresentationType": ["N/A"], "scope": ["N/A"], "purpose": ["N/A"], "otherLocale": ["N/A"], "metadataProfile": ["N/A"], "metadataLinkage": ["N/A"], "metadataIdentifier": ["N/A"], "environmentDescription": ["N/A"], "contentInfo": ["N/A"], "ResearchInfrastructure": ["LifeWatch"], "EssentialVariables": ["N/A"], "potentialTopics": ["N/A"]}