{"url": ["https://metadatacatalogue.lifewatch.eu:/srv/api/records/oai:marineinfo.org:id:dataset:5053"], "name": ["Life cycle and biomass of Tachidius discipes (Crustacea, Copepoda) in the 'Dievengat' (Knokke) in 1979"], "description": ["Abundance and biomass of <i>Tachidius discipes</i> life stages sampled every 3 days between 21 March and 25 June1979 in the 'Dievengat' (Knokke). The data were digitized by VLIZ from theoriginal report: Guillemijn, B. (1980). Levenscyclus, produktie en respiratie van Tachidius discipes Giesbrecht, 1881 (Crustacea,Copepoda) in het Dievengat (Knokke). MSc Thesis.Rijksuniversiteit Gent: Gent. 54, figures + tablespp."], "datePublished": ["2021-12-02"], "language": ["en"], "creator": ["\u00c2\u00a0Universiteit Gent; FaculteitWetenschappen "], "metadataProvider": ["\u00c2\u00a0Flanders Marine Institute(VLIZ) BEhttps://www.vliz.be"], "contact": ["\u00c2\u00a0Vlaams Instituut voor de Zee BE "], "associatedParty": [" custodianSteward\u00c2\u00a0Vlaams Instituut voor de Zee BE "], "licenseInformation": [" Intellectual Rights This work is licensed under a Creative Commons Attribution (CC-BY) 4.0 License .\u00c2\u00a0 "], "downloadLink": ["https://metadatacatalogue.lifewatch.eu:/srv/eng/catalog.search#/metadata/oai:marineinfo.org:id:dataset:5053"], "keywords": ["Life cycle Meiobenthos"], "geographicCoverage": ["Geographic Description Belgium, Knokke-Heist,Dievengat"], "westBoundingCoordinate": ["3.2836"], "eastBoundingCoordinate": ["3.2836"], "northBoundingCoordinate": ["51.351"], "southBoundingCoordinate": ["51.351"], "dateCreated": ["1979-03-21"], "temporalCoverageEndDate": ["1979-06-25"], "license": ["N/A"], "distribution": ["N/A"], "distributionInfo": ["N/A"], "identifier": ["https://metadatacatalogue.lifewatch.eu:/srv/eng/catalog.search#/metadata/oai:marineinfo.org:id:dataset:5053"], "accessibilitySummary": ["N/A"], "version": ["N/A"], "temporalCoverage": ["N/A"], "publisher": ["N/A"], "spatial": ["N/A"], "citation": ["N/A"], "genre": ["N/A"], "modificationDate": ["2021-12-02"], "image": ["N/A"], "thumbnailUrl": ["N/A"], "headline": ["Life cycle and biomass of Tachidius discipes (Crustacea, Copepoda) in the 'Dievengat' (Knokke) in 1979"], "abstract": ["Abundance and biomass of <i>Tachidius discipes</i> life stages sampled every 3 days between 21 March and 25 June1979 in the 'Dievengat' (Knokke). The data were digitized by VLIZ from theoriginal report: Guillemijn, B. (1980). Levenscyclus, produktie en respiratie van Tachidius discipes Giesbrecht, 1881 (Crustacea,Copepoda) in het Dievengat (Knokke). MSc Thesis.Rijksuniversiteit Gent: Gent. 54, figures + tablespp."], "theme": ["N/A"], "creditText": ["N/A"], "producer": ["\u00c2\u00a0Universiteit Gent; FaculteitWetenschappen "], "author": ["\u00c2\u00a0Universiteit Gent; FaculteitWetenschappen "], "spatialCoverage": [" Belgium Knokke-HeistDievengat"], "sponsor": ["N/A"], "size": ["N/A"], "sameAs": ["N/A"], "publication": ["N/A"], "provider": ["\u00c2\u00a0Universiteit Gent; FaculteitWetenschappen "], "position": ["N/A"], "measurementTechnique": ["N/A"], "material": ["N/A"], "maintainer": ["N/A"], "locationCreated": ["N/A"], "issn": ["N/A"], "isPartOf": ["N/A"], "isBasedOn": ["N/A"], "isAccessibleForFree": ["N/A"], "includedInDataCatalog": ["N/A"], "editor": ["N/A"], "editEIDR": ["N/A"], "copyrightYear": ["N/A"], "copyrightNotice": ["N/A"], "copyrightHolder": ["N/A"], "contributor": ["N/A"], "contentReferenceTime": ["N/A"], "contentLocation": ["N/A"], "character": ["N/A"], "acquireLicensePage": ["N/A"], "accessModeSufficient": ["N/A"], "about": ["N/A"], "rights": ["N/A"], "relation": ["N/A"], "qualifiedRelation": ["N/A"], "qualifiedAttribution": ["N/A"], "previousVersion": ["N/A"], "nextVersion": ["N/A"], "landingPage": ["N/A"], "isReferencedBy": ["N/A"], "hasVersion": ["N/A"], "hasPolicy": ["N/A"], "hasCurrentVersion": ["N/A"], "useConstraints": ["N/A"], "status": ["N/A"], "spatialRepresentationType": ["N/A"], "scope": ["N/A"], "purpose": ["N/A"], "otherLocale": ["N/A"], "metadataProfile": ["N/A"], "metadataLinkage": ["N/A"], "metadataIdentifier": ["N/A"], "environmentDescription": ["N/A"], "contentInfo": ["N/A"], "ResearchInfrastructure": ["LifeWatch"], "EssentialVariables": ["N/A"], "potentialTopics": ["N/A"]}