{"url": ["https://metadatacatalogue.lifewatch.eu:/geonetwork/api/records/oai:marineinfo.org:id:dataset:4457"], "name": ["Presence of the genus Padina (Dictyotales, Phaeophyta) in the western Indian Ocean between 1985 and 1999"], "description": ["This data set provides a list of species of the genus <i>Padina</i> that were sampled at the coastsofSaudi-Arabia,Oman, Socotra, Kenya, Zanzibar (Tanzania), Seychelles,Mauritius, La R\u00c3\u00a9union and SouthAfrica between 1985and 1999. In total, eleven species were identified. The list alsocontains the herbarium codes of the species. Sampling was done by snorkeling,walking or SCUBA diving.The algae were removed fromthe substrate using a knife and put in plastic bags or lobster bags.The data were digitized by VLIZ from the originalreport: Muylle, J. (2000). Taxonomische en biogeografische studie van het genusPadina (Dictyotales, Phaeophyta) in de westelijke Indische Oceaan. Taxonomic and biogeographical study of thegenus Padina (Dictyotales, Phaeophyta) in the west Indian Ocean. MSc Thesis.Rijksuniversiteit Gent. Faculteit Wetenschappen: Gent. 222pp."], "datePublished": ["2021-12-02"], "language": ["en"], "creator": ["\u00c2\u00a0Universiteit Gent; Faculteit Wetenschappen;Vakgroep Biologie; LaboratoriumPlantkunde "], "metadataProvider": ["\u00c2\u00a0Flanders Marine Institute(VLIZ) BEhttps://www.vliz.be"], "contact": ["\u00c2\u00a0Vlaams Instituut voor de Zee BE "], "associatedParty": [" custodianSteward\u00c2\u00a0Vlaams Instituut voor de Zee BE "], "licenseInformation": [" Intellectual Rights This work is licensed under a Creative Commons Attribution (CC-BY) 4.0 License .\u00c2\u00a0 "], "downloadLink": ["https://metadatacatalogue.lifewatch.eu:/geonetwork/eng/catalog.search#/metadata/oai:marineinfo.org:id:dataset:4457"], "keywords": ["Herbarium specimens"], "geographicCoverage": ["Geographic Description ISW, Kenya"], "westBoundingCoordinate": ["N/A"], "eastBoundingCoordinate": ["N/A"], "northBoundingCoordinate": ["N/A"], "southBoundingCoordinate": ["N/A"], "dateCreated": ["1985-01-01"], "temporalCoverageEndDate": ["1999-01-01"], "license": ["N/A"], "distribution": ["N/A"], "distributionInfo": ["N/A"], "identifier": ["https://metadatacatalogue.lifewatch.eu:/geonetwork/eng/catalog.search#/metadata/oai:marineinfo.org:id:dataset:4457"], "accessibilitySummary": ["N/A"], "version": ["N/A"], "temporalCoverage": ["N/A"], "publisher": ["N/A"], "spatial": ["N/A"], "citation": ["N/A"], "genre": ["N/A"], "modificationDate": ["2021-12-02"], "image": ["N/A"], "thumbnailUrl": ["N/A"], "headline": ["Presence of the genus Padina (Dictyotales, Phaeophyta) in the western Indian Ocean between 1985 and 1999"], "abstract": ["This data set provides a list of species of the genus <i>Padina</i> that were sampled at the coastsofSaudi-Arabia,Oman, Socotra, Kenya, Zanzibar (Tanzania), Seychelles,Mauritius, La R\u00c3\u00a9union and SouthAfrica between 1985and 1999. In total, eleven species were identified. The list alsocontains the herbarium codes of the species. Sampling was done by snorkeling,walking or SCUBA diving.The algae were removed fromthe substrate using a knife and put in plastic bags or lobster bags.The data were digitized by VLIZ from the originalreport: Muylle, J. (2000). Taxonomische en biogeografische studie van het genusPadina (Dictyotales, Phaeophyta) in de westelijke Indische Oceaan. Taxonomic and biogeographical study of thegenus Padina (Dictyotales, Phaeophyta) in the west Indian Ocean. MSc Thesis.Rijksuniversiteit Gent. Faculteit Wetenschappen: Gent. 222pp."], "theme": ["N/A"], "creditText": ["N/A"], "producer": ["\u00c2\u00a0Universiteit Gent; Faculteit Wetenschappen;Vakgroep Biologie; LaboratoriumPlantkunde "], "author": ["\u00c2\u00a0Universiteit Gent; Faculteit Wetenschappen;Vakgroep Biologie; LaboratoriumPlantkunde "], "spatialCoverage": [" Kenya"], "sponsor": ["N/A"], "size": ["N/A"], "sameAs": ["N/A"], "publication": ["N/A"], "provider": ["\u00c2\u00a0Universiteit Gent; Faculteit Wetenschappen;Vakgroep Biologie; LaboratoriumPlantkunde "], "position": ["N/A"], "measurementTechnique": ["N/A"], "material": ["N/A"], "maintainer": ["N/A"], "locationCreated": ["N/A"], "issn": ["N/A"], "isPartOf": ["N/A"], "isBasedOn": ["N/A"], "isAccessibleForFree": ["N/A"], "includedInDataCatalog": ["N/A"], "editor": ["N/A"], "editEIDR": ["N/A"], "copyrightYear": ["N/A"], "copyrightNotice": ["N/A"], "copyrightHolder": ["N/A"], "contributor": ["N/A"], "contentReferenceTime": ["N/A"], "contentLocation": ["N/A"], "character": ["N/A"], "acquireLicensePage": ["N/A"], "accessModeSufficient": ["N/A"], "about": ["N/A"], "rights": ["N/A"], "relation": ["N/A"], "qualifiedRelation": ["N/A"], "qualifiedAttribution": ["N/A"], "previousVersion": ["N/A"], "nextVersion": ["N/A"], "landingPage": ["N/A"], "isReferencedBy": ["N/A"], "hasVersion": ["N/A"], "hasPolicy": ["N/A"], "hasCurrentVersion": ["N/A"], "useConstraints": ["N/A"], "status": ["N/A"], "spatialRepresentationType": ["N/A"], "scope": ["N/A"], "purpose": ["N/A"], "otherLocale": ["N/A"], "metadataProfile": ["N/A"], "metadataLinkage": ["N/A"], "metadataIdentifier": ["N/A"], "environmentDescription": ["N/A"], "contentInfo": ["N/A"], "ResearchInfrastructure": ["LifeWatch"], "EssentialVariables": ["N/A"], "potentialTopics": ["N/A"]}