{"url": ["https://metadatacatalogue.lifewatch.eu:/geonetwork/api/records/oai:marineinfo.org:id:dataset:600"], "name": ["Occhipinti dataset"], "description": ["This dataset was compiled in orderto monitor long-term responses of the macrobenthos community to the environmental quality changes in the Northern Adriatic Sea"], "datePublished": ["2021-12-02"], "language": ["en"], "creator": ["\u00c2\u00a0Universit\u00c3\u00a0 degli Studi di Pavia; Laboratoria di Ecologia- Anna Occhipinti "], "metadataProvider": ["\u00c2\u00a0Flanders Marine Institute(VLIZ) BEhttps://www.vliz.be"], "contact": ["\u00c2\u00a0Hellenic Centre for Marine Research;Institute of Marine Biologyand Genetics; Biodiversity & Ecosystem Management Department- Christos Arvanitidis "], "associatedParty": ["N/A"], "licenseInformation": [" Intellectual Rights This work is licensed under a Creative Commons Attribution (CC-BY) 4.0 License .\u00c2\u00a0 "], "downloadLink": ["https://metadatacatalogue.lifewatch.eu:/srv/eng/catalog.search#/metadata/oai:marineinfo.org:id:dataset:600"], "keywords": ["Benthic fauna Biogeography"], "geographicCoverage": ["Geographic Description EurOBIS calculated BBOX > station Bounding Box Bounding Box West Bounding Coordinate 12.5106 East Bounding Coordinate 12.5106 North Bounding Coordinate 44.2463 South Bounding Coordinate 44.2463"], "westBoundingCoordinate": ["12.5106"], "eastBoundingCoordinate": ["12.5106"], "northBoundingCoordinate": ["44.2463"], "southBoundingCoordinate": ["44.2463"], "dateCreated": ["1996-07-01"], "temporalCoverageEndDate": ["2002-07-01"], "license": ["N/A"], "distribution": ["N/A"], "distributionInfo": ["N/A"], "identifier": ["https://metadatacatalogue.lifewatch.eu:/srv/eng/catalog.search#/metadata/oai:marineinfo.org:id:dataset:600"], "accessibilitySummary": ["N/A"], "version": ["N/A"], "temporalCoverage": ["N/A"], "publisher": ["N/A"], "spatial": ["N/A"], "citation": ["N/A"], "genre": ["N/A"], "modificationDate": ["2021-12-02"], "image": ["N/A"], "thumbnailUrl": ["N/A"], "headline": ["Occhipinti dataset"], "abstract": ["This dataset was compiled in orderto monitor long-term responses of the macrobenthos community to the environmental quality changes in the Northern Adriatic Sea"], "theme": ["N/A"], "creditText": ["N/A"], "producer": ["\u00c2\u00a0Universit\u00c3\u00a0 degli Studi di Pavia; Laboratoria di Ecologia- Anna Occhipinti "], "author": ["\u00c2\u00a0Universit\u00c3\u00a0 degli Studi di Pavia; Laboratoria di Ecologia- Anna Occhipinti "], "spatialCoverage": [" calculated BBOX > station Bounding Box Bounding Box West Bounding Coordinate 12.5106 East Bounding Coordinate 12.5106 North Bounding Coordinate 44.2463 South Bounding Coordinate 44.2463"], "sponsor": ["N/A"], "size": ["N/A"], "sameAs": ["N/A"], "publication": ["N/A"], "provider": ["\u00c2\u00a0Universit\u00c3\u00a0 degli Studi di Pavia; Laboratoria di Ecologia- Anna Occhipinti "], "position": ["N/A"], "measurementTechnique": ["N/A"], "material": ["N/A"], "maintainer": ["N/A"], "locationCreated": ["N/A"], "issn": ["N/A"], "isPartOf": ["N/A"], "isBasedOn": ["N/A"], "isAccessibleForFree": ["N/A"], "includedInDataCatalog": ["N/A"], "editor": ["N/A"], "editEIDR": ["N/A"], "copyrightYear": ["N/A"], "copyrightNotice": ["N/A"], "copyrightHolder": ["N/A"], "contributor": ["N/A"], "contentReferenceTime": ["N/A"], "contentLocation": ["N/A"], "character": ["N/A"], "acquireLicensePage": ["N/A"], "accessModeSufficient": ["N/A"], "about": ["N/A"], "rights": ["N/A"], "relation": ["N/A"], "qualifiedRelation": ["N/A"], "qualifiedAttribution": ["N/A"], "previousVersion": ["N/A"], "nextVersion": ["N/A"], "landingPage": ["N/A"], "isReferencedBy": ["N/A"], "hasVersion": ["N/A"], "hasPolicy": ["N/A"], "hasCurrentVersion": ["N/A"], "useConstraints": ["N/A"], "status": ["N/A"], "spatialRepresentationType": ["N/A"], "scope": ["N/A"], "purpose": ["N/A"], "otherLocale": ["N/A"], "metadataProfile": ["N/A"], "metadataLinkage": ["N/A"], "metadataIdentifier": ["N/A"], "environmentDescription": ["N/A"], "contentInfo": ["N/A"], "ResearchInfrastructure": ["LifeWatch"], "EssentialVariables": ["N/A"], "potentialTopics": ["N/A"]}