{"url": ["https://metadatacatalogue.lifewatch.eu:/geonetwork/api/records/oai:marineinfo.org:id:dataset:2774"], "name": ["Zooplankton in the bay of Biscay (1995-2004 Yearly spring DEPM surveys)"], "description": ["Density of zooplancton species identified during the yearly spring DEPM surveys(1995-2004)."], "datePublished": ["2021-12-02"], "language": ["en"], "creator": ["\u00c2\u00a0AZTI Foundation Marine Research Division ES "], "metadataProvider": ["\u00c2\u00a0Flanders Marine Institute(VLIZ) BEhttps://www.vliz.be"], "contact": ["\u00c2\u00a0Flanders Marine Institute(VLIZ) BEhttps://www.vliz.be"], "associatedParty": ["N/A"], "licenseInformation": [" Intellectual Rights This work is licensed under a Creative Commons Attribution (CC-BY) 4.0 License .\u00c2\u00a0 "], "downloadLink": ["https://metadatacatalogue.lifewatch.eu:/srv/eng/catalog.search#/metadata/oai:marineinfo.org:id:dataset:2774"], "keywords": ["Egg production Zooplankton"], "geographicCoverage": ["Geographic Description ANE, BiscayBay"], "westBoundingCoordinate": ["-4.3077998161316"], "eastBoundingCoordinate": ["-1.2890000343323"], "northBoundingCoordinate": ["46.125"], "southBoundingCoordinate": ["43.324001312256"], "dateCreated": ["1995-01-01"], "temporalCoverageEndDate": ["2004-01-01"], "license": ["http://www.gbif.es/ic_colecciones_in.php?ID_Coleccion=9993"], "distribution": ["http://www.gbif.es/ic_colecciones_in.php?ID_Coleccion=9993"], "distributionInfo": ["http://www.gbif.es/ic_colecciones_in.php?ID_Coleccion=9993"], "identifier": ["https://metadatacatalogue.lifewatch.eu:/srv/eng/catalog.search#/metadata/oai:marineinfo.org:id:dataset:2774"], "accessibilitySummary": ["N/A"], "version": ["N/A"], "temporalCoverage": ["N/A"], "publisher": ["N/A"], "spatial": ["N/A"], "citation": ["N/A"], "genre": ["N/A"], "modificationDate": ["2021-12-02"], "image": ["N/A"], "thumbnailUrl": ["N/A"], "headline": ["Zooplankton in the bay of Biscay (1995-2004 Yearly spring DEPM surveys)"], "abstract": ["Density of zooplancton species identified during the yearly spring DEPM surveys(1995-2004)."], "theme": ["N/A"], "creditText": ["N/A"], "producer": ["\u00c2\u00a0AZTI Foundation Marine Research Division ES "], "author": ["\u00c2\u00a0AZTI Foundation Marine Research Division ES "], "spatialCoverage": [" BiscayBay"], "sponsor": ["N/A"], "size": ["N/A"], "sameAs": ["N/A"], "publication": ["N/A"], "provider": ["\u00c2\u00a0AZTI Foundation Marine Research Division ES "], "position": ["N/A"], "measurementTechnique": ["N/A"], "material": ["N/A"], "maintainer": ["N/A"], "locationCreated": ["N/A"], "issn": ["N/A"], "isPartOf": ["N/A"], "isBasedOn": ["N/A"], "isAccessibleForFree": ["N/A"], "includedInDataCatalog": ["N/A"], "editor": ["N/A"], "editEIDR": ["N/A"], "copyrightYear": ["N/A"], "copyrightNotice": ["N/A"], "copyrightHolder": ["N/A"], "contributor": ["N/A"], "contentReferenceTime": ["N/A"], "contentLocation": ["N/A"], "character": ["N/A"], "acquireLicensePage": ["N/A"], "accessModeSufficient": ["N/A"], "about": ["N/A"], "rights": ["N/A"], "relation": ["N/A"], "qualifiedRelation": ["N/A"], "qualifiedAttribution": ["N/A"], "previousVersion": ["N/A"], "nextVersion": ["N/A"], "landingPage": ["N/A"], "isReferencedBy": ["N/A"], "hasVersion": ["N/A"], "hasPolicy": ["N/A"], "hasCurrentVersion": ["N/A"], "useConstraints": ["N/A"], "status": ["N/A"], "spatialRepresentationType": ["N/A"], "scope": ["N/A"], "purpose": ["N/A"], "otherLocale": ["N/A"], "metadataProfile": ["N/A"], "metadataLinkage": ["N/A"], "metadataIdentifier": ["N/A"], "environmentDescription": ["N/A"], "contentInfo": ["N/A"], "ResearchInfrastructure": ["LifeWatch"], "EssentialVariables": ["N/A"], "potentialTopics": ["N/A"]}