{"url": ["https://metadatacatalogue.lifewatch.eu:/geonetwork/api/records/oai:marineinfo.org:id:dataset:4445"], "name": ["Vegetation of the tidal channels in Gazi Bay (Kenya) sampled between July and September 1989"], "description": ["List of present/absent vegetation (seagrasses and benthic macroalgae) and their coverage of the sublittoral zone in Gazi Bay (Kenya) sampled between 24thJuly and 2nd September1989. The data were digitizedby VLIZ from theoriginal report: De Pauw, K. (1990). De vegetatievan de getijdengeul van Gazi Bay (Kenia); The vegetation of the tidalchannels of Gazi Bay (Kenya). MScThesis.Rijksuniversiteit Gent. Faculteit Wetenschappen: Ghent. 142pp."], "datePublished": ["2021-12-02"], "language": ["en"], "creator": ["\u00c2\u00a0Universiteit Gent; Faculteit Bio-ingenieurswetenschappen "], "metadataProvider": ["\u00c2\u00a0Flanders Marine Institute(VLIZ) BEhttps://www.vliz.be"], "contact": ["\u00c2\u00a0Vlaams Instituut voor de Zee BE "], "associatedParty": [" custodianSteward\u00c2\u00a0Vlaams Instituut voor de Zee BE "], "licenseInformation": [" Intellectual Rights This work is licensed under a Creative Commons Attribution (CC-BY) 4.0 License .\u00c2\u00a0 "], "downloadLink": ["https://metadatacatalogue.lifewatch.eu:/srv/eng/catalog.search#/metadata/oai:marineinfo.org:id:dataset:4445"], "keywords": ["Algae and seagrasses Benthic Epilithic flora Epiphytic algae Granulometry Herbarium specimens Vegetation"], "geographicCoverage": ["Geographic Description ISW, Kenya, Coast, Gazi Bay"], "westBoundingCoordinate": ["N/A"], "eastBoundingCoordinate": ["N/A"], "northBoundingCoordinate": ["N/A"], "southBoundingCoordinate": ["N/A"], "dateCreated": ["1989-07-24"], "temporalCoverageEndDate": ["1989-09-02"], "license": ["N/A"], "distribution": ["N/A"], "distributionInfo": ["N/A"], "identifier": ["https://metadatacatalogue.lifewatch.eu:/srv/eng/catalog.search#/metadata/oai:marineinfo.org:id:dataset:4445"], "accessibilitySummary": ["N/A"], "version": ["N/A"], "temporalCoverage": ["N/A"], "publisher": ["N/A"], "spatial": ["N/A"], "citation": ["N/A"], "genre": ["N/A"], "modificationDate": ["2021-12-02"], "image": ["N/A"], "thumbnailUrl": ["N/A"], "headline": ["Vegetation of the tidal channels in Gazi Bay (Kenya) sampled between July and September 1989"], "abstract": ["List of present/absent vegetation (seagrasses and benthic macroalgae) and their coverage of the sublittoral zone in Gazi Bay (Kenya) sampled between 24thJuly and 2nd September1989. The data were digitizedby VLIZ from theoriginal report: De Pauw, K. (1990). De vegetatievan de getijdengeul van Gazi Bay (Kenia); The vegetation of the tidalchannels of Gazi Bay (Kenya). MScThesis.Rijksuniversiteit Gent. Faculteit Wetenschappen: Ghent. 142pp."], "theme": ["N/A"], "creditText": ["N/A"], "producer": ["\u00c2\u00a0Universiteit Gent; Faculteit Bio-ingenieurswetenschappen "], "author": ["\u00c2\u00a0Universiteit Gent; Faculteit Bio-ingenieurswetenschappen "], "spatialCoverage": [" Kenya Coast Gazi Bay"], "sponsor": ["N/A"], "size": ["N/A"], "sameAs": ["N/A"], "publication": ["N/A"], "provider": ["\u00c2\u00a0Universiteit Gent; Faculteit Bio-ingenieurswetenschappen "], "position": ["N/A"], "measurementTechnique": ["N/A"], "material": ["N/A"], "maintainer": ["N/A"], "locationCreated": ["N/A"], "issn": ["N/A"], "isPartOf": ["N/A"], "isBasedOn": ["N/A"], "isAccessibleForFree": ["N/A"], "includedInDataCatalog": ["N/A"], "editor": ["N/A"], "editEIDR": ["N/A"], "copyrightYear": ["N/A"], "copyrightNotice": ["N/A"], "copyrightHolder": ["N/A"], "contributor": ["N/A"], "contentReferenceTime": ["N/A"], "contentLocation": ["N/A"], "character": ["N/A"], "acquireLicensePage": ["N/A"], "accessModeSufficient": ["N/A"], "about": ["N/A"], "rights": ["N/A"], "relation": ["N/A"], "qualifiedRelation": ["N/A"], "qualifiedAttribution": ["N/A"], "previousVersion": ["N/A"], "nextVersion": ["N/A"], "landingPage": ["N/A"], "isReferencedBy": ["N/A"], "hasVersion": ["N/A"], "hasPolicy": ["N/A"], "hasCurrentVersion": ["N/A"], "useConstraints": ["N/A"], "status": ["N/A"], "spatialRepresentationType": ["N/A"], "scope": ["N/A"], "purpose": ["N/A"], "otherLocale": ["N/A"], "metadataProfile": ["N/A"], "metadataLinkage": ["N/A"], "metadataIdentifier": ["N/A"], "environmentDescription": ["N/A"], "contentInfo": ["N/A"], "ResearchInfrastructure": ["LifeWatch"], "EssentialVariables": ["N/A"], "potentialTopics": ["N/A"]}