{"url": ["https://metadatacatalogue.lifewatch.eu:/srv/api/records/oai:marineinfo.org:id:dataset:5100"], "name": ["Historic data (1908-1963) of benthic macrofauna from the Limfjord, Denmark"], "description": ["This historic benthic macrofauna dataset was digitizedandstandardized by ICES iintheframework of the EMODNet Biology project. It contains data from the DanishBiological Station who collected quantitative samples of the benthic macrofauna on a yearlybasis from a range of stations in the Limjord during more than 5 decades."], "datePublished": ["2021-12-02"], "language": ["en"], "creator": ["\u00c2\u00a0International Council for the Exploration of theSea DK "], "metadataProvider": ["\u00c2\u00a0Flanders Marine Institute(VLIZ) BEhttps://www.vliz.be"], "contact": ["\u00c2\u00a0International Council for the Exploration of theSea- J\u00c3\u00b8rgen N\u00c3\u00b8rrevang Jensen "], "associatedParty": [" pointOfContact\u00c2\u00a0Technical University of Denmark;National Institute of AquaticResources "], "licenseInformation": [" Intellectual Rights This work is licensed under a Creative Commons Attribution (CC-BY) 4.0 License .\u00c2\u00a0 "], "downloadLink": ["https://metadatacatalogue.lifewatch.eu:/srv/eng/catalog.search#/metadata/oai:marineinfo.org:id:dataset:5100"], "keywords": ["N/A"], "geographicCoverage": ["Geographic Description ANE, Denmark, Limfjorden"], "westBoundingCoordinate": ["8.897903521"], "eastBoundingCoordinate": ["9.173445105"], "northBoundingCoordinate": ["56.99530902"], "southBoundingCoordinate": ["56.79726898"], "dateCreated": ["1908-01-01"], "temporalCoverageEndDate": ["1963-01-01"], "license": ["N/A"], "distribution": ["N/A"], "distributionInfo": ["N/A"], "identifier": ["https://metadatacatalogue.lifewatch.eu:/srv/eng/catalog.search#/metadata/oai:marineinfo.org:id:dataset:5100"], "accessibilitySummary": ["N/A"], "version": ["N/A"], "temporalCoverage": ["N/A"], "publisher": ["N/A"], "spatial": ["N/A"], "citation": ["N/A"], "genre": ["N/A"], "modificationDate": ["2021-12-02"], "image": ["N/A"], "thumbnailUrl": ["N/A"], "headline": ["Historic data (1908-1963) of benthic macrofauna from the Limfjord, Denmark"], "abstract": ["This historic benthic macrofauna dataset was digitizedandstandardized by ICES iintheframework of the EMODNet Biology project. It contains data from the DanishBiological Station who collected quantitative samples of the benthic macrofauna on a yearlybasis from a range of stations in the Limjord during more than 5 decades."], "theme": ["N/A"], "creditText": ["N/A"], "producer": ["\u00c2\u00a0International Council for the Exploration of theSea DK "], "author": ["\u00c2\u00a0International Council for the Exploration of theSea DK "], "spatialCoverage": [" Denmark Limfjorden"], "sponsor": ["N/A"], "size": ["N/A"], "sameAs": ["N/A"], "publication": ["N/A"], "provider": ["\u00c2\u00a0International Council for the Exploration of theSea DK "], "position": ["N/A"], "measurementTechnique": ["N/A"], "material": ["N/A"], "maintainer": ["N/A"], "locationCreated": ["N/A"], "issn": ["N/A"], "isPartOf": ["N/A"], "isBasedOn": ["N/A"], "isAccessibleForFree": ["N/A"], "includedInDataCatalog": ["N/A"], "editor": ["N/A"], "editEIDR": ["N/A"], "copyrightYear": ["N/A"], "copyrightNotice": ["N/A"], "copyrightHolder": ["N/A"], "contributor": ["N/A"], "contentReferenceTime": ["N/A"], "contentLocation": ["N/A"], "character": ["N/A"], "acquireLicensePage": ["N/A"], "accessModeSufficient": ["N/A"], "about": ["N/A"], "rights": ["N/A"], "relation": ["N/A"], "qualifiedRelation": ["N/A"], "qualifiedAttribution": ["N/A"], "previousVersion": ["N/A"], "nextVersion": ["N/A"], "landingPage": ["N/A"], "isReferencedBy": ["N/A"], "hasVersion": ["N/A"], "hasPolicy": ["N/A"], "hasCurrentVersion": ["N/A"], "useConstraints": ["N/A"], "status": ["N/A"], "spatialRepresentationType": ["N/A"], "scope": ["N/A"], "purpose": ["N/A"], "otherLocale": ["N/A"], "metadataProfile": ["N/A"], "metadataLinkage": ["N/A"], "metadataIdentifier": ["N/A"], "environmentDescription": ["N/A"], "contentInfo": ["N/A"], "ResearchInfrastructure": ["LifeWatch"], "EssentialVariables": ["N/A"], "potentialTopics": ["N/A"]}