{"url": ["https://metadatacatalogue.lifewatch.eu:/srv/api/records/oai:marineinfo.org:id:dataset:6424"], "name": ["2013 University of Plymouth Flamborough Head (UK) Special Area of Conservation (SAC) towed underwater video condition assessment of epibenthic communities and biotopes"], "description": ["This data set comprises of marine epibenthos (approx. 70 identified taxa derived from Algae, Annelida, Arthropoda,Bryozoa, Chordata, Cnidaria, Echinodermata, Mollusca, Porifera) data collected in June 2013from Flamborough Head (UK) Special Area of Conservation (SAC).Data were collectedusing a high definition towed underwater video system . Fourteen areas were surveyed,seven areas were inside the SAC, one of whichwas a No TakeZone (NTZ) and seven were outside of the SAC.Three replicate 200 m x 0.5 m transects were recorded in each area.Locations of transects were selected basedon previous surveys. The survey was commissioned by NaturalEngland as part of a condition assessmentto characterise the subtidal epibenthos and habitatswithin the SAC andin comparable areas outside the SAC.The extent and condition of biotopes was also identified and mapped."], "datePublished": ["2021-12-02"], "language": ["en"], "creator": ["\u00c2\u00a0University of Plymouth;PlymouthPolytechnic- Emma Sheehan "], "metadataProvider": ["\u00c2\u00a0Flanders Marine Institute(VLIZ) BEhttps://www.vliz.be"], "contact": ["\u00c2\u00a0Flanders Marine Institute(VLIZ) BEhttps://www.vliz.be"], "associatedParty": ["N/A"], "licenseInformation": [" Intellectual Rights This work is licensed under a Creative Commons Attribution (CC-BY) 4.0 License .\u00c2\u00a0 "], "downloadLink": ["https://metadatacatalogue.lifewatch.eu:/srv/eng/catalog.search#/metadata/oai:marineinfo.org:id:dataset:6424"], "keywords": ["Benthos habitat assessment Marine protected areas(MPAs) special area of conservation Video observations"], "geographicCoverage": ["Geographic Description EurOBIS calculated BBOX > station Bounding Box Bounding Box West Bounding Coordinate -0.177183333 East Bounding Coordinate -0.0019 North Bounding Coordinate 54.1584 South Bounding Coordinate 54.06791667"], "westBoundingCoordinate": ["-0.177183333"], "eastBoundingCoordinate": ["-0.0019"], "northBoundingCoordinate": ["54.1584"], "southBoundingCoordinate": ["54.06791667"], "dateCreated": ["2013-06-01"], "temporalCoverageEndDate": ["2013-06-01"], "license": ["N/A"], "distribution": ["N/A"], "distributionInfo": ["N/A"], "identifier": ["https://metadatacatalogue.lifewatch.eu:/srv/eng/catalog.search#/metadata/oai:marineinfo.org:id:dataset:6424"], "accessibilitySummary": ["N/A"], "version": ["N/A"], "temporalCoverage": ["N/A"], "publisher": ["N/A"], "spatial": ["N/A"], "citation": ["N/A"], "genre": ["N/A"], "modificationDate": ["2021-12-02"], "image": ["N/A"], "thumbnailUrl": ["N/A"], "headline": ["2013 University of Plymouth Flamborough Head (UK) Special Area of Conservation (SAC) towed underwater video condition assessment of epibenthic communities and biotopes"], "abstract": ["This data set comprises of marine epibenthos (approx. 70 identified taxa derived from Algae, Annelida, Arthropoda,Bryozoa, Chordata, Cnidaria, Echinodermata, Mollusca, Porifera) data collected in June 2013from Flamborough Head (UK) Special Area of Conservation (SAC).Data were collectedusing a high definition towed underwater video system . Fourteen areas were surveyed,seven areas were inside the SAC, one of whichwas a No TakeZone (NTZ) and seven were outside of the SAC.Three replicate 200 m x 0.5 m transects were recorded in each area.Locations of transects were selected basedon previous surveys. The survey was commissioned by NaturalEngland as part of a condition assessmentto characterise the subtidal epibenthos and habitatswithin the SAC andin comparable areas outside the SAC.The extent and condition of biotopes was also identified and mapped."], "theme": ["N/A"], "creditText": ["N/A"], "producer": ["\u00c2\u00a0University of Plymouth;PlymouthPolytechnic- Emma Sheehan "], "author": ["\u00c2\u00a0University of Plymouth;PlymouthPolytechnic- Emma Sheehan "], "spatialCoverage": [" calculated BBOX > station Bounding Box Bounding Box West Bounding Coordinate -0.177183333 East Bounding Coordinate -0.0019 North Bounding Coordinate 54.1584 South Bounding Coordinate 54.06791667"], "sponsor": ["N/A"], "size": ["N/A"], "sameAs": ["N/A"], "publication": ["N/A"], "provider": ["\u00c2\u00a0University of Plymouth;PlymouthPolytechnic- Emma Sheehan "], "position": ["N/A"], "measurementTechnique": ["N/A"], "material": ["N/A"], "maintainer": ["N/A"], "locationCreated": ["N/A"], "issn": ["N/A"], "isPartOf": ["N/A"], "isBasedOn": ["N/A"], "isAccessibleForFree": ["N/A"], "includedInDataCatalog": ["N/A"], "editor": ["N/A"], "editEIDR": ["N/A"], "copyrightYear": ["N/A"], "copyrightNotice": ["N/A"], "copyrightHolder": ["N/A"], "contributor": ["N/A"], "contentReferenceTime": ["N/A"], "contentLocation": ["N/A"], "character": ["N/A"], "acquireLicensePage": ["N/A"], "accessModeSufficient": ["N/A"], "about": ["N/A"], "rights": ["N/A"], "relation": ["N/A"], "qualifiedRelation": ["N/A"], "qualifiedAttribution": ["N/A"], "previousVersion": ["N/A"], "nextVersion": ["N/A"], "landingPage": ["N/A"], "isReferencedBy": ["N/A"], "hasVersion": ["N/A"], "hasPolicy": ["N/A"], "hasCurrentVersion": ["N/A"], "useConstraints": ["N/A"], "status": ["N/A"], "spatialRepresentationType": ["N/A"], "scope": ["N/A"], "purpose": ["N/A"], "otherLocale": ["N/A"], "metadataProfile": ["N/A"], "metadataLinkage": ["N/A"], "metadataIdentifier": ["N/A"], "environmentDescription": ["N/A"], "contentInfo": ["N/A"], "ResearchInfrastructure": ["LifeWatch"], "EssentialVariables": ["N/A"], "potentialTopics": ["N/A"]}