{"url": ["https://metadatacatalogue.lifewatch.eu:/srv/api/records/oai:marineinfo.org:id:dataset:5670"], "name": ["2012-ongoing UK Offshore Marine Conservation Zone (MCZ) Survey Data"], "description": ["A collection of surveys completed in offshore UK waters by the CentreforEnvironment, Fisheries and AquacultureScience (Cefas) to collect data on marine wildlife, habitats, geologyand geomorphology of designated and recommended Marine Conservation Zones (MCZs)."], "datePublished": ["2021-12-02"], "language": ["en"], "creator": ["\u00c2\u00a0Centre for Environment,Fisheries and AquacultureScience GB "], "metadataProvider": ["\u00c2\u00a0Flanders Marine Institute(VLIZ) BEhttps://www.vliz.be"], "contact": ["\u00c2\u00a0Marine Biological Association of the UK; The Archive for Marine Speciesand Habitats Data "], "associatedParty": [" contentProvider\u00c2\u00a0Marine Biological Association of theUK GB "], "licenseInformation": [" Intellectual Rights This work is licensed under a Creative Commons Attribution (CC-BY) 4.0 License .\u00c2\u00a0 "], "downloadLink": ["https://metadatacatalogue.lifewatch.eu:/srv/eng/catalog.search#/metadata/oai:marineinfo.org:id:dataset:5670"], "keywords": ["Data Marine Genomics"], "geographicCoverage": ["Geographic Description united kingdom"], "westBoundingCoordinate": ["-8.197446"], "eastBoundingCoordinate": ["2.887777"], "northBoundingCoordinate": ["55.84248"], "southBoundingCoordinate": ["49.977386"], "dateCreated": ["N/A"], "temporalCoverageEndDate": ["N/A"], "license": ["N/A"], "distribution": ["N/A"], "distributionInfo": ["N/A"], "identifier": ["https://metadatacatalogue.lifewatch.eu:/srv/eng/catalog.search#/metadata/oai:marineinfo.org:id:dataset:5670"], "accessibilitySummary": ["N/A"], "version": ["N/A"], "temporalCoverage": ["N/A"], "publisher": ["N/A"], "spatial": ["N/A"], "citation": ["N/A"], "genre": ["N/A"], "modificationDate": ["2021-12-02"], "image": ["N/A"], "thumbnailUrl": ["N/A"], "headline": ["2012-ongoing UK Offshore Marine Conservation Zone (MCZ) Survey Data"], "abstract": ["A collection of surveys completed in offshore UK waters by the CentreforEnvironment, Fisheries and AquacultureScience (Cefas) to collect data on marine wildlife, habitats, geologyand geomorphology of designated and recommended Marine Conservation Zones (MCZs)."], "theme": ["N/A"], "creditText": ["N/A"], "producer": ["\u00c2\u00a0Centre for Environment,Fisheries and AquacultureScience GB "], "author": ["\u00c2\u00a0Centre for Environment,Fisheries and AquacultureScience GB "], "spatialCoverage": [" united kingdom"], "sponsor": ["N/A"], "size": ["N/A"], "sameAs": ["N/A"], "publication": ["N/A"], "provider": ["\u00c2\u00a0Centre for Environment,Fisheries and AquacultureScience GB "], "position": ["N/A"], "measurementTechnique": ["N/A"], "material": ["N/A"], "maintainer": ["N/A"], "locationCreated": ["N/A"], "issn": ["N/A"], "isPartOf": ["N/A"], "isBasedOn": ["N/A"], "isAccessibleForFree": ["N/A"], "includedInDataCatalog": ["N/A"], "editor": ["N/A"], "editEIDR": ["N/A"], "copyrightYear": ["N/A"], "copyrightNotice": ["N/A"], "copyrightHolder": ["N/A"], "contributor": ["N/A"], "contentReferenceTime": ["N/A"], "contentLocation": ["N/A"], "character": ["N/A"], "acquireLicensePage": ["N/A"], "accessModeSufficient": ["N/A"], "about": ["N/A"], "rights": ["N/A"], "relation": ["N/A"], "qualifiedRelation": ["N/A"], "qualifiedAttribution": ["N/A"], "previousVersion": ["N/A"], "nextVersion": ["N/A"], "landingPage": ["N/A"], "isReferencedBy": ["N/A"], "hasVersion": ["N/A"], "hasPolicy": ["N/A"], "hasCurrentVersion": ["N/A"], "useConstraints": ["N/A"], "status": ["N/A"], "spatialRepresentationType": ["N/A"], "scope": ["N/A"], "purpose": ["N/A"], "otherLocale": ["N/A"], "metadataProfile": ["N/A"], "metadataLinkage": ["N/A"], "metadataIdentifier": ["N/A"], "environmentDescription": ["N/A"], "contentInfo": ["N/A"], "ResearchInfrastructure": ["LifeWatch"], "EssentialVariables": ["N/A"], "potentialTopics": ["N/A"]}