{"url": ["https://metadatacatalogue.lifewatch.eu:/srv/api/records/oai:marineinfo.org:id:dataset:1975"], "name": ["Harbour seals in Republic of Ireland in August 2003"], "description": ["Information on Ireland's harbour seal populationfrom survey conducted along the coastline of the Republic of Ireland during the species' annual moult in August2003."], "datePublished": ["2021-12-02"], "language": ["en"], "creator": ["\u00c2\u00a0The Department of the Environment,Heritage and Local Government (Ireland); National Parksand Wildlife Service "], "metadataProvider": ["\u00c2\u00a0Flanders Marine Institute(VLIZ) BEhttps://www.vliz.be"], "contact": ["\u00c2\u00a0University College Cork; Coastaland Marine ResearchCentre- Michelle Cronin "], "associatedParty": [" custodianSteward\u00c2\u00a0University College Cork; Coastaland Marine ResearchCentre- Michelle Cronin "], "licenseInformation": [" Intellectual Rights This work is licensed under a Creative Commons Attribution NonCommercial (CC-BY-NC) 4.0 License .\u00c2\u00a0 "], "downloadLink": ["https://metadatacatalogue.lifewatch.eu:/geonetwork/eng/catalog.search#/metadata/oai:marineinfo.org:id:dataset:1975"], "keywords": ["Marine mammals Seals"], "geographicCoverage": ["Geographic Description ANE, Ireland"], "westBoundingCoordinate": ["N/A"], "eastBoundingCoordinate": ["N/A"], "northBoundingCoordinate": ["N/A"], "southBoundingCoordinate": ["N/A"], "dateCreated": ["2003-08-12"], "temporalCoverageEndDate": ["2003-08-20"], "license": ["http://seamap.env.duke.edu/datasets/detail/431"], "distribution": ["http://seamap.env.duke.edu/datasets/detail/431"], "distributionInfo": ["http://seamap.env.duke.edu/datasets/detail/431"], "identifier": ["https://metadatacatalogue.lifewatch.eu:/geonetwork/eng/catalog.search#/metadata/oai:marineinfo.org:id:dataset:1975"], "accessibilitySummary": ["N/A"], "version": ["N/A"], "temporalCoverage": ["N/A"], "publisher": ["N/A"], "spatial": ["N/A"], "citation": ["N/A"], "genre": ["N/A"], "modificationDate": ["2021-12-02"], "image": ["N/A"], "thumbnailUrl": ["N/A"], "headline": ["Harbour seals in Republic of Ireland in August 2003"], "abstract": ["Information on Ireland's harbour seal populationfrom survey conducted along the coastline of the Republic of Ireland during the species' annual moult in August2003."], "theme": ["N/A"], "creditText": ["N/A"], "producer": ["\u00c2\u00a0The Department of the Environment,Heritage and Local Government (Ireland); National Parksand Wildlife Service "], "author": ["\u00c2\u00a0The Department of the Environment,Heritage and Local Government (Ireland); National Parksand Wildlife Service "], "spatialCoverage": [" Ireland"], "sponsor": ["N/A"], "size": ["N/A"], "sameAs": ["N/A"], "publication": ["N/A"], "provider": ["\u00c2\u00a0The Department of the Environment,Heritage and Local Government (Ireland); National Parksand Wildlife Service "], "position": ["N/A"], "measurementTechnique": ["N/A"], "material": ["N/A"], "maintainer": ["N/A"], "locationCreated": ["N/A"], "issn": ["N/A"], "isPartOf": ["N/A"], "isBasedOn": ["N/A"], "isAccessibleForFree": ["N/A"], "includedInDataCatalog": ["N/A"], "editor": ["N/A"], "editEIDR": ["N/A"], "copyrightYear": ["N/A"], "copyrightNotice": ["N/A"], "copyrightHolder": ["N/A"], "contributor": ["N/A"], "contentReferenceTime": ["N/A"], "contentLocation": ["N/A"], "character": ["N/A"], "acquireLicensePage": ["N/A"], "accessModeSufficient": ["N/A"], "about": ["N/A"], "rights": ["N/A"], "relation": ["N/A"], "qualifiedRelation": ["N/A"], "qualifiedAttribution": ["N/A"], "previousVersion": ["N/A"], "nextVersion": ["N/A"], "landingPage": ["N/A"], "isReferencedBy": ["N/A"], "hasVersion": ["N/A"], "hasPolicy": ["N/A"], "hasCurrentVersion": ["N/A"], "useConstraints": ["N/A"], "status": ["N/A"], "spatialRepresentationType": ["N/A"], "scope": ["N/A"], "purpose": ["N/A"], "otherLocale": ["N/A"], "metadataProfile": ["N/A"], "metadataLinkage": ["N/A"], "metadataIdentifier": ["N/A"], "environmentDescription": ["N/A"], "contentInfo": ["N/A"], "ResearchInfrastructure": ["LifeWatch"], "EssentialVariables": ["N/A"], "potentialTopics": ["N/A"]}