{"url": ["https://metadatacatalogue.lifewatch.eu:/geonetwork/api/records/oai:marineinfo.org:id:dataset:1646"], "name": ["Phytoplankton in the Oosterschelde before, during and after the storm-surge barrier (1982-1990)"], "description": ["During 8 years (before, during and afterthe storm-surge barrier) phytoplankton was measuredat two stations in the Oosterschelde (inner harbour and the estuary, the Netherlands) by Kees Bakker."], "datePublished": ["2021-12-02"], "language": ["en"], "creator": ["\u00c2\u00a0Koninklijke Nederlandse Akademie van Wetenschappen; Centre for Estuarineand Marine Ecology "], "metadataProvider": ["\u00c2\u00a0Flanders Marine Institute(VLIZ) BEhttps://www.vliz.be"], "contact": ["\u00c2\u00a0Flanders Marine Institute(VLIZ) BEhttps://www.vliz.be"], "associatedParty": [" contentProvider\u00c2\u00a0Royal Netherlands Academy of Arts and Sciences Netherlands Institute of Ecology NL "], "licenseInformation": [" Intellectual Rights This work is licensed under a Creative Commons Attribution (CC-BY) 4.0 License .\u00c2\u00a0 "], "downloadLink": ["https://metadatacatalogue.lifewatch.eu:/srv/eng/catalog.search#/metadata/oai:marineinfo.org:id:dataset:1646"], "keywords": ["Monitoring Phytoplankton"], "geographicCoverage": ["Geographic Description ANE, Netherlands, Oosterschelde > station KOM, buoy LG-PK"], "westBoundingCoordinate": ["3.6966"], "eastBoundingCoordinate": ["4.1275"], "northBoundingCoordinate": ["51.6059"], "southBoundingCoordinate": ["51.4926"], "dateCreated": ["1982-02-10"], "temporalCoverageEndDate": ["1990-12-17"], "license": ["N/A"], "distribution": ["N/A"], "distributionInfo": ["N/A"], "identifier": ["https://metadatacatalogue.lifewatch.eu:/srv/eng/catalog.search#/metadata/oai:marineinfo.org:id:dataset:1646"], "accessibilitySummary": ["N/A"], "version": ["N/A"], "temporalCoverage": ["N/A"], "publisher": ["N/A"], "spatial": ["N/A"], "citation": ["N/A"], "genre": ["N/A"], "modificationDate": ["2021-12-02"], "image": ["N/A"], "thumbnailUrl": ["N/A"], "headline": ["Phytoplankton in the Oosterschelde before, during and after the storm-surge barrier (1982-1990)"], "abstract": ["During 8 years (before, during and afterthe storm-surge barrier) phytoplankton was measuredat two stations in the Oosterschelde (inner harbour and the estuary, the Netherlands) by Kees Bakker."], "theme": ["N/A"], "creditText": ["N/A"], "producer": ["\u00c2\u00a0Koninklijke Nederlandse Akademie van Wetenschappen; Centre for Estuarineand Marine Ecology "], "author": ["\u00c2\u00a0Koninklijke Nederlandse Akademie van Wetenschappen; Centre for Estuarineand Marine Ecology "], "spatialCoverage": [" Netherlands Oosterschelde > station KOM buoy LG-PK"], "sponsor": ["N/A"], "size": ["N/A"], "sameAs": ["N/A"], "publication": ["N/A"], "provider": ["\u00c2\u00a0Koninklijke Nederlandse Akademie van Wetenschappen; Centre for Estuarineand Marine Ecology "], "position": ["N/A"], "measurementTechnique": ["N/A"], "material": ["N/A"], "maintainer": ["N/A"], "locationCreated": ["N/A"], "issn": ["N/A"], "isPartOf": ["N/A"], "isBasedOn": ["N/A"], "isAccessibleForFree": ["N/A"], "includedInDataCatalog": ["N/A"], "editor": ["N/A"], "editEIDR": ["N/A"], "copyrightYear": ["N/A"], "copyrightNotice": ["N/A"], "copyrightHolder": ["N/A"], "contributor": ["N/A"], "contentReferenceTime": ["N/A"], "contentLocation": ["N/A"], "character": ["N/A"], "acquireLicensePage": ["N/A"], "accessModeSufficient": ["N/A"], "about": ["N/A"], "rights": ["N/A"], "relation": ["N/A"], "qualifiedRelation": ["N/A"], "qualifiedAttribution": ["N/A"], "previousVersion": ["N/A"], "nextVersion": ["N/A"], "landingPage": ["N/A"], "isReferencedBy": ["N/A"], "hasVersion": ["N/A"], "hasPolicy": ["N/A"], "hasCurrentVersion": ["N/A"], "useConstraints": ["N/A"], "status": ["N/A"], "spatialRepresentationType": ["N/A"], "scope": ["N/A"], "purpose": ["N/A"], "otherLocale": ["N/A"], "metadataProfile": ["N/A"], "metadataLinkage": ["N/A"], "metadataIdentifier": ["N/A"], "environmentDescription": ["N/A"], "contentInfo": ["N/A"], "ResearchInfrastructure": ["LifeWatch"], "EssentialVariables": ["N/A"], "potentialTopics": ["N/A"]}