{"url": ["https://metadatacatalogue.lifewatch.eu:/srv/api/records/oai:marineinfo.org:id:dataset:5647"], "name": ["Horseshoe crab distribution records from East America and Asia"], "description": [" We assembled occurrence records (presence-only) for all four horseshoe crab species in Asia andEastern America from our own observations, collaborators, scientific networks as well as throughpublishing a scratchpad site at http://horseshoecrabs.myspecies.info/. For many species,numerousdistribution records existin the literature, and we manually geo-referencedadditional occurrence data from thesesources. "], "datePublished": ["2021-12-02"], "language": ["en"], "creator": ["\u00c2\u00a0Cardiff University; CardiffSchool of ComputerScience- Francisco Quevedo Fernandez "], "metadataProvider": ["\u00c2\u00a0Flanders Marine Institute(VLIZ) BEhttps://www.vliz.be"], "contact": ["\u00c2\u00a0University of Gothenburg- Matthias Obst "], "associatedParty": ["N/A"], "licenseInformation": [" Intellectual Rights This work is licensed under a Creative Commons Attribution (CC-BY) 4.0 License .\u00c2\u00a0 "], "downloadLink": ["https://metadatacatalogue.lifewatch.eu:/geonetwork/eng/catalog.search#/metadata/oai:marineinfo.org:id:dataset:5647"], "keywords": ["Biogeography Climate change Distribution shift Ecological modelling"], "geographicCoverage": ["Geographic Description ANW, North WestAtlantic"], "westBoundingCoordinate": ["-90.39"], "eastBoundingCoordinate": ["134.03"], "northBoundingCoordinate": ["44.58"], "southBoundingCoordinate": ["-7.73"], "dateCreated": ["1975-01-01"], "temporalCoverageEndDate": ["2015-01-01"], "license": ["N/A"], "distribution": ["N/A"], "distributionInfo": ["N/A"], "identifier": ["https://metadatacatalogue.lifewatch.eu:/geonetwork/eng/catalog.search#/metadata/oai:marineinfo.org:id:dataset:5647"], "accessibilitySummary": ["N/A"], "version": ["N/A"], "temporalCoverage": ["N/A"], "publisher": ["N/A"], "spatial": ["N/A"], "citation": ["N/A"], "genre": ["N/A"], "modificationDate": ["2021-12-02"], "image": ["N/A"], "thumbnailUrl": ["N/A"], "headline": ["Horseshoe crab distribution records from East America and Asia"], "abstract": [" We assembled occurrence records (presence-only) for all four horseshoe crab species in Asia andEastern America from our own observations, collaborators, scientific networks as well as throughpublishing a scratchpad site at http://horseshoecrabs.myspecies.info/. For many species,numerousdistribution records existin the literature, and we manually geo-referencedadditional occurrence data from thesesources. "], "theme": ["N/A"], "creditText": ["N/A"], "producer": ["\u00c2\u00a0Cardiff University; CardiffSchool of ComputerScience- Francisco Quevedo Fernandez "], "author": ["\u00c2\u00a0Cardiff University; CardiffSchool of ComputerScience- Francisco Quevedo Fernandez "], "spatialCoverage": [" North WestAtlantic"], "sponsor": ["N/A"], "size": ["N/A"], "sameAs": ["N/A"], "publication": ["N/A"], "provider": ["\u00c2\u00a0Cardiff University; CardiffSchool of ComputerScience- Francisco Quevedo Fernandez "], "position": ["N/A"], "measurementTechnique": ["N/A"], "material": ["N/A"], "maintainer": ["N/A"], "locationCreated": ["N/A"], "issn": ["N/A"], "isPartOf": ["N/A"], "isBasedOn": ["N/A"], "isAccessibleForFree": ["N/A"], "includedInDataCatalog": ["N/A"], "editor": ["N/A"], "editEIDR": ["N/A"], "copyrightYear": ["N/A"], "copyrightNotice": ["N/A"], "copyrightHolder": ["N/A"], "contributor": ["N/A"], "contentReferenceTime": ["N/A"], "contentLocation": ["N/A"], "character": ["N/A"], "acquireLicensePage": ["N/A"], "accessModeSufficient": ["N/A"], "about": ["N/A"], "rights": ["N/A"], "relation": ["N/A"], "qualifiedRelation": ["N/A"], "qualifiedAttribution": ["N/A"], "previousVersion": ["N/A"], "nextVersion": ["N/A"], "landingPage": ["N/A"], "isReferencedBy": ["N/A"], "hasVersion": ["N/A"], "hasPolicy": ["N/A"], "hasCurrentVersion": ["N/A"], "useConstraints": ["N/A"], "status": ["N/A"], "spatialRepresentationType": ["N/A"], "scope": ["N/A"], "purpose": ["N/A"], "otherLocale": ["N/A"], "metadataProfile": ["N/A"], "metadataLinkage": ["N/A"], "metadataIdentifier": ["N/A"], "environmentDescription": ["N/A"], "contentInfo": ["N/A"], "ResearchInfrastructure": ["LifeWatch"], "EssentialVariables": ["N/A"], "potentialTopics": ["N/A"]}