{"url": ["https://metadatacatalogue.lifewatch.eu:/geonetwork/api/records/oai:marineinfo.org:id:dataset:5159"], "name": ["Ecological study on the algal population of the rocky coasts of \"Le Dramont\" (Saint Rapha\u00c3\u00abl, France) between 1968 and 1972"], "description": ["Inventory of algae sampled between 1968 and 1972 at Le Dramont and vertical distribution data for 4 transects in summer andspring. The data were digitized by VLIZ from the original report: Coppejans, E. (1972). R\u00c3\u00a9sultats d'une \u00c3\u00a9tude syst\u00c3\u00a9matique et \u00c3\u00a9cologique de la population algale des c\u00c3\u00b4tes rocheuses du Dramont, St. Rapha\u00c3\u00abl (Var,France)."], "datePublished": ["2021-12-02"], "language": ["en"], "creator": ["\u00c2\u00a0Afdeling Algologie "], "metadataProvider": ["\u00c2\u00a0Flanders Marine Institute(VLIZ) BEhttps://www.vliz.be"], "contact": ["\u00c2\u00a0Vlaams Instituut voor de Zee BE "], "associatedParty": [" custodianSteward\u00c2\u00a0Vlaams Instituut voor de Zee BE "], "licenseInformation": [" Intellectual Rights This work is licensed under a Creative Commons Attribution (CC-BY) 4.0 License .\u00c2\u00a0 "], "downloadLink": ["https://metadatacatalogue.lifewatch.eu:/srv/eng/catalog.search#/metadata/oai:marineinfo.org:id:dataset:5159"], "keywords": ["Algae Hard substrates High tide Infralittoral Low tide Rocky shores Transect Vertical distribution"], "geographicCoverage": ["Geographic Description EurOBIS calculated BBOX > station Bounding Box Bounding Box West Bounding Coordinate 6.85 East Bounding Coordinate 6.85 North Bounding Coordinate 43.41667 South Bounding Coordinate 43.41667"], "westBoundingCoordinate": ["6.85"], "eastBoundingCoordinate": ["6.85"], "northBoundingCoordinate": ["43.41667"], "southBoundingCoordinate": ["43.41667"], "dateCreated": ["1968-01-01"], "temporalCoverageEndDate": ["1972-01-01"], "license": ["N/A"], "distribution": ["N/A"], "distributionInfo": ["N/A"], "identifier": ["https://metadatacatalogue.lifewatch.eu:/srv/eng/catalog.search#/metadata/oai:marineinfo.org:id:dataset:5159"], "accessibilitySummary": ["N/A"], "version": ["N/A"], "temporalCoverage": ["N/A"], "publisher": ["N/A"], "spatial": ["N/A"], "citation": ["N/A"], "genre": ["N/A"], "modificationDate": ["2021-12-02"], "image": ["N/A"], "thumbnailUrl": ["N/A"], "headline": ["Ecological study on the algal population of the rocky coasts of \"Le Dramont\" (Saint Rapha\u00c3\u00abl, France) between 1968 and 1972"], "abstract": ["Inventory of algae sampled between 1968 and 1972 at Le Dramont and vertical distribution data for 4 transects in summer andspring. The data were digitized by VLIZ from the original report: Coppejans, E. (1972). R\u00c3\u00a9sultats d'une \u00c3\u00a9tude syst\u00c3\u00a9matique et \u00c3\u00a9cologique de la population algale des c\u00c3\u00b4tes rocheuses du Dramont, St. Rapha\u00c3\u00abl (Var,France)."], "theme": ["N/A"], "creditText": ["N/A"], "producer": ["\u00c2\u00a0Afdeling Algologie "], "author": ["\u00c2\u00a0Afdeling Algologie "], "spatialCoverage": [" calculated BBOX > station Bounding Box Bounding Box West Bounding Coordinate 6.85 East Bounding Coordinate 6.85 North Bounding Coordinate 43.41667 South Bounding Coordinate 43.41667"], "sponsor": ["N/A"], "size": ["N/A"], "sameAs": ["N/A"], "publication": ["N/A"], "provider": ["\u00c2\u00a0Afdeling Algologie "], "position": ["N/A"], "measurementTechnique": ["N/A"], "material": ["N/A"], "maintainer": ["N/A"], "locationCreated": ["N/A"], "issn": ["N/A"], "isPartOf": ["N/A"], "isBasedOn": ["N/A"], "isAccessibleForFree": ["N/A"], "includedInDataCatalog": ["N/A"], "editor": ["N/A"], "editEIDR": ["N/A"], "copyrightYear": ["N/A"], "copyrightNotice": ["N/A"], "copyrightHolder": ["N/A"], "contributor": ["N/A"], "contentReferenceTime": ["N/A"], "contentLocation": ["N/A"], "character": ["N/A"], "acquireLicensePage": ["N/A"], "accessModeSufficient": ["N/A"], "about": ["N/A"], "rights": ["N/A"], "relation": ["N/A"], "qualifiedRelation": ["N/A"], "qualifiedAttribution": ["N/A"], "previousVersion": ["N/A"], "nextVersion": ["N/A"], "landingPage": ["N/A"], "isReferencedBy": ["N/A"], "hasVersion": ["N/A"], "hasPolicy": ["N/A"], "hasCurrentVersion": ["N/A"], "useConstraints": ["N/A"], "status": ["N/A"], "spatialRepresentationType": ["N/A"], "scope": ["N/A"], "purpose": ["N/A"], "otherLocale": ["N/A"], "metadataProfile": ["N/A"], "metadataLinkage": ["N/A"], "metadataIdentifier": ["N/A"], "environmentDescription": ["N/A"], "contentInfo": ["N/A"], "ResearchInfrastructure": ["LifeWatch"], "EssentialVariables": ["N/A"], "potentialTopics": ["N/A"]}