{"url": ["https://metadatacatalogue.lifewatch.eu:/srv/api/records/oai:marineinfo.org:id:dataset:4215"], "name": ["RISC and ALERT Marine Non-Native Species (Chinese Mitten Crab, Wakame and Carpet Sea Squirt) Records"], "description": ["Recording Invasive Species Counts (RISC) alongside ALERT was launched in 2010 and includes on-line recording for 19 species including the Chinese Mitten Crab <i>Eriocheirsinensis</i>, Wakame <i>Undaria pinnatifida</i> and Carpet Sea Squirt <i>Didemnum vexillum</i>. The data is predominantly provided by members of the public but recordsare verified from photos by designated experts. No additional attribute data is included for the Carpet SeaSquirt. The recordingforms for Chinese MittenCrab and Wakame includes the option to provide abundance.Additionally for the ChineseMitten Crab information on whether it is dead or alive is recorded and for Wakame attachment method (attached to boat, attached to other man-madesurface, attach to natural surface or detached) is recorded."], "datePublished": ["2021-12-02"], "language": ["en"], "creator": ["\u00c2\u00a0Marine Biological Association of theUK GB "], "metadataProvider": ["\u00c2\u00a0Flanders Marine Institute(VLIZ) BEhttps://www.vliz.be"], "contact": ["\u00c2\u00a0Marine Biological Association of theUK- Jon Parr "], "associatedParty": [" contentProvider\u00c2\u00a0Marine Biological Association of theUK GB "], "licenseInformation": [" Intellectual Rights This work is licensed under a Creative Commons Attribution (CC-BY) 4.0 License .\u00c2\u00a0 "], "downloadLink": ["https://metadatacatalogue.lifewatch.eu:/srv/eng/catalog.search#/metadata/oai:marineinfo.org:id:dataset:4215"], "keywords": ["Data Invasive species Marine Genomics"], "geographicCoverage": ["Geographic Description EurOBIS calculated BBOX > station Bounding Box Bounding Box West Bounding Coordinate -5.0827870191331 East Bounding Coordinate 4.65461 North Bounding Coordinate 54.978301103697 South Bounding Coordinate 50.162218150303"], "westBoundingCoordinate": ["-5.0827870191331"], "eastBoundingCoordinate": ["4.65461"], "northBoundingCoordinate": ["54.978301103697"], "southBoundingCoordinate": ["50.162218150303"], "dateCreated": ["1935-01-01"], "temporalCoverageEndDate": ["2013-01-01"], "license": ["https://data.nbn.org.uk/Datasets/GA001160"], "distribution": ["https://data.nbn.org.uk/Datasets/GA001160"], "distributionInfo": ["https://data.nbn.org.uk/Datasets/GA001160"], "identifier": ["https://metadatacatalogue.lifewatch.eu:/srv/eng/catalog.search#/metadata/oai:marineinfo.org:id:dataset:4215"], "accessibilitySummary": ["N/A"], "version": ["N/A"], "temporalCoverage": ["N/A"], "publisher": ["N/A"], "spatial": ["N/A"], "citation": ["N/A"], "genre": ["N/A"], "modificationDate": ["2021-12-02"], "image": ["N/A"], "thumbnailUrl": ["N/A"], "headline": ["RISC and ALERT Marine Non-Native Species (Chinese Mitten Crab, Wakame and Carpet Sea Squirt) Records"], "abstract": ["Recording Invasive Species Counts (RISC) alongside ALERT was launched in 2010 and includes on-line recording for 19 species including the Chinese Mitten Crab <i>Eriocheirsinensis</i>, Wakame <i>Undaria pinnatifida</i> and Carpet Sea Squirt <i>Didemnum vexillum</i>. The data is predominantly provided by members of the public but recordsare verified from photos by designated experts. No additional attribute data is included for the Carpet SeaSquirt. The recordingforms for Chinese MittenCrab and Wakame includes the option to provide abundance.Additionally for the ChineseMitten Crab information on whether it is dead or alive is recorded and for Wakame attachment method (attached to boat, attached to other man-madesurface, attach to natural surface or detached) is recorded."], "theme": ["N/A"], "creditText": ["N/A"], "producer": ["\u00c2\u00a0Marine Biological Association of theUK GB "], "author": ["\u00c2\u00a0Marine Biological Association of theUK GB "], "spatialCoverage": [" calculated BBOX > station Bounding Box Bounding Box West Bounding Coordinate -5.0827870191331 East Bounding Coordinate 4.65461 North Bounding Coordinate 54.978301103697 South Bounding Coordinate 50.162218150303"], "sponsor": ["N/A"], "size": ["N/A"], "sameAs": ["N/A"], "publication": ["N/A"], "provider": ["\u00c2\u00a0Marine Biological Association of theUK GB "], "position": ["N/A"], "measurementTechnique": ["N/A"], "material": ["N/A"], "maintainer": ["N/A"], "locationCreated": ["N/A"], "issn": ["N/A"], "isPartOf": ["N/A"], "isBasedOn": ["N/A"], "isAccessibleForFree": ["N/A"], "includedInDataCatalog": ["N/A"], "editor": ["N/A"], "editEIDR": ["N/A"], "copyrightYear": ["N/A"], "copyrightNotice": ["N/A"], "copyrightHolder": ["N/A"], "contributor": ["N/A"], "contentReferenceTime": ["N/A"], "contentLocation": ["N/A"], "character": ["N/A"], "acquireLicensePage": ["N/A"], "accessModeSufficient": ["N/A"], "about": ["N/A"], "rights": ["N/A"], "relation": ["N/A"], "qualifiedRelation": ["N/A"], "qualifiedAttribution": ["N/A"], "previousVersion": ["N/A"], "nextVersion": ["N/A"], "landingPage": ["N/A"], "isReferencedBy": ["N/A"], "hasVersion": ["N/A"], "hasPolicy": ["N/A"], "hasCurrentVersion": ["N/A"], "useConstraints": ["N/A"], "status": ["N/A"], "spatialRepresentationType": ["N/A"], "scope": ["N/A"], "purpose": ["N/A"], "otherLocale": ["N/A"], "metadataProfile": ["N/A"], "metadataLinkage": ["N/A"], "metadataIdentifier": ["N/A"], "environmentDescription": ["N/A"], "contentInfo": ["N/A"], "ResearchInfrastructure": ["LifeWatch"], "EssentialVariables": ["N/A"], "potentialTopics": ["N/A"]}