{"url": ["https://metadatacatalogue.lifewatch.eu:/geonetwork/api/records/oai:marineinfo.org:id:dataset:1989"], "name": ["SMRU Grey Seal UK 1991-1993"], "description": ["Dataset information availableat <a href=http://seamap.env.duke.edu/datasets/detail/71 target=_blank>seamap.env.duke.edu/datasets/detail/71</a>"], "datePublished": ["2021-12-02"], "language": ["en"], "creator": ["\u00c2\u00a0University of St Andrews; Schoolof Biology; Gatty Marine Laboratory Sea Mammal ResearchUnit GB "], "metadataProvider": ["\u00c2\u00a0Flanders Marine Institute(VLIZ) BEhttps://www.vliz.be"], "contact": ["\u00c2\u00a0Flanders Marine Institute(VLIZ) BEhttps://www.vliz.be"], "associatedParty": ["N/A"], "licenseInformation": [" Intellectual Rights This work is licensed under a Creative Commons Attribution NonCommercial (CC-BY-NC) 4.0 License .\u00c2\u00a0 "], "downloadLink": ["https://metadatacatalogue.lifewatch.eu:/srv/eng/catalog.search#/metadata/oai:marineinfo.org:id:dataset:1989"], "keywords": ["Marine mammals Seals (animals)"], "geographicCoverage": ["Geographic Description ANE, British Isles, NorthEast England > stationFarnes"], "westBoundingCoordinate": ["N/A"], "eastBoundingCoordinate": ["N/A"], "northBoundingCoordinate": ["N/A"], "southBoundingCoordinate": ["N/A"], "dateCreated": ["1991-01-01"], "temporalCoverageEndDate": ["1993-01-01"], "license": ["http://seamap.env.duke.edu/datasets/detail/71"], "distribution": ["http://seamap.env.duke.edu/datasets/detail/71"], "distributionInfo": ["http://seamap.env.duke.edu/datasets/detail/71"], "identifier": ["https://metadatacatalogue.lifewatch.eu:/srv/eng/catalog.search#/metadata/oai:marineinfo.org:id:dataset:1989"], "accessibilitySummary": ["N/A"], "version": ["N/A"], "temporalCoverage": ["N/A"], "publisher": ["N/A"], "spatial": ["N/A"], "citation": ["N/A"], "genre": ["N/A"], "modificationDate": ["2021-12-02"], "image": ["N/A"], "thumbnailUrl": ["N/A"], "headline": ["SMRU Grey Seal UK 1991-1993"], "abstract": ["Dataset information availableat <a href=http://seamap.env.duke.edu/datasets/detail/71 target=_blank>seamap.env.duke.edu/datasets/detail/71</a>"], "theme": ["N/A"], "creditText": ["N/A"], "producer": ["\u00c2\u00a0University of St Andrews; Schoolof Biology; Gatty Marine Laboratory Sea Mammal ResearchUnit GB "], "author": ["\u00c2\u00a0University of St Andrews; Schoolof Biology; Gatty Marine Laboratory Sea Mammal ResearchUnit GB "], "spatialCoverage": [" British Isles NorthEast England > stationFarnes"], "sponsor": ["N/A"], "size": ["N/A"], "sameAs": ["N/A"], "publication": ["N/A"], "provider": ["\u00c2\u00a0University of St Andrews; Schoolof Biology; Gatty Marine Laboratory Sea Mammal ResearchUnit GB "], "position": ["N/A"], "measurementTechnique": ["N/A"], "material": ["N/A"], "maintainer": ["N/A"], "locationCreated": ["N/A"], "issn": ["N/A"], "isPartOf": ["N/A"], "isBasedOn": ["N/A"], "isAccessibleForFree": ["N/A"], "includedInDataCatalog": ["N/A"], "editor": ["N/A"], "editEIDR": ["N/A"], "copyrightYear": ["N/A"], "copyrightNotice": ["N/A"], "copyrightHolder": ["N/A"], "contributor": ["N/A"], "contentReferenceTime": ["N/A"], "contentLocation": ["N/A"], "character": ["N/A"], "acquireLicensePage": ["N/A"], "accessModeSufficient": ["N/A"], "about": ["N/A"], "rights": ["N/A"], "relation": ["N/A"], "qualifiedRelation": ["N/A"], "qualifiedAttribution": ["N/A"], "previousVersion": ["N/A"], "nextVersion": ["N/A"], "landingPage": ["N/A"], "isReferencedBy": ["N/A"], "hasVersion": ["N/A"], "hasPolicy": ["N/A"], "hasCurrentVersion": ["N/A"], "useConstraints": ["N/A"], "status": ["N/A"], "spatialRepresentationType": ["N/A"], "scope": ["N/A"], "purpose": ["N/A"], "otherLocale": ["N/A"], "metadataProfile": ["N/A"], "metadataLinkage": ["N/A"], "metadataIdentifier": ["N/A"], "environmentDescription": ["N/A"], "contentInfo": ["N/A"], "ResearchInfrastructure": ["LifeWatch"], "EssentialVariables": ["N/A"], "potentialTopics": ["N/A"]}