{"url": ["https://metadatacatalogue.lifewatch.eu:/geonetwork/api/records/oai:marineinfo.org:id:dataset:5248"], "name": ["Zooplankton community of Shirazi bay (Kenya) sampled between April and December 1998"], "description": ["Density on zooplankton taxa and related environmentalvariables (chlorophyll a, dissolvedoxygen and biological oxygen demand) for 30 samples taken in Shirazi Bay from 15 April to 16 December 1998. The data were digitized by VLIZ fromthe original report: Anyango, C. (2000). The zooplankton community of Shirazi Bay,Kenya. MSc Thesis. VUB: Brussel. 81 pp."], "datePublished": ["2021-12-02"], "language": ["en"], "creator": ["\u00c2\u00a0Kenya Marine and FisheriesResearch Institute MombasaCentre- Melckzedeck Osore "], "metadataProvider": ["\u00c2\u00a0Flanders Marine Institute(VLIZ) BEhttps://www.vliz.be"], "contact": ["\u00c2\u00a0Vlaams Instituut voor de Zee BE "], "associatedParty": [" custodianSteward\u00c2\u00a0Vlaams Instituut voor de Zee BE "], "licenseInformation": [" Intellectual Rights This work is licensed under a Creative Commons Attribution (CC-BY) 4.0 License .\u00c2\u00a0 "], "downloadLink": ["https://metadatacatalogue.lifewatch.eu:/geonetwork/eng/catalog.search#/metadata/oai:marineinfo.org:id:dataset:5248"], "keywords": ["Environmental variables ISW, Kenya, Coast, Shirazi bay"], "geographicCoverage": ["Geographic Description ISW, Kenyan Coast >station Shirazi Bay"], "westBoundingCoordinate": ["N/A"], "eastBoundingCoordinate": ["N/A"], "northBoundingCoordinate": ["N/A"], "southBoundingCoordinate": ["N/A"], "dateCreated": ["1998-04-15"], "temporalCoverageEndDate": ["1998-12-16"], "license": ["N/A"], "distribution": ["N/A"], "distributionInfo": ["N/A"], "identifier": ["https://metadatacatalogue.lifewatch.eu:/geonetwork/eng/catalog.search#/metadata/oai:marineinfo.org:id:dataset:5248"], "accessibilitySummary": ["N/A"], "version": ["N/A"], "temporalCoverage": ["N/A"], "publisher": ["N/A"], "spatial": ["N/A"], "citation": ["N/A"], "genre": ["N/A"], "modificationDate": ["2021-12-02"], "image": ["N/A"], "thumbnailUrl": ["N/A"], "headline": ["Zooplankton community of Shirazi bay (Kenya) sampled between April and December 1998"], "abstract": ["Density on zooplankton taxa and related environmentalvariables (chlorophyll a, dissolvedoxygen and biological oxygen demand) for 30 samples taken in Shirazi Bay from 15 April to 16 December 1998. The data were digitized by VLIZ fromthe original report: Anyango, C. (2000). The zooplankton community of Shirazi Bay,Kenya. MSc Thesis. VUB: Brussel. 81 pp."], "theme": ["N/A"], "creditText": ["N/A"], "producer": ["\u00c2\u00a0Kenya Marine and FisheriesResearch Institute MombasaCentre- Melckzedeck Osore "], "author": ["\u00c2\u00a0Kenya Marine and FisheriesResearch Institute MombasaCentre- Melckzedeck Osore "], "spatialCoverage": [" Kenyan Coast >station Shirazi Bay"], "sponsor": ["N/A"], "size": ["N/A"], "sameAs": ["N/A"], "publication": ["N/A"], "provider": ["\u00c2\u00a0Kenya Marine and FisheriesResearch Institute MombasaCentre- Melckzedeck Osore "], "position": ["N/A"], "measurementTechnique": ["N/A"], "material": ["N/A"], "maintainer": ["N/A"], "locationCreated": ["N/A"], "issn": ["N/A"], "isPartOf": ["N/A"], "isBasedOn": ["N/A"], "isAccessibleForFree": ["N/A"], "includedInDataCatalog": ["N/A"], "editor": ["N/A"], "editEIDR": ["N/A"], "copyrightYear": ["N/A"], "copyrightNotice": ["N/A"], "copyrightHolder": ["N/A"], "contributor": ["N/A"], "contentReferenceTime": ["N/A"], "contentLocation": ["N/A"], "character": ["N/A"], "acquireLicensePage": ["N/A"], "accessModeSufficient": ["N/A"], "about": ["N/A"], "rights": ["N/A"], "relation": ["N/A"], "qualifiedRelation": ["N/A"], "qualifiedAttribution": ["N/A"], "previousVersion": ["N/A"], "nextVersion": ["N/A"], "landingPage": ["N/A"], "isReferencedBy": ["N/A"], "hasVersion": ["N/A"], "hasPolicy": ["N/A"], "hasCurrentVersion": ["N/A"], "useConstraints": ["N/A"], "status": ["N/A"], "spatialRepresentationType": ["N/A"], "scope": ["N/A"], "purpose": ["N/A"], "otherLocale": ["N/A"], "metadataProfile": ["N/A"], "metadataLinkage": ["N/A"], "metadataIdentifier": ["N/A"], "environmentDescription": ["N/A"], "contentInfo": ["N/A"], "ResearchInfrastructure": ["LifeWatch"], "EssentialVariables": ["N/A"], "potentialTopics": ["N/A"]}