{"url": ["https://metadatacatalogue.lifewatch.eu:/geonetwork/api/records/oai:marineinfo.org:id:dataset:5511"], "name": ["Semi-quantitive microplankton analysis (Sylt Roads Time Series) in the Wadden Sea off List, Sylt, North Sea in 2013"], "description": ["Presence absence data of microplankton in the Wadden Sea off List,Sylt, North Sea."], "datePublished": ["2021-12-02"], "language": ["en"], "creator": ["\u00c2\u00a0Alfred Wegener Institute for Polar- and Marine Research; Wadden Sea StationSylt "], "metadataProvider": ["\u00c2\u00a0Flanders Marine Institute(VLIZ) BEhttps://www.vliz.be"], "contact": ["\u00c2\u00a0Alfred Wegener Institute for Polar- and Marine Research; Wadden Sea StationSylt- Rick Johannes "], "associatedParty": ["N/A"], "licenseInformation": [" Intellectual Rights This work is licensed under a Creative Commons Attribution (CC-BY) 4.0 License .\u00c2\u00a0 "], "downloadLink": ["https://metadatacatalogue.lifewatch.eu:/srv/eng/catalog.search#/metadata/oai:marineinfo.org:id:dataset:5511"], "keywords": ["Data Marine Genomics Microplankton"], "geographicCoverage": ["Geographic Description ANE, Germany, Schleswig-Holstein, Sylt I."], "westBoundingCoordinate": ["8.4399"], "eastBoundingCoordinate": ["8.46"], "northBoundingCoordinate": ["55.03"], "southBoundingCoordinate": ["55.01553"], "dateCreated": ["2013-01-01"], "temporalCoverageEndDate": ["2013-01-01"], "license": ["N/A"], "distribution": ["N/A"], "distributionInfo": ["N/A"], "identifier": ["https://metadatacatalogue.lifewatch.eu:/srv/eng/catalog.search#/metadata/oai:marineinfo.org:id:dataset:5511"], "accessibilitySummary": ["N/A"], "version": ["N/A"], "temporalCoverage": ["N/A"], "publisher": ["N/A"], "spatial": ["N/A"], "citation": ["N/A"], "genre": ["N/A"], "modificationDate": ["2021-12-02"], "image": ["N/A"], "thumbnailUrl": ["N/A"], "headline": ["Semi-quantitive microplankton analysis (Sylt Roads Time Series) in the Wadden Sea off List, Sylt, North Sea in 2013"], "abstract": ["Presence absence data of microplankton in the Wadden Sea off List,Sylt, North Sea."], "theme": ["N/A"], "creditText": ["N/A"], "producer": ["\u00c2\u00a0Alfred Wegener Institute for Polar- and Marine Research; Wadden Sea StationSylt "], "author": ["\u00c2\u00a0Alfred Wegener Institute for Polar- and Marine Research; Wadden Sea StationSylt "], "spatialCoverage": [" Germany Schleswig-Holstein Sylt I."], "sponsor": ["N/A"], "size": ["N/A"], "sameAs": ["N/A"], "publication": ["N/A"], "provider": ["\u00c2\u00a0Alfred Wegener Institute for Polar- and Marine Research; Wadden Sea StationSylt "], "position": ["N/A"], "measurementTechnique": ["N/A"], "material": ["N/A"], "maintainer": ["N/A"], "locationCreated": ["N/A"], "issn": ["N/A"], "isPartOf": ["N/A"], "isBasedOn": ["N/A"], "isAccessibleForFree": ["N/A"], "includedInDataCatalog": ["N/A"], "editor": ["N/A"], "editEIDR": ["N/A"], "copyrightYear": ["N/A"], "copyrightNotice": ["N/A"], "copyrightHolder": ["N/A"], "contributor": ["N/A"], "contentReferenceTime": ["N/A"], "contentLocation": ["N/A"], "character": ["N/A"], "acquireLicensePage": ["N/A"], "accessModeSufficient": ["N/A"], "about": ["N/A"], "rights": ["N/A"], "relation": ["N/A"], "qualifiedRelation": ["N/A"], "qualifiedAttribution": ["N/A"], "previousVersion": ["N/A"], "nextVersion": ["N/A"], "landingPage": ["N/A"], "isReferencedBy": ["N/A"], "hasVersion": ["N/A"], "hasPolicy": ["N/A"], "hasCurrentVersion": ["N/A"], "useConstraints": ["N/A"], "status": ["N/A"], "spatialRepresentationType": ["N/A"], "scope": ["N/A"], "purpose": ["N/A"], "otherLocale": ["N/A"], "metadataProfile": ["N/A"], "metadataLinkage": ["N/A"], "metadataIdentifier": ["N/A"], "environmentDescription": ["N/A"], "contentInfo": ["N/A"], "ResearchInfrastructure": ["LifeWatch"], "EssentialVariables": ["N/A"], "potentialTopics": ["N/A"]}