{"url": ["https://metadatacatalogue.lifewatch.eu:/srv/api/records/oai:marineinfo.org:id:dataset:2982"], "name": ["Phytoplankton data collected in the Black Sea, Bosporus area during a cruise of the R/V \"Mgla\", year 1969"], "description": ["Phytoplankton data collected in the Black Sea and Bosporus area during a cruise of the R/V \"Mgla\", 1969year and processed by Lyudmila Georgieva"], "datePublished": ["2021-12-02"], "language": ["en"], "creator": ["\u00c2\u00a0National Academy of Sciences ofUkraine;Institute of Biology of the Southern Seas- Lyudmila Georgieva "], "metadataProvider": ["\u00c2\u00a0Flanders Marine Institute(VLIZ) BEhttps://www.vliz.be"], "contact": ["\u00c2\u00a0National Academy of Sciences ofUkraine;Institute of Biology of the Southern Seas- Vladimir Vladymyrov "], "associatedParty": [" contentProvider\u00c2\u00a0National Academy of Sciences ofUkraine;Institute of Biology of the Southern Seas- Lyudmila Georgieva "], "licenseInformation": [" Intellectual Rights This work is licensed under a Creative Commons Attribution (CC-BY) 4.0 License .\u00c2\u00a0 "], "downloadLink": ["https://metadatacatalogue.lifewatch.eu:/srv/eng/catalog.search#/metadata/oai:marineinfo.org:id:dataset:2982"], "keywords": ["N/A"], "geographicCoverage": ["Geographic Description EurOBIS calculated BBOX > station Bounding Box Bounding Box West Bounding Coordinate 29.33 East Bounding Coordinate 29.33 North Bounding Coordinate 41.45 South Bounding Coordinate 41.45"], "westBoundingCoordinate": ["29.33"], "eastBoundingCoordinate": ["29.33"], "northBoundingCoordinate": ["41.45"], "southBoundingCoordinate": ["41.45"], "dateCreated": ["1969-05-15"], "temporalCoverageEndDate": ["1969-05-15"], "license": ["N/A"], "distribution": ["N/A"], "distributionInfo": ["N/A"], "identifier": ["https://metadatacatalogue.lifewatch.eu:/srv/eng/catalog.search#/metadata/oai:marineinfo.org:id:dataset:2982"], "accessibilitySummary": ["N/A"], "version": ["N/A"], "temporalCoverage": ["N/A"], "publisher": ["N/A"], "spatial": ["N/A"], "citation": ["N/A"], "genre": ["N/A"], "modificationDate": ["2021-12-02"], "image": ["N/A"], "thumbnailUrl": ["N/A"], "headline": ["Phytoplankton data collected in the Black Sea, Bosporus area during a cruise of the R/V \"Mgla\", year 1969"], "abstract": ["Phytoplankton data collected in the Black Sea and Bosporus area during a cruise of the R/V \"Mgla\", 1969year and processed by Lyudmila Georgieva"], "theme": ["N/A"], "creditText": ["N/A"], "producer": ["\u00c2\u00a0National Academy of Sciences ofUkraine;Institute of Biology of the Southern Seas- Lyudmila Georgieva "], "author": ["\u00c2\u00a0National Academy of Sciences ofUkraine;Institute of Biology of the Southern Seas- Lyudmila Georgieva "], "spatialCoverage": [" calculated BBOX > station Bounding Box Bounding Box West Bounding Coordinate 29.33 East Bounding Coordinate 29.33 North Bounding Coordinate 41.45 South Bounding Coordinate 41.45"], "sponsor": ["N/A"], "size": ["N/A"], "sameAs": ["N/A"], "publication": ["N/A"], "provider": ["\u00c2\u00a0National Academy of Sciences ofUkraine;Institute of Biology of the Southern Seas- Lyudmila Georgieva "], "position": ["N/A"], "measurementTechnique": ["N/A"], "material": ["N/A"], "maintainer": ["N/A"], "locationCreated": ["N/A"], "issn": ["N/A"], "isPartOf": ["N/A"], "isBasedOn": ["N/A"], "isAccessibleForFree": ["N/A"], "includedInDataCatalog": ["N/A"], "editor": ["N/A"], "editEIDR": ["N/A"], "copyrightYear": ["N/A"], "copyrightNotice": ["N/A"], "copyrightHolder": ["N/A"], "contributor": ["N/A"], "contentReferenceTime": ["N/A"], "contentLocation": ["N/A"], "character": ["N/A"], "acquireLicensePage": ["N/A"], "accessModeSufficient": ["N/A"], "about": ["N/A"], "rights": ["N/A"], "relation": ["N/A"], "qualifiedRelation": ["N/A"], "qualifiedAttribution": ["N/A"], "previousVersion": ["N/A"], "nextVersion": ["N/A"], "landingPage": ["N/A"], "isReferencedBy": ["N/A"], "hasVersion": ["N/A"], "hasPolicy": ["N/A"], "hasCurrentVersion": ["N/A"], "useConstraints": ["N/A"], "status": ["N/A"], "spatialRepresentationType": ["N/A"], "scope": ["N/A"], "purpose": ["N/A"], "otherLocale": ["N/A"], "metadataProfile": ["N/A"], "metadataLinkage": ["N/A"], "metadataIdentifier": ["N/A"], "environmentDescription": ["N/A"], "contentInfo": ["N/A"], "ResearchInfrastructure": ["LifeWatch"], "EssentialVariables": ["N/A"], "potentialTopics": ["N/A"]}