{"url": ["https://metadatacatalogue.lifewatch.eu:/geonetwork/api/records/oai:marineinfo.org:id:dataset:4578"], "name": ["Epiphytic macroalgae vegetation on pneumatophores in the mangrove of Gazi Bay sampled between August and September 1989"], "description": ["This dataset contains a list of epiphytic macroalgae speciesand their percentage of coverage on the penumatophores of the mangroves in Gazi Bay, Kenya,sampled during August-September 1989. Also theparticle size distributiondata from the different transects is noted. The data weredigitized by VLIZ from the original report: De Schryver, T. (1990). Epifytischewieren (Bostrychietum) in de mangrove van Gazi Bay (Kenia)= Epiphyticalgae (Bostrychietum) in the mangroves of Gazi Bay (Kenya). MSc Thesis. Rijksuniversiteit Gent. Faculteit Wetenschappen: Gent. 99, appendixpp."], "datePublished": ["2021-12-02"], "language": ["en"], "creator": ["\u00c2\u00a0Universiteit Gent; Faculteit Bio-ingenieurswetenschappen "], "metadataProvider": ["\u00c2\u00a0Flanders Marine Institute(VLIZ) BEhttps://www.vliz.be"], "contact": ["\u00c2\u00a0Vlaams Instituut voor de Zee BE "], "associatedParty": [" custodianSteward\u00c2\u00a0Vlaams Instituut voor de Zee BE "], "licenseInformation": [" Intellectual Rights This work is licensed under a Creative Commons Attribution (CC-BY) 4.0 License .\u00c2\u00a0 "], "downloadLink": ["https://metadatacatalogue.lifewatch.eu:/geonetwork/eng/catalog.search#/metadata/oai:marineinfo.org:id:dataset:4578"], "keywords": ["Epiphytic algae Granulometry Mangroves Particle size Pneumatophores Sediment analysis"], "geographicCoverage": ["Geographic Description ISW, Kenya, GaziBay"], "westBoundingCoordinate": ["N/A"], "eastBoundingCoordinate": ["N/A"], "northBoundingCoordinate": ["N/A"], "southBoundingCoordinate": ["N/A"], "dateCreated": ["1989-08-07"], "temporalCoverageEndDate": ["1989-09-02"], "license": ["N/A"], "distribution": ["N/A"], "distributionInfo": ["N/A"], "identifier": ["https://metadatacatalogue.lifewatch.eu:/geonetwork/eng/catalog.search#/metadata/oai:marineinfo.org:id:dataset:4578"], "accessibilitySummary": ["N/A"], "version": ["N/A"], "temporalCoverage": ["N/A"], "publisher": ["N/A"], "spatial": ["N/A"], "citation": ["N/A"], "genre": ["N/A"], "modificationDate": ["2021-12-02"], "image": ["N/A"], "thumbnailUrl": ["N/A"], "headline": ["Epiphytic macroalgae vegetation on pneumatophores in the mangrove of Gazi Bay sampled between August and September 1989"], "abstract": ["This dataset contains a list of epiphytic macroalgae speciesand their percentage of coverage on the penumatophores of the mangroves in Gazi Bay, Kenya,sampled during August-September 1989. Also theparticle size distributiondata from the different transects is noted. The data weredigitized by VLIZ from the original report: De Schryver, T. (1990). Epifytischewieren (Bostrychietum) in de mangrove van Gazi Bay (Kenia)= Epiphyticalgae (Bostrychietum) in the mangroves of Gazi Bay (Kenya). MSc Thesis. Rijksuniversiteit Gent. Faculteit Wetenschappen: Gent. 99, appendixpp."], "theme": ["N/A"], "creditText": ["N/A"], "producer": ["\u00c2\u00a0Universiteit Gent; Faculteit Bio-ingenieurswetenschappen "], "author": ["\u00c2\u00a0Universiteit Gent; Faculteit Bio-ingenieurswetenschappen "], "spatialCoverage": [" Kenya GaziBay"], "sponsor": ["N/A"], "size": ["N/A"], "sameAs": ["N/A"], "publication": ["N/A"], "provider": ["\u00c2\u00a0Universiteit Gent; Faculteit Bio-ingenieurswetenschappen "], "position": ["N/A"], "measurementTechnique": ["N/A"], "material": ["N/A"], "maintainer": ["N/A"], "locationCreated": ["N/A"], "issn": ["N/A"], "isPartOf": ["N/A"], "isBasedOn": ["N/A"], "isAccessibleForFree": ["N/A"], "includedInDataCatalog": ["N/A"], "editor": ["N/A"], "editEIDR": ["N/A"], "copyrightYear": ["N/A"], "copyrightNotice": ["N/A"], "copyrightHolder": ["N/A"], "contributor": ["N/A"], "contentReferenceTime": ["N/A"], "contentLocation": ["N/A"], "character": ["N/A"], "acquireLicensePage": ["N/A"], "accessModeSufficient": ["N/A"], "about": ["N/A"], "rights": ["N/A"], "relation": ["N/A"], "qualifiedRelation": ["N/A"], "qualifiedAttribution": ["N/A"], "previousVersion": ["N/A"], "nextVersion": ["N/A"], "landingPage": ["N/A"], "isReferencedBy": ["N/A"], "hasVersion": ["N/A"], "hasPolicy": ["N/A"], "hasCurrentVersion": ["N/A"], "useConstraints": ["N/A"], "status": ["N/A"], "spatialRepresentationType": ["N/A"], "scope": ["N/A"], "purpose": ["N/A"], "otherLocale": ["N/A"], "metadataProfile": ["N/A"], "metadataLinkage": ["N/A"], "metadataIdentifier": ["N/A"], "environmentDescription": ["N/A"], "contentInfo": ["N/A"], "ResearchInfrastructure": ["LifeWatch"], "EssentialVariables": ["N/A"], "potentialTopics": ["N/A"]}