{"url": ["https://metadatacatalogue.lifewatch.eu:/geonetwork/api/records/oai:marineinfo.org:id:dataset:7764"], "name": ["Norfish: Dutch herring fishery, 1512-1790"], "description": ["NorFish is a European Research Council (ERC) Advanced Grant led by Prof PoulHolm in TrinityCollege Dublin, focuses on the premise that a 16th century shift in marine fish pricing and supply in conjunction with the Little IceAge and lowering of sea temperatures not only rise to the NorthAtlantic Fish Revolution but also forms oneof the first documented examples of the disrupting effects of globalisation and climate change. The project examines the role of theFish Revolution for a range of inter-related aspects of North Atlantic history,with NorFish\u00e2\u0080\u0099s interdisciplinary team drawingonarchaeology, history, cartography, geography, and ecology to develop interpretative frameworks thatsynthesise a broad spectrum of source data to assess the overall objective of the project. NorFish\u00e2\u0080\u0099s interdisciplinary team draws on archaeology, history, cartography, geography, and ecology to assess theobjectives of the project."], "datePublished": ["2021-12-02"], "language": ["en"], "creator": ["\u00c2\u00a0The University of Dublin,TrinityCollege; Centre for EnvironmentalHumanities- John Nicholls "], "metadataProvider": ["\u00c2\u00a0Flanders Marine Institute(VLIZ) BEhttps://www.vliz.be"], "contact": ["\u00c2\u00a0Roskilde University- Poul Holm "], "associatedParty": [" pointOfContact\u00c2\u00a0The University of Dublin,TrinityCollege; Centre for EnvironmentalHumanities- John Nicholls "], "licenseInformation": [" Intellectual Rights This work is licensed under a Creative Commons Attribution (CC-BY) 4.0 License .\u00c2\u00a0 "], "downloadLink": ["https://metadatacatalogue.lifewatch.eu:/srv/eng/catalog.search#/metadata/oai:marineinfo.org:id:dataset:7764"], "keywords": ["Archaeology Catch/effort Clupeoid fisheries Fishing effort Herrings History Landings North sea Observation"], "geographicCoverage": ["Geographic Description AN, North Atlantic"], "westBoundingCoordinate": ["2.72626"], "eastBoundingCoordinate": ["2.72626"], "northBoundingCoordinate": ["57.37568"], "southBoundingCoordinate": ["57.37568"], "dateCreated": ["1512-01-01"], "temporalCoverageEndDate": ["1790-01-01"], "license": ["N/A"], "distribution": ["N/A"], "distributionInfo": ["N/A"], "identifier": ["https://metadatacatalogue.lifewatch.eu:/srv/eng/catalog.search#/metadata/oai:marineinfo.org:id:dataset:7764"], "accessibilitySummary": ["N/A"], "version": ["N/A"], "temporalCoverage": ["N/A"], "publisher": ["N/A"], "spatial": ["N/A"], "citation": ["N/A"], "genre": ["N/A"], "modificationDate": ["2021-12-02"], "image": ["N/A"], "thumbnailUrl": ["N/A"], "headline": ["Norfish: Dutch herring fishery, 1512-1790"], "abstract": ["NorFish is a European Research Council (ERC) Advanced Grant led by Prof PoulHolm in TrinityCollege Dublin, focuses on the premise that a 16th century shift in marine fish pricing and supply in conjunction with the Little IceAge and lowering of sea temperatures not only rise to the NorthAtlantic Fish Revolution but also forms oneof the first documented examples of the disrupting effects of globalisation and climate change. The project examines the role of theFish Revolution for a range of inter-related aspects of North Atlantic history,with NorFish\u00e2\u0080\u0099s interdisciplinary team drawingonarchaeology, history, cartography, geography, and ecology to develop interpretative frameworks thatsynthesise a broad spectrum of source data to assess the overall objective of the project. NorFish\u00e2\u0080\u0099s interdisciplinary team draws on archaeology, history, cartography, geography, and ecology to assess theobjectives of the project."], "theme": ["N/A"], "creditText": ["N/A"], "producer": ["\u00c2\u00a0The University of Dublin,TrinityCollege; Centre for EnvironmentalHumanities- John Nicholls "], "author": ["\u00c2\u00a0The University of Dublin,TrinityCollege; Centre for EnvironmentalHumanities- John Nicholls "], "spatialCoverage": [" North Atlantic"], "sponsor": ["N/A"], "size": ["N/A"], "sameAs": ["N/A"], "publication": ["N/A"], "provider": ["\u00c2\u00a0The University of Dublin,TrinityCollege; Centre for EnvironmentalHumanities- John Nicholls "], "position": ["N/A"], "measurementTechnique": ["N/A"], "material": ["N/A"], "maintainer": ["N/A"], "locationCreated": ["N/A"], "issn": ["N/A"], "isPartOf": ["N/A"], "isBasedOn": ["N/A"], "isAccessibleForFree": ["N/A"], "includedInDataCatalog": ["N/A"], "editor": ["N/A"], "editEIDR": ["N/A"], "copyrightYear": ["N/A"], "copyrightNotice": ["N/A"], "copyrightHolder": ["N/A"], "contributor": ["N/A"], "contentReferenceTime": ["N/A"], "contentLocation": ["N/A"], "character": ["N/A"], "acquireLicensePage": ["N/A"], "accessModeSufficient": ["N/A"], "about": ["N/A"], "rights": ["N/A"], "relation": ["N/A"], "qualifiedRelation": ["N/A"], "qualifiedAttribution": ["N/A"], "previousVersion": ["N/A"], "nextVersion": ["N/A"], "landingPage": ["N/A"], "isReferencedBy": ["N/A"], "hasVersion": ["N/A"], "hasPolicy": ["N/A"], "hasCurrentVersion": ["N/A"], "useConstraints": ["N/A"], "status": ["N/A"], "spatialRepresentationType": ["N/A"], "scope": ["N/A"], "purpose": ["N/A"], "otherLocale": ["N/A"], "metadataProfile": ["N/A"], "metadataLinkage": ["N/A"], "metadataIdentifier": ["N/A"], "environmentDescription": ["N/A"], "contentInfo": ["N/A"], "ResearchInfrastructure": ["LifeWatch"], "EssentialVariables": ["N/A"], "potentialTopics": ["N/A"]}