{"url": ["https://metadatacatalogue.lifewatch.eu:/srv/api/records/oai:marineinfo.org:id:dataset:4245"], "name": ["MidMedPol: Polychaetes from midlittoral rocky shores in Greece and Italy (Mediterranean Sea)"], "description": ["This dataset contains records of polychaetes from intertidal rocky shores in the MediterraneanSea."], "datePublished": ["2021-12-02"], "language": ["en"], "creator": ["\u00c2\u00a0Aristotle University of Thessaloniki;Department of Biology; Laboratory of Zoology- Miltiadis-Spyridon Kitsos "], "metadataProvider": ["\u00c2\u00a0Flanders Marine Institute(VLIZ) BEhttps://www.vliz.be"], "contact": ["\u00c2\u00a0Hellenic Centre for MarineResearch- Sarah Faulwetter "], "associatedParty": ["N/A"], "licenseInformation": [" Intellectual Rights This work is licensed under a Creative Commons Attribution (CC-BY) 4.0 License .\u00c2\u00a0 "], "downloadLink": ["https://metadatacatalogue.lifewatch.eu:/srv/eng/catalog.search#/metadata/oai:marineinfo.org:id:dataset:4245"], "keywords": ["Data Intertidal environment Marine Genomics Rocky shores"], "geographicCoverage": ["Geographic Description EurOBIS calculated BBOX > station Bounding Box Bounding Box West Bounding Coordinate 12.8027 East Bounding Coordinate 25.751781 North Bounding Coordinate 41.005812 South Bounding Coordinate 35.261249"], "westBoundingCoordinate": ["12.8027"], "eastBoundingCoordinate": ["25.751781"], "northBoundingCoordinate": ["41.005812"], "southBoundingCoordinate": ["35.261249"], "dateCreated": ["1984-01-01"], "temporalCoverageEndDate": ["2009-05-20"], "license": ["N/A"], "distribution": ["N/A"], "distributionInfo": ["N/A"], "identifier": ["https://metadatacatalogue.lifewatch.eu:/srv/eng/catalog.search#/metadata/oai:marineinfo.org:id:dataset:4245"], "accessibilitySummary": ["N/A"], "version": ["N/A"], "temporalCoverage": ["N/A"], "publisher": ["N/A"], "spatial": ["N/A"], "citation": ["N/A"], "genre": ["N/A"], "modificationDate": ["2021-12-02"], "image": ["N/A"], "thumbnailUrl": ["N/A"], "headline": ["MidMedPol: Polychaetes from midlittoral rocky shores in Greece and Italy (Mediterranean Sea)"], "abstract": ["This dataset contains records of polychaetes from intertidal rocky shores in the MediterraneanSea."], "theme": ["N/A"], "creditText": ["N/A"], "producer": ["\u00c2\u00a0Aristotle University of Thessaloniki;Department of Biology; Laboratory of Zoology- Miltiadis-Spyridon Kitsos "], "author": ["\u00c2\u00a0Aristotle University of Thessaloniki;Department of Biology; Laboratory of Zoology- Miltiadis-Spyridon Kitsos "], "spatialCoverage": [" calculated BBOX > station Bounding Box Bounding Box West Bounding Coordinate 12.8027 East Bounding Coordinate 25.751781 North Bounding Coordinate 41.005812 South Bounding Coordinate 35.261249"], "sponsor": ["N/A"], "size": ["N/A"], "sameAs": ["N/A"], "publication": ["N/A"], "provider": ["\u00c2\u00a0Aristotle University of Thessaloniki;Department of Biology; Laboratory of Zoology- Miltiadis-Spyridon Kitsos "], "position": ["N/A"], "measurementTechnique": ["N/A"], "material": ["N/A"], "maintainer": ["N/A"], "locationCreated": ["N/A"], "issn": ["N/A"], "isPartOf": ["N/A"], "isBasedOn": ["N/A"], "isAccessibleForFree": ["N/A"], "includedInDataCatalog": ["N/A"], "editor": ["N/A"], "editEIDR": ["N/A"], "copyrightYear": ["N/A"], "copyrightNotice": ["N/A"], "copyrightHolder": ["N/A"], "contributor": ["N/A"], "contentReferenceTime": ["N/A"], "contentLocation": ["N/A"], "character": ["N/A"], "acquireLicensePage": ["N/A"], "accessModeSufficient": ["N/A"], "about": ["N/A"], "rights": ["N/A"], "relation": ["N/A"], "qualifiedRelation": ["N/A"], "qualifiedAttribution": ["N/A"], "previousVersion": ["N/A"], "nextVersion": ["N/A"], "landingPage": ["N/A"], "isReferencedBy": ["N/A"], "hasVersion": ["N/A"], "hasPolicy": ["N/A"], "hasCurrentVersion": ["N/A"], "useConstraints": ["N/A"], "status": ["N/A"], "spatialRepresentationType": ["N/A"], "scope": ["N/A"], "purpose": ["N/A"], "otherLocale": ["N/A"], "metadataProfile": ["N/A"], "metadataLinkage": ["N/A"], "metadataIdentifier": ["N/A"], "environmentDescription": ["N/A"], "contentInfo": ["N/A"], "ResearchInfrastructure": ["LifeWatch"], "EssentialVariables": ["N/A"], "potentialTopics": ["N/A"]}