{"url": ["https://metadatacatalogue.lifewatch.eu:/geonetwork/api/records/oai:marineinfo.org:id:dataset:2171"], "name": ["Historical zooplankton records from the Black Sea"], "description": ["Historical zooplankton records from the BlackSea"], "datePublished": ["2021-12-02"], "language": ["en"], "creator": ["\u00c2\u00a0National Academy of Sciences ofUkraine;Institute of Biology of the Southern Seas- Denis Altukhov "], "metadataProvider": ["\u00c2\u00a0Flanders Marine Institute(VLIZ) BEhttps://www.vliz.be"], "contact": ["\u00c2\u00a0Flanders Marine Institute(VLIZ) BEhttps://www.vliz.be"], "associatedParty": [" custodianSteward\u00c2\u00a0National Academy of Sciences ofUkraine;Institute of Biology of the Southern Seas- Oleksandra Sergeyeva "], "licenseInformation": [" Intellectual Rights This work is licensed under a Creative Commons Attribution (CC-BY) 4.0 License .\u00c2\u00a0 "], "downloadLink": ["https://metadatacatalogue.lifewatch.eu:/srv/eng/catalog.search#/metadata/oai:marineinfo.org:id:dataset:2171"], "keywords": ["Historical Long-term monitoring Taxonomy Zooplankton"], "geographicCoverage": ["Geographic Description EurOBIS calculated BBOX > station Bounding Box Bounding Box West Bounding Coordinate 28.066666666667 East Bounding Coordinate 41 North Bounding Coordinate 46.55 South Bounding Coordinate 41.25"], "westBoundingCoordinate": ["28.066666666667"], "eastBoundingCoordinate": ["41"], "northBoundingCoordinate": ["46.55"], "southBoundingCoordinate": ["41.25"], "dateCreated": ["1954-10-31"], "temporalCoverageEndDate": ["1995-01-23"], "license": ["N/A"], "distribution": ["N/A"], "distributionInfo": ["N/A"], "identifier": ["https://metadatacatalogue.lifewatch.eu:/srv/eng/catalog.search#/metadata/oai:marineinfo.org:id:dataset:2171"], "accessibilitySummary": ["N/A"], "version": ["N/A"], "temporalCoverage": ["N/A"], "publisher": ["N/A"], "spatial": ["N/A"], "citation": ["N/A"], "genre": ["N/A"], "modificationDate": ["2021-12-02"], "image": ["N/A"], "thumbnailUrl": ["N/A"], "headline": ["Historical zooplankton records from the Black Sea"], "abstract": ["Historical zooplankton records from the BlackSea"], "theme": ["N/A"], "creditText": ["N/A"], "producer": ["\u00c2\u00a0National Academy of Sciences ofUkraine;Institute of Biology of the Southern Seas- Denis Altukhov "], "author": ["\u00c2\u00a0National Academy of Sciences ofUkraine;Institute of Biology of the Southern Seas- Denis Altukhov "], "spatialCoverage": [" calculated BBOX > station Bounding Box Bounding Box West Bounding Coordinate 28.066666666667 East Bounding Coordinate 41 North Bounding Coordinate 46.55 South Bounding Coordinate 41.25"], "sponsor": ["N/A"], "size": ["N/A"], "sameAs": ["N/A"], "publication": ["N/A"], "provider": ["\u00c2\u00a0National Academy of Sciences ofUkraine;Institute of Biology of the Southern Seas- Denis Altukhov "], "position": ["N/A"], "measurementTechnique": ["N/A"], "material": ["N/A"], "maintainer": ["N/A"], "locationCreated": ["N/A"], "issn": ["N/A"], "isPartOf": ["N/A"], "isBasedOn": ["N/A"], "isAccessibleForFree": ["N/A"], "includedInDataCatalog": ["N/A"], "editor": ["N/A"], "editEIDR": ["N/A"], "copyrightYear": ["N/A"], "copyrightNotice": ["N/A"], "copyrightHolder": ["N/A"], "contributor": ["N/A"], "contentReferenceTime": ["N/A"], "contentLocation": ["N/A"], "character": ["N/A"], "acquireLicensePage": ["N/A"], "accessModeSufficient": ["N/A"], "about": ["N/A"], "rights": ["N/A"], "relation": ["N/A"], "qualifiedRelation": ["N/A"], "qualifiedAttribution": ["N/A"], "previousVersion": ["N/A"], "nextVersion": ["N/A"], "landingPage": ["N/A"], "isReferencedBy": ["N/A"], "hasVersion": ["N/A"], "hasPolicy": ["N/A"], "hasCurrentVersion": ["N/A"], "useConstraints": ["N/A"], "status": ["N/A"], "spatialRepresentationType": ["N/A"], "scope": ["N/A"], "purpose": ["N/A"], "otherLocale": ["N/A"], "metadataProfile": ["N/A"], "metadataLinkage": ["N/A"], "metadataIdentifier": ["N/A"], "environmentDescription": ["N/A"], "contentInfo": ["N/A"], "ResearchInfrastructure": ["LifeWatch"], "EssentialVariables": ["N/A"], "potentialTopics": ["N/A"]}