{"url": ["https://metadatacatalogue.lifewatch.eu:/srv/api/records/oai:marineinfo.org:id:dataset:5836"], "name": ["Canary Islands"], "description": ["Original provider: Life Caretta caretta (Canary Islands) Dataset credits: Data provider LIFECaretta caretta Originating data center <a href='http://www.seaturtle.org/tracking/' target='_blank'>Satellite Tracking and AnalysisTool(STAT)</a> Supplemental information:<a href='http://www.seaturtle.org/tracking/index.shtml?project_id=886' target='_new'>Visit STAT's project page</a> foradditionalinformation. This dataset is a summarized representation of the telemetrylocationsaggregated per species per 1-degreecell."], "datePublished": ["2021-12-02"], "language": ["en"], "creator": ["\u00c2\u00a0Proyecto Aegina- Nuria Cruz "], "metadataProvider": ["\u00c2\u00a0Flanders Marine Institute(VLIZ) BEhttps://www.vliz.be"], "contact": ["\u00c2\u00a0Proyecto Aegina- Nuria Cruz "], "associatedParty": [" contentProvider\u00c2\u00a0Seaturtle.org "], "licenseInformation": [" Intellectual Rights This work is licensed under a Creative Commons Attribution NonCommercial (CC-BY-NC) 4.0 License .\u00c2\u00a0 "], "downloadLink": ["https://metadatacatalogue.lifewatch.eu:/srv/eng/catalog.search#/metadata/oai:marineinfo.org:id:dataset:5836"], "keywords": ["Observation Occurrence Telemetry"], "geographicCoverage": ["Geographic Description ASE, Central Atlantic"], "westBoundingCoordinate": ["N/A"], "eastBoundingCoordinate": ["N/A"], "northBoundingCoordinate": ["N/A"], "southBoundingCoordinate": ["N/A"], "dateCreated": ["1999-09-03"], "temporalCoverageEndDate": ["2000-09-26"], "license": ["N/A"], "distribution": ["N/A"], "distributionInfo": ["N/A"], "identifier": ["https://metadatacatalogue.lifewatch.eu:/srv/eng/catalog.search#/metadata/oai:marineinfo.org:id:dataset:5836"], "accessibilitySummary": ["N/A"], "version": ["N/A"], "temporalCoverage": ["N/A"], "publisher": ["N/A"], "spatial": ["N/A"], "citation": ["N/A"], "genre": ["N/A"], "modificationDate": ["2021-12-02"], "image": ["N/A"], "thumbnailUrl": ["N/A"], "headline": ["Canary Islands"], "abstract": ["Original provider: Life Caretta caretta (Canary Islands) Dataset credits: Data provider LIFECaretta caretta Originating data center <a href='http://www.seaturtle.org/tracking/' target='_blank'>Satellite Tracking and AnalysisTool(STAT)</a> Supplemental information:<a href='http://www.seaturtle.org/tracking/index.shtml?project_id=886' target='_new'>Visit STAT's project page</a> foradditionalinformation. This dataset is a summarized representation of the telemetrylocationsaggregated per species per 1-degreecell."], "theme": ["N/A"], "creditText": ["N/A"], "producer": ["\u00c2\u00a0Proyecto Aegina- Nuria Cruz "], "author": ["\u00c2\u00a0Proyecto Aegina- Nuria Cruz "], "spatialCoverage": [" ASE Central Atlantic"], "sponsor": ["N/A"], "size": ["N/A"], "sameAs": ["N/A"], "publication": ["N/A"], "provider": ["\u00c2\u00a0Proyecto Aegina- Nuria Cruz "], "position": ["N/A"], "measurementTechnique": ["N/A"], "material": ["N/A"], "maintainer": ["N/A"], "locationCreated": ["N/A"], "issn": ["N/A"], "isPartOf": ["N/A"], "isBasedOn": ["N/A"], "isAccessibleForFree": ["N/A"], "includedInDataCatalog": ["N/A"], "editor": ["N/A"], "editEIDR": ["N/A"], "copyrightYear": ["N/A"], "copyrightNotice": ["N/A"], "copyrightHolder": ["N/A"], "contributor": ["N/A"], "contentReferenceTime": ["N/A"], "contentLocation": ["N/A"], "character": ["N/A"], "acquireLicensePage": ["N/A"], "accessModeSufficient": ["N/A"], "about": ["N/A"], "rights": ["N/A"], "relation": ["N/A"], "qualifiedRelation": ["N/A"], "qualifiedAttribution": ["N/A"], "previousVersion": ["N/A"], "nextVersion": ["N/A"], "landingPage": ["N/A"], "isReferencedBy": ["N/A"], "hasVersion": ["N/A"], "hasPolicy": ["N/A"], "hasCurrentVersion": ["N/A"], "useConstraints": ["N/A"], "status": ["N/A"], "spatialRepresentationType": ["N/A"], "scope": ["N/A"], "purpose": ["N/A"], "otherLocale": ["N/A"], "metadataProfile": ["N/A"], "metadataLinkage": ["N/A"], "metadataIdentifier": ["N/A"], "environmentDescription": ["N/A"], "contentInfo": ["N/A"], "ResearchInfrastructure": ["LifeWatch"], "EssentialVariables": ["N/A"], "potentialTopics": ["N/A"]}