{"url": ["https://metadatacatalogue.lifewatch.eu:/geonetwork/api/records/oai:marineinfo.org:id:dataset:4519"], "name": ["Zooplankton community in Gazi Creek sampled monthly between 1990 and 1991"], "description": ["Qualitative and monthly relative abundances of most importantzooplankton taxa found in Gazi Creek sampled between March 1990 and February 1991. The data were digitized by VLIZ from the originalreport:Okemwa, E.; Mwaluma, J.; Osore, M. (1991). Zooplankton studies in a mangrove creek system, Gazi, in: Delbeke, K. (Ed.) (1991). Kenya - Belgium project in marine sciences \"HigherInstitute for Marine Sciences\" VLIR - KMFRI Project and CECProject \"Dynamics and Assessment of KenyanMangrove Ecosystems\" No. TS2-0240-C (GDF): Progress Report November 1990 -June 1991. pp. 40-48"], "datePublished": ["2021-12-02"], "language": ["en"], "creator": ["\u00c2\u00a0Kenya Marine and FisheriesResearch Institute MombasaCentre "], "metadataProvider": ["\u00c2\u00a0Flanders Marine Institute(VLIZ) BEhttps://www.vliz.be"], "contact": ["\u00c2\u00a0Vlaams Instituut voor de Zee BE "], "associatedParty": [" custodianSteward\u00c2\u00a0Vlaams Instituut voor de Zee BE "], "licenseInformation": [" Intellectual Rights This work is licensed under a Creative Commons Attribution (CC-BY) 4.0 License .\u00c2\u00a0 "], "downloadLink": ["https://metadatacatalogue.lifewatch.eu:/srv/eng/catalog.search#/metadata/oai:marineinfo.org:id:dataset:4519"], "keywords": ["Species composition Zooplankton community"], "geographicCoverage": ["Geographic Description ISW, Kenya, GaziCreek"], "westBoundingCoordinate": ["N/A"], "eastBoundingCoordinate": ["N/A"], "northBoundingCoordinate": ["N/A"], "southBoundingCoordinate": ["N/A"], "dateCreated": ["1990-03-01"], "temporalCoverageEndDate": ["1991-02-01"], "license": ["N/A"], "distribution": ["N/A"], "distributionInfo": ["N/A"], "identifier": ["https://metadatacatalogue.lifewatch.eu:/srv/eng/catalog.search#/metadata/oai:marineinfo.org:id:dataset:4519"], "accessibilitySummary": ["N/A"], "version": ["N/A"], "temporalCoverage": ["N/A"], "publisher": ["N/A"], "spatial": ["N/A"], "citation": ["N/A"], "genre": ["N/A"], "modificationDate": ["2021-12-02"], "image": ["N/A"], "thumbnailUrl": ["N/A"], "headline": ["Zooplankton community in Gazi Creek sampled monthly between 1990 and 1991"], "abstract": ["Qualitative and monthly relative abundances of most importantzooplankton taxa found in Gazi Creek sampled between March 1990 and February 1991. The data were digitized by VLIZ from the originalreport:Okemwa, E.; Mwaluma, J.; Osore, M. (1991). Zooplankton studies in a mangrove creek system, Gazi, in: Delbeke, K. (Ed.) (1991). Kenya - Belgium project in marine sciences \"HigherInstitute for Marine Sciences\" VLIR - KMFRI Project and CECProject \"Dynamics and Assessment of KenyanMangrove Ecosystems\" No. TS2-0240-C (GDF): Progress Report November 1990 -June 1991. pp. 40-48"], "theme": ["N/A"], "creditText": ["N/A"], "producer": ["\u00c2\u00a0Kenya Marine and FisheriesResearch Institute MombasaCentre "], "author": ["\u00c2\u00a0Kenya Marine and FisheriesResearch Institute MombasaCentre "], "spatialCoverage": [" Kenya GaziCreek"], "sponsor": ["N/A"], "size": ["N/A"], "sameAs": ["N/A"], "publication": ["N/A"], "provider": ["\u00c2\u00a0Kenya Marine and FisheriesResearch Institute MombasaCentre "], "position": ["N/A"], "measurementTechnique": ["N/A"], "material": ["N/A"], "maintainer": ["N/A"], "locationCreated": ["N/A"], "issn": ["N/A"], "isPartOf": ["N/A"], "isBasedOn": ["N/A"], "isAccessibleForFree": ["N/A"], "includedInDataCatalog": ["N/A"], "editor": ["N/A"], "editEIDR": ["N/A"], "copyrightYear": ["N/A"], "copyrightNotice": ["N/A"], "copyrightHolder": ["N/A"], "contributor": ["N/A"], "contentReferenceTime": ["N/A"], "contentLocation": ["N/A"], "character": ["N/A"], "acquireLicensePage": ["N/A"], "accessModeSufficient": ["N/A"], "about": ["N/A"], "rights": ["N/A"], "relation": ["N/A"], "qualifiedRelation": ["N/A"], "qualifiedAttribution": ["N/A"], "previousVersion": ["N/A"], "nextVersion": ["N/A"], "landingPage": ["N/A"], "isReferencedBy": ["N/A"], "hasVersion": ["N/A"], "hasPolicy": ["N/A"], "hasCurrentVersion": ["N/A"], "useConstraints": ["N/A"], "status": ["N/A"], "spatialRepresentationType": ["N/A"], "scope": ["N/A"], "purpose": ["N/A"], "otherLocale": ["N/A"], "metadataProfile": ["N/A"], "metadataLinkage": ["N/A"], "metadataIdentifier": ["N/A"], "environmentDescription": ["N/A"], "contentInfo": ["N/A"], "ResearchInfrastructure": ["LifeWatch"], "EssentialVariables": ["N/A"], "potentialTopics": ["N/A"]}