{"url": ["https://metadatacatalogue.lifewatch.eu:/geonetwork/api/records/oai:marineinfo.org:id:dataset:1290"], "name": ["Lowshore macrobenthos assemblages near Porto Santo Stefano"], "description": ["The general goal of this study was to test if assemblages of algae and invertebrates of rockyshores next to marinasare different in taxon composition and abundance compared to reference shores far away from thissource of disturbance."], "datePublished": ["2021-12-02"], "language": ["en"], "creator": ["\u00c2\u00a0University of Pisa Dipartimento di Scienze dell 'Uomo e dell'Ambiente IT "], "metadataProvider": ["\u00c2\u00a0Flanders Marine Institute(VLIZ) BEhttps://www.vliz.be"], "contact": ["\u00c2\u00a0Universit\u00c3\u00a0 di Pisa; Dipartimento di Scienze dell 'Uomo e dell'Ambiente- Iacopo Bertocci "], "associatedParty": ["N/A"], "licenseInformation": [" Intellectual Rights This work is licensed under a Creative Commons Attribution NonCommercial (CC-BY-NC) 4.0 License .\u00c2\u00a0 "], "downloadLink": ["https://metadatacatalogue.lifewatch.eu:/srv/eng/catalog.search#/metadata/oai:marineinfo.org:id:dataset:1290"], "keywords": ["Benthos Macrobenthos Rocky shores"], "geographicCoverage": ["Geographic Description EurOBIS calculated BBOX > station Bounding Box Bounding Box West Bounding Coordinate 11.09743 East Bounding Coordinate 11.1333 North Bounding Coordinate 42.43942 South Bounding Coordinate 42.43817"], "westBoundingCoordinate": ["11.09743"], "eastBoundingCoordinate": ["11.1333"], "northBoundingCoordinate": ["42.43942"], "southBoundingCoordinate": ["42.43817"], "dateCreated": ["2003-07-22"], "temporalCoverageEndDate": ["2003-07-22"], "license": ["N/A"], "distribution": ["N/A"], "distributionInfo": ["N/A"], "identifier": ["https://metadatacatalogue.lifewatch.eu:/srv/eng/catalog.search#/metadata/oai:marineinfo.org:id:dataset:1290"], "accessibilitySummary": ["N/A"], "version": ["N/A"], "temporalCoverage": ["N/A"], "publisher": ["N/A"], "spatial": ["N/A"], "citation": ["N/A"], "genre": ["N/A"], "modificationDate": ["2021-12-02"], "image": ["N/A"], "thumbnailUrl": ["N/A"], "headline": ["Lowshore macrobenthos assemblages near Porto Santo Stefano"], "abstract": ["The general goal of this study was to test if assemblages of algae and invertebrates of rockyshores next to marinasare different in taxon composition and abundance compared to reference shores far away from thissource of disturbance."], "theme": ["N/A"], "creditText": ["N/A"], "producer": ["\u00c2\u00a0University of Pisa Dipartimento di Scienze dell 'Uomo e dell'Ambiente IT "], "author": ["\u00c2\u00a0University of Pisa Dipartimento di Scienze dell 'Uomo e dell'Ambiente IT "], "spatialCoverage": [" calculated BBOX > station Bounding Box Bounding Box West Bounding Coordinate 11.09743 East Bounding Coordinate 11.1333 North Bounding Coordinate 42.43942 South Bounding Coordinate 42.43817"], "sponsor": ["N/A"], "size": ["N/A"], "sameAs": ["N/A"], "publication": ["N/A"], "provider": ["\u00c2\u00a0University of Pisa Dipartimento di Scienze dell 'Uomo e dell'Ambiente IT "], "position": ["N/A"], "measurementTechnique": ["N/A"], "material": ["N/A"], "maintainer": ["N/A"], "locationCreated": ["N/A"], "issn": ["N/A"], "isPartOf": ["N/A"], "isBasedOn": ["N/A"], "isAccessibleForFree": ["N/A"], "includedInDataCatalog": ["N/A"], "editor": ["N/A"], "editEIDR": ["N/A"], "copyrightYear": ["N/A"], "copyrightNotice": ["N/A"], "copyrightHolder": ["N/A"], "contributor": ["N/A"], "contentReferenceTime": ["N/A"], "contentLocation": ["N/A"], "character": ["N/A"], "acquireLicensePage": ["N/A"], "accessModeSufficient": ["N/A"], "about": ["N/A"], "rights": ["N/A"], "relation": ["N/A"], "qualifiedRelation": ["N/A"], "qualifiedAttribution": ["N/A"], "previousVersion": ["N/A"], "nextVersion": ["N/A"], "landingPage": ["N/A"], "isReferencedBy": ["N/A"], "hasVersion": ["N/A"], "hasPolicy": ["N/A"], "hasCurrentVersion": ["N/A"], "useConstraints": ["N/A"], "status": ["N/A"], "spatialRepresentationType": ["N/A"], "scope": ["N/A"], "purpose": ["N/A"], "otherLocale": ["N/A"], "metadataProfile": ["N/A"], "metadataLinkage": ["N/A"], "metadataIdentifier": ["N/A"], "environmentDescription": ["N/A"], "contentInfo": ["N/A"], "ResearchInfrastructure": ["LifeWatch"], "EssentialVariables": ["N/A"], "potentialTopics": ["N/A"]}