{"url": ["https://metadatacatalogue.lifewatch.eu:/geonetwork/api/records/oai:marineinfo.org:id:dataset:2953"], "name": ["Phytoplankton of Lebanon"], "description": ["During the last 40 years of survey in the Lebanese seawaters and the LevantineBasin, we identified and described about 400 species, belonging to 85 genera, including 230 dinoflagellates and 156 diatoms, 10 Silicoflagellates and 4 Ebriidae, many of them are introduced or migrated from Red Sea and Indian Ocean into the Mediterranean, through the Suez Canalpathway."], "datePublished": ["2021-12-02"], "language": ["en"], "creator": ["\u00c2\u00a0Lebanese University; Faculty of sciences- Sami Lakkis "], "metadataProvider": ["\u00c2\u00a0Flanders Marine Institute(VLIZ) BEhttps://www.vliz.be"], "contact": ["\u00c2\u00a0Lebanese University; Faculty of sciences- Sami Lakkis "], "associatedParty": [" custodianSteward\u00c2\u00a0Lebanese University; Faculty of sciences- Sami Lakkis "], "licenseInformation": [" Intellectual Rights This work is licensed under a Creative Commons Attribution (CC-BY) 4.0 License .\u00c2\u00a0 "], "downloadLink": ["https://metadatacatalogue.lifewatch.eu:/srv/eng/catalog.search#/metadata/oai:marineinfo.org:id:dataset:2953"], "keywords": ["Biodiversity Introduced species"], "geographicCoverage": ["Geographic Description EurOBIS calculated BBOX > station Bounding Box Bounding Box West Bounding Coordinate 35.433333333333 East Bounding Coordinate 35.583333333333 North Bounding Coordinate 34.483333333333 South Bounding Coordinate 33.916666666667"], "westBoundingCoordinate": ["35.433333333333"], "eastBoundingCoordinate": ["35.583333333333"], "northBoundingCoordinate": ["34.483333333333"], "southBoundingCoordinate": ["33.916666666667"], "dateCreated": ["1967-10-15"], "temporalCoverageEndDate": ["2007-11-25"], "license": ["N/A"], "distribution": ["N/A"], "distributionInfo": ["N/A"], "identifier": ["https://metadatacatalogue.lifewatch.eu:/srv/eng/catalog.search#/metadata/oai:marineinfo.org:id:dataset:2953"], "accessibilitySummary": ["N/A"], "version": ["N/A"], "temporalCoverage": ["N/A"], "publisher": ["N/A"], "spatial": ["N/A"], "citation": ["N/A"], "genre": ["N/A"], "modificationDate": ["2021-12-02"], "image": ["N/A"], "thumbnailUrl": ["N/A"], "headline": ["Phytoplankton of Lebanon"], "abstract": ["During the last 40 years of survey in the Lebanese seawaters and the LevantineBasin, we identified and described about 400 species, belonging to 85 genera, including 230 dinoflagellates and 156 diatoms, 10 Silicoflagellates and 4 Ebriidae, many of them are introduced or migrated from Red Sea and Indian Ocean into the Mediterranean, through the Suez Canalpathway."], "theme": ["N/A"], "creditText": ["N/A"], "producer": ["\u00c2\u00a0Lebanese University; Faculty of sciences- Sami Lakkis "], "author": ["\u00c2\u00a0Lebanese University; Faculty of sciences- Sami Lakkis "], "spatialCoverage": [" calculated BBOX > station Bounding Box Bounding Box West Bounding Coordinate 35.433333333333 East Bounding Coordinate 35.583333333333 North Bounding Coordinate 34.483333333333 South Bounding Coordinate 33.916666666667"], "sponsor": ["N/A"], "size": ["N/A"], "sameAs": ["N/A"], "publication": ["N/A"], "provider": ["\u00c2\u00a0Lebanese University; Faculty of sciences- Sami Lakkis "], "position": ["N/A"], "measurementTechnique": ["N/A"], "material": ["N/A"], "maintainer": ["N/A"], "locationCreated": ["N/A"], "issn": ["N/A"], "isPartOf": ["N/A"], "isBasedOn": ["N/A"], "isAccessibleForFree": ["N/A"], "includedInDataCatalog": ["N/A"], "editor": ["N/A"], "editEIDR": ["N/A"], "copyrightYear": ["N/A"], "copyrightNotice": ["N/A"], "copyrightHolder": ["N/A"], "contributor": ["N/A"], "contentReferenceTime": ["N/A"], "contentLocation": ["N/A"], "character": ["N/A"], "acquireLicensePage": ["N/A"], "accessModeSufficient": ["N/A"], "about": ["N/A"], "rights": ["N/A"], "relation": ["N/A"], "qualifiedRelation": ["N/A"], "qualifiedAttribution": ["N/A"], "previousVersion": ["N/A"], "nextVersion": ["N/A"], "landingPage": ["N/A"], "isReferencedBy": ["N/A"], "hasVersion": ["N/A"], "hasPolicy": ["N/A"], "hasCurrentVersion": ["N/A"], "useConstraints": ["N/A"], "status": ["N/A"], "spatialRepresentationType": ["N/A"], "scope": ["N/A"], "purpose": ["N/A"], "otherLocale": ["N/A"], "metadataProfile": ["N/A"], "metadataLinkage": ["N/A"], "metadataIdentifier": ["N/A"], "environmentDescription": ["N/A"], "contentInfo": ["N/A"], "ResearchInfrastructure": ["LifeWatch"], "EssentialVariables": ["N/A"], "potentialTopics": ["N/A"]}