{"url": ["https://metadatacatalogue.lifewatch.eu:/geonetwork/api/records/oai:marineinfo.org:id:dataset:4843"], "name": ["SCANS II cetacean sightings on tracker platform of vessel surveys 2005"], "description": ["Surveys from seven different vessels were merged. Each vesselcontained two sightings platforms running concurrently\u00e2\u0080\u0093 primary and tracker. This dataset includes sightings from the tracker platform.Sightings from the primary platform are registered in <ahref='/dataset/1150' target='_blank'>SCANS II cetacean sightings on primary platform of vessel surveys 2005</a>. Effort or vessel tracks for these surveys are provided with the primary platform dataset. Survey conditions such as sea state, glare, swell, wind arefound in the effort data. In the trackerplatform,Big-eye binoculars were used. The trackersused to track groups of animals as theycame passed the boat and record them accordingly.However, this dataset does not containsuchduplicates."], "datePublished": ["2021-12-02"], "language": ["en"], "creator": ["\u00c2\u00a0University of St Andrews; Sea Mammal Research Unit- Philip Hammond "], "metadataProvider": ["\u00c2\u00a0Flanders Marine Institute(VLIZ) BEhttps://www.vliz.be"], "contact": ["\u00c2\u00a0University of St Andrews; Sea Mammal Research Unit- Claire Lacey "], "associatedParty": ["N/A"], "licenseInformation": [" Intellectual Rights This work is licensed under a Creative Commons Attribution NonCommercial (CC-BY-NC) 4.0 License .\u00c2\u00a0 "], "downloadLink": ["https://metadatacatalogue.lifewatch.eu:/geonetwork/eng/catalog.search#/metadata/oai:marineinfo.org:id:dataset:4843"], "keywords": ["N/A"], "geographicCoverage": ["N/A"], "westBoundingCoordinate": ["N/A"], "eastBoundingCoordinate": ["N/A"], "northBoundingCoordinate": ["N/A"], "southBoundingCoordinate": ["N/A"], "dateCreated": ["N/A"], "temporalCoverageEndDate": ["N/A"], "license": ["N/A"], "distribution": ["N/A"], "distributionInfo": ["N/A"], "identifier": ["https://metadatacatalogue.lifewatch.eu:/geonetwork/eng/catalog.search#/metadata/oai:marineinfo.org:id:dataset:4843"], "accessibilitySummary": ["N/A"], "version": ["N/A"], "temporalCoverage": ["N/A"], "publisher": ["N/A"], "spatial": ["N/A"], "citation": ["N/A"], "genre": ["N/A"], "modificationDate": ["2021-12-02"], "image": ["N/A"], "thumbnailUrl": ["N/A"], "headline": ["SCANS II cetacean sightings on tracker platform of vessel surveys 2005"], "abstract": ["Surveys from seven different vessels were merged. Each vesselcontained two sightings platforms running concurrently\u00e2\u0080\u0093 primary and tracker. This dataset includes sightings from the tracker platform.Sightings from the primary platform are registered in <ahref='/dataset/1150' target='_blank'>SCANS II cetacean sightings on primary platform of vessel surveys 2005</a>. Effort or vessel tracks for these surveys are provided with the primary platform dataset. Survey conditions such as sea state, glare, swell, wind arefound in the effort data. In the trackerplatform,Big-eye binoculars were used. The trackersused to track groups of animals as theycame passed the boat and record them accordingly.However, this dataset does not containsuchduplicates."], "theme": ["N/A"], "creditText": ["N/A"], "producer": ["\u00c2\u00a0University of St Andrews; Sea Mammal Research Unit- Philip Hammond "], "author": ["\u00c2\u00a0University of St Andrews; Sea Mammal Research Unit- Philip Hammond "], "spatialCoverage": ["N/A"], "sponsor": ["N/A"], "size": ["N/A"], "sameAs": ["N/A"], "publication": ["N/A"], "provider": ["\u00c2\u00a0University of St Andrews; Sea Mammal Research Unit- Philip Hammond "], "position": ["N/A"], "measurementTechnique": ["N/A"], "material": ["N/A"], "maintainer": ["N/A"], "locationCreated": ["N/A"], "issn": ["N/A"], "isPartOf": ["N/A"], "isBasedOn": ["N/A"], "isAccessibleForFree": ["N/A"], "includedInDataCatalog": ["N/A"], "editor": ["N/A"], "editEIDR": ["N/A"], "copyrightYear": ["N/A"], "copyrightNotice": ["N/A"], "copyrightHolder": ["N/A"], "contributor": ["N/A"], "contentReferenceTime": ["N/A"], "contentLocation": ["N/A"], "character": ["N/A"], "acquireLicensePage": ["N/A"], "accessModeSufficient": ["N/A"], "about": ["N/A"], "rights": ["N/A"], "relation": ["N/A"], "qualifiedRelation": ["N/A"], "qualifiedAttribution": ["N/A"], "previousVersion": ["N/A"], "nextVersion": ["N/A"], "landingPage": ["N/A"], "isReferencedBy": ["N/A"], "hasVersion": ["N/A"], "hasPolicy": ["N/A"], "hasCurrentVersion": ["N/A"], "useConstraints": ["N/A"], "status": ["N/A"], "spatialRepresentationType": ["N/A"], "scope": ["N/A"], "purpose": ["N/A"], "otherLocale": ["N/A"], "metadataProfile": ["N/A"], "metadataLinkage": ["N/A"], "metadataIdentifier": ["N/A"], "environmentDescription": ["N/A"], "contentInfo": ["N/A"], "ResearchInfrastructure": ["LifeWatch"], "EssentialVariables": ["N/A"], "potentialTopics": ["N/A"]}