{"url": ["https://metadatacatalogue.lifewatch.eu:/geonetwork/api/records/oai:marineinfo.org:id:dataset:5744"], "name": ["Phytoplankton monitoring in Grado, GO - North Adriatic Sea. 2016"], "description": ["Phytoplankton monitoring in Grado, GO, Italy.Single coastal monitoring for water quality evaluation on June 2016. Shallow coastal watersin the northernpart of the Adriatic Sea, in the Gulf ofTrieste"], "datePublished": ["2021-12-02"], "language": ["en"], "creator": ["\u00c2\u00a0National Institute of Oceanography andExperimentalGeophysics- Paola Del Negro "], "metadataProvider": ["\u00c2\u00a0Flanders Marine Institute(VLIZ) BEhttps://www.vliz.be"], "contact": ["\u00c2\u00a0National Institute of Oceanography andExperimentalGeophysics- Daniela Fornasaro "], "associatedParty": ["N/A"], "licenseInformation": [" Intellectual Rights This work is licensed under a Creative Commons Attribution NonCommercial (CC-BY-NC) 4.0 License .\u00c2\u00a0 "], "downloadLink": ["https://metadatacatalogue.lifewatch.eu:/srv/eng/catalog.search#/metadata/oai:marineinfo.org:id:dataset:5744"], "keywords": ["N/A"], "geographicCoverage": ["Geographic Description EurOBIS calculated BBOX > station Bounding Box Bounding Box West Bounding Coordinate 13.4151 East Bounding Coordinate 13.4368 North Bounding Coordinate 45.6825 South Bounding Coordinate 45.67065"], "westBoundingCoordinate": ["13.4151"], "eastBoundingCoordinate": ["13.4368"], "northBoundingCoordinate": ["45.6825"], "southBoundingCoordinate": ["45.67065"], "dateCreated": ["2016-06-08"], "temporalCoverageEndDate": ["2016-06-08"], "license": ["http://nodc.ogs.trieste.it/nodc/metadata/doidetails?doi=10.6092/c03aec6c-d230-48d6-8122-1b968de2a3a9"], "distribution": ["http://nodc.ogs.trieste.it/nodc/metadata/doidetails?doi=10.6092/c03aec6c-d230-48d6-8122-1b968de2a3a9"], "distributionInfo": ["http://nodc.ogs.trieste.it/nodc/metadata/doidetails?doi=10.6092/c03aec6c-d230-48d6-8122-1b968de2a3a9"], "identifier": ["https://metadatacatalogue.lifewatch.eu:/srv/eng/catalog.search#/metadata/oai:marineinfo.org:id:dataset:5744"], "accessibilitySummary": ["N/A"], "version": ["N/A"], "temporalCoverage": ["N/A"], "publisher": ["N/A"], "spatial": ["N/A"], "citation": ["N/A"], "genre": ["N/A"], "modificationDate": ["2021-12-02"], "image": ["N/A"], "thumbnailUrl": ["N/A"], "headline": ["Phytoplankton monitoring in Grado, GO - North Adriatic Sea. 2016"], "abstract": ["Phytoplankton monitoring in Grado, GO, Italy.Single coastal monitoring for water quality evaluation on June 2016. Shallow coastal watersin the northernpart of the Adriatic Sea, in the Gulf ofTrieste"], "theme": ["N/A"], "creditText": ["N/A"], "producer": ["\u00c2\u00a0National Institute of Oceanography andExperimentalGeophysics- Paola Del Negro "], "author": ["\u00c2\u00a0National Institute of Oceanography andExperimentalGeophysics- Paola Del Negro "], "spatialCoverage": [" calculated BBOX > station Bounding Box Bounding Box West Bounding Coordinate 13.4151 East Bounding Coordinate 13.4368 North Bounding Coordinate 45.6825 South Bounding Coordinate 45.67065"], "sponsor": ["N/A"], "size": ["N/A"], "sameAs": ["N/A"], "publication": ["N/A"], "provider": ["\u00c2\u00a0National Institute of Oceanography andExperimentalGeophysics- Paola Del Negro "], "position": ["N/A"], "measurementTechnique": ["N/A"], "material": ["N/A"], "maintainer": ["N/A"], "locationCreated": ["N/A"], "issn": ["N/A"], "isPartOf": ["N/A"], "isBasedOn": ["N/A"], "isAccessibleForFree": ["N/A"], "includedInDataCatalog": ["N/A"], "editor": ["N/A"], "editEIDR": ["N/A"], "copyrightYear": ["N/A"], "copyrightNotice": ["N/A"], "copyrightHolder": ["N/A"], "contributor": ["N/A"], "contentReferenceTime": ["N/A"], "contentLocation": ["N/A"], "character": ["N/A"], "acquireLicensePage": ["N/A"], "accessModeSufficient": ["N/A"], "about": ["N/A"], "rights": ["N/A"], "relation": ["N/A"], "qualifiedRelation": ["N/A"], "qualifiedAttribution": ["N/A"], "previousVersion": ["N/A"], "nextVersion": ["N/A"], "landingPage": ["N/A"], "isReferencedBy": ["N/A"], "hasVersion": ["N/A"], "hasPolicy": ["N/A"], "hasCurrentVersion": ["N/A"], "useConstraints": ["N/A"], "status": ["N/A"], "spatialRepresentationType": ["N/A"], "scope": ["N/A"], "purpose": ["N/A"], "otherLocale": ["N/A"], "metadataProfile": ["N/A"], "metadataLinkage": ["N/A"], "metadataIdentifier": ["N/A"], "environmentDescription": ["N/A"], "contentInfo": ["N/A"], "ResearchInfrastructure": ["LifeWatch"], "EssentialVariables": ["N/A"], "potentialTopics": ["N/A"]}