{"url": ["https://metadatacatalogue.lifewatch.eu:/srv/api/records/oai:marineinfo.org:id:dataset:6454"], "name": ["Reef Check Med - key Mediterranean marine species 2001-2020"], "description": ["The dataset consists of abundance records of 43 marine species in the Mediterranean Sea from 2001to 2020. Selected species include some protectedandnon-indigenous species, ecosystem engineers,species sensitive to climate change, and/or threatened by human activities. Taken together, these taxa represent key ecological aspects of Mediterranean subtidal habitats (Cerrano et al., 2017) and can be used to calculatethe MedSens, an indexof the environmental status of subtidalrocky coastal habitats based on species sensitivity(Turicchia et al., 2021). Observationswere carried out by the EcoDivers (trainedscuba divers, freedivers and snorkelers) according to a rigorous protocol (RCMed U-CEM) developed by the association Reef Check Italiaonlus."], "datePublished": ["2021-12-02"], "language": ["en"], "creator": ["\u00c2\u00a0Reef Check Italiaonlus- Carlo Cerrano "], "metadataProvider": ["\u00c2\u00a0Flanders Marine Institute(VLIZ) BEhttps://www.vliz.be"], "contact": ["\u00c2\u00a0Flanders Marine Institute(VLIZ) BEhttps://www.vliz.be"], "associatedParty": ["N/A"], "licenseInformation": [" Intellectual Rights This work is licensed under a Creative Commons Attribution (CC-BY) 4.0 License .\u00c2\u00a0 "], "downloadLink": ["https://metadatacatalogue.lifewatch.eu:/srv/eng/catalog.search#/metadata/oai:marineinfo.org:id:dataset:6454"], "keywords": ["Climate change Ecosystem engineers Human activities Non-indigenous species Overfishing Protected species"], "geographicCoverage": ["Geographic Description EurOBIS calculated BBOX > station Bounding Box Bounding Box West Bounding Coordinate -1.15455 East Bounding Coordinate 25.362 North Bounding Coordinate 45.7636 South Bounding Coordinate 35.40266"], "westBoundingCoordinate": ["-1.15455"], "eastBoundingCoordinate": ["25.362"], "northBoundingCoordinate": ["45.7636"], "southBoundingCoordinate": ["35.40266"], "dateCreated": ["2001-01-01"], "temporalCoverageEndDate": ["2020-01-01"], "license": ["N/A"], "distribution": ["N/A"], "distributionInfo": ["N/A"], "identifier": ["https://metadatacatalogue.lifewatch.eu:/srv/eng/catalog.search#/metadata/oai:marineinfo.org:id:dataset:6454"], "accessibilitySummary": ["N/A"], "version": ["N/A"], "temporalCoverage": ["N/A"], "publisher": ["N/A"], "spatial": ["N/A"], "citation": ["N/A"], "genre": ["N/A"], "modificationDate": ["2021-12-02"], "image": ["N/A"], "thumbnailUrl": ["N/A"], "headline": ["Reef Check Med - key Mediterranean marine species 2001-2020"], "abstract": ["The dataset consists of abundance records of 43 marine species in the Mediterranean Sea from 2001to 2020. Selected species include some protectedandnon-indigenous species, ecosystem engineers,species sensitive to climate change, and/or threatened by human activities. Taken together, these taxa represent key ecological aspects of Mediterranean subtidal habitats (Cerrano et al., 2017) and can be used to calculatethe MedSens, an indexof the environmental status of subtidalrocky coastal habitats based on species sensitivity(Turicchia et al., 2021). Observationswere carried out by the EcoDivers (trainedscuba divers, freedivers and snorkelers) according to a rigorous protocol (RCMed U-CEM) developed by the association Reef Check Italiaonlus."], "theme": ["N/A"], "creditText": ["N/A"], "producer": ["\u00c2\u00a0Reef Check Italiaonlus- Carlo Cerrano "], "author": ["\u00c2\u00a0Reef Check Italiaonlus- Carlo Cerrano "], "spatialCoverage": [" calculated BBOX > station Bounding Box Bounding Box West Bounding Coordinate -1.15455 East Bounding Coordinate 25.362 North Bounding Coordinate 45.7636 South Bounding Coordinate 35.40266"], "sponsor": ["N/A"], "size": ["N/A"], "sameAs": ["N/A"], "publication": ["N/A"], "provider": ["\u00c2\u00a0Reef Check Italiaonlus- Carlo Cerrano "], "position": ["N/A"], "measurementTechnique": ["N/A"], "material": ["N/A"], "maintainer": ["N/A"], "locationCreated": ["N/A"], "issn": ["N/A"], "isPartOf": ["N/A"], "isBasedOn": ["N/A"], "isAccessibleForFree": ["N/A"], "includedInDataCatalog": ["N/A"], "editor": ["N/A"], "editEIDR": ["N/A"], "copyrightYear": ["N/A"], "copyrightNotice": ["N/A"], "copyrightHolder": ["N/A"], "contributor": ["N/A"], "contentReferenceTime": ["N/A"], "contentLocation": ["N/A"], "character": ["N/A"], "acquireLicensePage": ["N/A"], "accessModeSufficient": ["N/A"], "about": ["N/A"], "rights": ["N/A"], "relation": ["N/A"], "qualifiedRelation": ["N/A"], "qualifiedAttribution": ["N/A"], "previousVersion": ["N/A"], "nextVersion": ["N/A"], "landingPage": ["N/A"], "isReferencedBy": ["N/A"], "hasVersion": ["N/A"], "hasPolicy": ["N/A"], "hasCurrentVersion": ["N/A"], "useConstraints": ["N/A"], "status": ["N/A"], "spatialRepresentationType": ["N/A"], "scope": ["N/A"], "purpose": ["N/A"], "otherLocale": ["N/A"], "metadataProfile": ["N/A"], "metadataLinkage": ["N/A"], "metadataIdentifier": ["N/A"], "environmentDescription": ["N/A"], "contentInfo": ["N/A"], "ResearchInfrastructure": ["LifeWatch"], "EssentialVariables": ["N/A"], "potentialTopics": ["N/A"]}