{"url": ["https://metadatacatalogue.lifewatch.eu:/srv/api/records/oai:marineinfo.org:id:dataset:747"], "name": ["Marine Turtles"], "description": ["Sightings and strandings of both dead and alive marine turtles in the British Isles and the Republic of Ireland."], "datePublished": ["2006-01-24"], "language": ["en"], "creator": ["\u00c2\u00a0Marine EnvironmentalMonitoring "], "metadataProvider": ["\u00c2\u00a0Flanders Marine Institute(VLIZ) BEhttps://www.vliz.be"], "contact": ["\u00c2\u00a0Marine EnvironmentalMonitoring- Rod Penrose "], "associatedParty": [" contentProvider\u00c2\u00a0National Biodiversity NetworkTrust GB "], "licenseInformation": [" Intellectual Rights This work is licensed under a Creative Commons Attribution (CC-BY) 4.0 License .\u00c2\u00a0 "], "downloadLink": ["https://metadatacatalogue.lifewatch.eu:/srv/eng/catalog.search#/metadata/oai:marineinfo.org:id:dataset:747"], "keywords": ["Aquatic reptiles Biodiversity Marine"], "geographicCoverage": ["Geographic Description ANE, BritishIsles"], "westBoundingCoordinate": ["-15.999999"], "eastBoundingCoordinate": ["6.033333"], "northBoundingCoordinate": ["63.76"], "southBoundingCoordinate": ["44.385278"], "dateCreated": ["N/A"], "temporalCoverageEndDate": ["N/A"], "license": ["https://data.nbn.org.uk/Datasets/GA000167"], "distribution": ["https://data.nbn.org.uk/Datasets/GA000167"], "distributionInfo": ["https://data.nbn.org.uk/Datasets/GA000167"], "identifier": ["https://metadatacatalogue.lifewatch.eu:/srv/eng/catalog.search#/metadata/oai:marineinfo.org:id:dataset:747"], "accessibilitySummary": ["N/A"], "version": ["N/A"], "temporalCoverage": ["N/A"], "publisher": ["N/A"], "spatial": ["N/A"], "citation": ["N/A"], "genre": ["N/A"], "modificationDate": ["2006-01-24"], "image": ["N/A"], "thumbnailUrl": ["N/A"], "headline": ["Marine Turtles"], "abstract": ["Sightings and strandings of both dead and alive marine turtles in the British Isles and the Republic of Ireland."], "theme": ["N/A"], "creditText": ["N/A"], "producer": ["\u00c2\u00a0Marine EnvironmentalMonitoring "], "author": ["\u00c2\u00a0Marine EnvironmentalMonitoring "], "spatialCoverage": [" BritishIsles"], "sponsor": ["N/A"], "size": ["N/A"], "sameAs": ["N/A"], "publication": ["N/A"], "provider": ["\u00c2\u00a0Marine EnvironmentalMonitoring "], "position": ["N/A"], "measurementTechnique": ["N/A"], "material": ["N/A"], "maintainer": ["N/A"], "locationCreated": ["N/A"], "issn": ["N/A"], "isPartOf": ["N/A"], "isBasedOn": ["N/A"], "isAccessibleForFree": ["N/A"], "includedInDataCatalog": ["N/A"], "editor": ["N/A"], "editEIDR": ["N/A"], "copyrightYear": ["N/A"], "copyrightNotice": ["N/A"], "copyrightHolder": ["N/A"], "contributor": ["N/A"], "contentReferenceTime": ["N/A"], "contentLocation": ["N/A"], "character": ["N/A"], "acquireLicensePage": ["N/A"], "accessModeSufficient": ["N/A"], "about": ["N/A"], "rights": ["N/A"], "relation": ["N/A"], "qualifiedRelation": ["N/A"], "qualifiedAttribution": ["N/A"], "previousVersion": ["N/A"], "nextVersion": ["N/A"], "landingPage": ["N/A"], "isReferencedBy": ["N/A"], "hasVersion": ["N/A"], "hasPolicy": ["N/A"], "hasCurrentVersion": ["N/A"], "useConstraints": ["N/A"], "status": ["N/A"], "spatialRepresentationType": ["N/A"], "scope": ["N/A"], "purpose": ["N/A"], "otherLocale": ["N/A"], "metadataProfile": ["N/A"], "metadataLinkage": ["N/A"], "metadataIdentifier": ["N/A"], "environmentDescription": ["N/A"], "contentInfo": ["N/A"], "ResearchInfrastructure": ["LifeWatch"], "EssentialVariables": ["N/A"], "potentialTopics": ["N/A"]}