{"url": ["https://metadatacatalogue.lifewatch.eu:/srv/api/records/oai:marineinfo.org:id:dataset:5611"], "name": ["Trawl-survey data in the central-eastern Adriatic Sea (Mediterranean) collected in 1957 and 1958"], "description": ["Between June 5th 1957 and July 4th 1958 a series of trawl-surveys were organised by the Institute of Oceanography and Fisheries (IOF, Croatia) in the Croatian channels around the Hvar Island (central-easternAdriatic)."], "datePublished": ["2021-12-02"], "language": ["en"], "creator": ["\u00c2\u00a0Italian National Institute for EnvironmentalProtection and Research; Branch office Chioggia "], "metadataProvider": ["\u00c2\u00a0Flanders Marine Institute(VLIZ) BEhttps://www.vliz.be"], "contact": ["\u00c2\u00a0Italian National Institute for EnvironmentalProtection and Research; Branch office Chioggia- Tomaso Fortibuoni "], "associatedParty": [" pointOfContact\u00c2\u00a0Italian National Institute for EnvironmentalProtection and Research; Branch office Chioggia- Otello Giovanardi "], "licenseInformation": [" Intellectual Rights This work is licensed under a Creative Commons Attribution (CC-BY) 4.0 License .\u00c2\u00a0 "], "downloadLink": ["https://metadatacatalogue.lifewatch.eu:/geonetwork/eng/catalog.search#/metadata/oai:marineinfo.org:id:dataset:5611"], "keywords": ["Demersal trawl Historical records Marine HistoricalEcology"], "geographicCoverage": ["Geographic Description EurOBIS calculated BBOX > station Bounding Box Bounding Box West Bounding Coordinate 16.17 East Bounding Coordinate 17.47 North Bounding Coordinate 43.4 South Bounding Coordinate 42.95"], "westBoundingCoordinate": ["16.17"], "eastBoundingCoordinate": ["17.47"], "northBoundingCoordinate": ["43.4"], "southBoundingCoordinate": ["42.95"], "dateCreated": ["1957-06-05"], "temporalCoverageEndDate": ["1958-07-04"], "license": ["N/A"], "distribution": ["N/A"], "distributionInfo": ["N/A"], "identifier": ["https://metadatacatalogue.lifewatch.eu:/geonetwork/eng/catalog.search#/metadata/oai:marineinfo.org:id:dataset:5611"], "accessibilitySummary": ["N/A"], "version": ["N/A"], "temporalCoverage": ["N/A"], "publisher": ["N/A"], "spatial": ["N/A"], "citation": ["N/A"], "genre": ["N/A"], "modificationDate": ["2021-12-02"], "image": ["N/A"], "thumbnailUrl": ["N/A"], "headline": ["Trawl-survey data in the central-eastern Adriatic Sea (Mediterranean) collected in 1957 and 1958"], "abstract": ["Between June 5th 1957 and July 4th 1958 a series of trawl-surveys were organised by the Institute of Oceanography and Fisheries (IOF, Croatia) in the Croatian channels around the Hvar Island (central-easternAdriatic)."], "theme": ["N/A"], "creditText": ["N/A"], "producer": ["\u00c2\u00a0Italian National Institute for EnvironmentalProtection and Research; Branch office Chioggia "], "author": ["\u00c2\u00a0Italian National Institute for EnvironmentalProtection and Research; Branch office Chioggia "], "spatialCoverage": [" calculated BBOX > station Bounding Box Bounding Box West Bounding Coordinate 16.17 East Bounding Coordinate 17.47 North Bounding Coordinate 43.4 South Bounding Coordinate 42.95"], "sponsor": ["N/A"], "size": ["N/A"], "sameAs": ["N/A"], "publication": ["N/A"], "provider": ["\u00c2\u00a0Italian National Institute for EnvironmentalProtection and Research; Branch office Chioggia "], "position": ["N/A"], "measurementTechnique": ["N/A"], "material": ["N/A"], "maintainer": ["N/A"], "locationCreated": ["N/A"], "issn": ["N/A"], "isPartOf": ["N/A"], "isBasedOn": ["N/A"], "isAccessibleForFree": ["N/A"], "includedInDataCatalog": ["N/A"], "editor": ["N/A"], "editEIDR": ["N/A"], "copyrightYear": ["N/A"], "copyrightNotice": ["N/A"], "copyrightHolder": ["N/A"], "contributor": ["N/A"], "contentReferenceTime": ["N/A"], "contentLocation": ["N/A"], "character": ["N/A"], "acquireLicensePage": ["N/A"], "accessModeSufficient": ["N/A"], "about": ["N/A"], "rights": ["N/A"], "relation": ["N/A"], "qualifiedRelation": ["N/A"], "qualifiedAttribution": ["N/A"], "previousVersion": ["N/A"], "nextVersion": ["N/A"], "landingPage": ["N/A"], "isReferencedBy": ["N/A"], "hasVersion": ["N/A"], "hasPolicy": ["N/A"], "hasCurrentVersion": ["N/A"], "useConstraints": ["N/A"], "status": ["N/A"], "spatialRepresentationType": ["N/A"], "scope": ["N/A"], "purpose": ["N/A"], "otherLocale": ["N/A"], "metadataProfile": ["N/A"], "metadataLinkage": ["N/A"], "metadataIdentifier": ["N/A"], "environmentDescription": ["N/A"], "contentInfo": ["N/A"], "ResearchInfrastructure": ["LifeWatch"], "EssentialVariables": ["N/A"], "potentialTopics": ["N/A"]}