{"url": ["https://metadatacatalogue.lifewatch.eu:/srv/api/records/oai:marineinfo.org:id:dataset:243"], "name": ["Polish Arctic Marine Programme"], "description": ["This represents data on Benthic fauna, Foodwebs and the littoralzone from the Polish Academyof Sciences; Institute of Oceanology, taken between1981 - 1985 from60 stations annually investigated during summer."], "datePublished": ["2005-12-01"], "language": ["en"], "creator": ["\u00c2\u00a0Polish Academy of SciencesInstitute of Oceanology PL "], "metadataProvider": ["\u00c2\u00a0Flanders Marine Institute(VLIZ) BEhttps://www.vliz.be"], "contact": ["\u00c2\u00a0Polish Academy of Sciences;Institute of Oceanology- Jan Marcin Weslawski "], "associatedParty": [" contentProvider\u00c2\u00a0Polish Academy of SciencesInstitute of Oceanology PL "], "licenseInformation": [" Intellectual Rights This work is licensed under a Creative Commons Attribution (CC-BY) 4.0 License .\u00c2\u00a0 "], "downloadLink": ["https://metadatacatalogue.lifewatch.eu:/srv/eng/catalog.search#/metadata/oai:marineinfo.org:id:dataset:243"], "keywords": ["Benthic fauna Data Food webs Littoral zone Macrobenthos Marine Genomics Zoobenthos"], "geographicCoverage": ["Geographic Description DAS243_Hornsund > stationHornsund Bounding Box West Bounding Coordinate 15.4666667 East Bounding Coordinate 15.4666667 North Bounding Coordinate 76.9666667 South Bounding Coordinate 76.9666667"], "westBoundingCoordinate": ["15.4666667"], "eastBoundingCoordinate": ["15.4666667"], "northBoundingCoordinate": ["76.9666667"], "southBoundingCoordinate": ["76.9666667"], "dateCreated": ["1981-01-01"], "temporalCoverageEndDate": ["1985-12-31"], "license": ["N/A"], "distribution": ["N/A"], "distributionInfo": ["N/A"], "identifier": ["https://metadatacatalogue.lifewatch.eu:/srv/eng/catalog.search#/metadata/oai:marineinfo.org:id:dataset:243"], "accessibilitySummary": ["N/A"], "version": ["N/A"], "temporalCoverage": ["N/A"], "publisher": ["N/A"], "spatial": ["N/A"], "citation": ["N/A"], "genre": ["N/A"], "modificationDate": ["2005-12-01"], "image": ["N/A"], "thumbnailUrl": ["N/A"], "headline": ["Polish Arctic Marine Programme"], "abstract": ["This represents data on Benthic fauna, Foodwebs and the littoralzone from the Polish Academyof Sciences; Institute of Oceanology, taken between1981 - 1985 from60 stations annually investigated during summer."], "theme": ["N/A"], "creditText": ["N/A"], "producer": ["\u00c2\u00a0Polish Academy of SciencesInstitute of Oceanology PL "], "author": ["\u00c2\u00a0Polish Academy of SciencesInstitute of Oceanology PL "], "spatialCoverage": [" DAS243_Hornsund > stationHornsund Bounding Box West Bounding Coordinate 15.4666667 East Bounding Coordinate 15.4666667 North Bounding Coordinate 76.9666667 South Bounding Coordinate 76.9666667"], "sponsor": ["N/A"], "size": ["N/A"], "sameAs": ["N/A"], "publication": ["N/A"], "provider": ["\u00c2\u00a0Polish Academy of SciencesInstitute of Oceanology PL "], "position": ["N/A"], "measurementTechnique": ["N/A"], "material": ["N/A"], "maintainer": ["N/A"], "locationCreated": ["N/A"], "issn": ["N/A"], "isPartOf": ["N/A"], "isBasedOn": ["N/A"], "isAccessibleForFree": ["N/A"], "includedInDataCatalog": ["N/A"], "editor": ["N/A"], "editEIDR": ["N/A"], "copyrightYear": ["N/A"], "copyrightNotice": ["N/A"], "copyrightHolder": ["N/A"], "contributor": ["N/A"], "contentReferenceTime": ["N/A"], "contentLocation": ["N/A"], "character": ["N/A"], "acquireLicensePage": ["N/A"], "accessModeSufficient": ["N/A"], "about": ["N/A"], "rights": ["N/A"], "relation": ["N/A"], "qualifiedRelation": ["N/A"], "qualifiedAttribution": ["N/A"], "previousVersion": ["N/A"], "nextVersion": ["N/A"], "landingPage": ["N/A"], "isReferencedBy": ["N/A"], "hasVersion": ["N/A"], "hasPolicy": ["N/A"], "hasCurrentVersion": ["N/A"], "useConstraints": ["N/A"], "status": ["N/A"], "spatialRepresentationType": ["N/A"], "scope": ["N/A"], "purpose": ["N/A"], "otherLocale": ["N/A"], "metadataProfile": ["N/A"], "metadataLinkage": ["N/A"], "metadataIdentifier": ["N/A"], "environmentDescription": ["N/A"], "contentInfo": ["N/A"], "ResearchInfrastructure": ["LifeWatch"], "EssentialVariables": ["N/A"], "potentialTopics": ["N/A"]}