{"url": ["https://metadatacatalogue.lifewatch.eu:/geonetwork/api/records/oai:marineinfo.org:id:dataset:4456"], "name": ["Zooplankton monitoring in the Belgian Part of the North Sea between 2009 and 2010"], "description": ["Zooplankton from the Belgian Part of theNorth Sea was sampledmonthly in 2009 and 2010 at10monitoringstations, using a WP2 net (57cm, 200\u00c2\u00b5m mesh size), which wastowed in an oblique haulfrom bottom to surface."], "datePublished": ["2021-12-02"], "language": ["en"], "creator": ["\u00c2\u00a0Vlaamse overheid; Beleidsdomein Landbouw en Visserij;Instituut voor landbouw- , visserij en voedingsonderzoek; Kenniseenheid: Dier; Aquatisch Milieu en Kwaliteit; Biologisch milieuonderzoeksgroep "], "metadataProvider": ["\u00c2\u00a0Flanders Marine Institute(VLIZ) BEhttps://www.vliz.be"], "contact": ["\u00c2\u00a0Universiteit Gent "], "associatedParty": [" pointOfContact\u00c2\u00a0Vlaamse overheid; Beleidsdomein Landbouw en Visserij;Instituut voor landbouw- , visserij en voedingsonderzoek; Kenniseenheid: Dier; Aquatisch Milieu en Kwaliteit; Biologisch milieuonderzoeksgroep- Karl Van Ginderdeuren "], "licenseInformation": [" Intellectual Rights This work is licensed under a Creative Commons Attribution (CC-BY) 4.0 License .\u00c2\u00a0 "], "downloadLink": ["https://metadatacatalogue.lifewatch.eu:/srv/eng/catalog.search#/metadata/oai:marineinfo.org:id:dataset:4456"], "keywords": ["Zooplankton"], "geographicCoverage": ["Geographic Description ANE, Belgium, Belgian Continental Shelf (BCS)"], "westBoundingCoordinate": ["2.29"], "eastBoundingCoordinate": ["3.23"], "northBoundingCoordinate": ["51.75"], "southBoundingCoordinate": ["51.16"], "dateCreated": ["2009-01-01"], "temporalCoverageEndDate": ["2010-01-01"], "license": ["N/A"], "distribution": ["N/A"], "distributionInfo": ["N/A"], "identifier": ["https://metadatacatalogue.lifewatch.eu:/srv/eng/catalog.search#/metadata/oai:marineinfo.org:id:dataset:4456"], "accessibilitySummary": ["N/A"], "version": ["N/A"], "temporalCoverage": ["N/A"], "publisher": ["N/A"], "spatial": ["N/A"], "citation": ["N/A"], "genre": ["N/A"], "modificationDate": ["2021-12-02"], "image": ["N/A"], "thumbnailUrl": ["N/A"], "headline": ["Zooplankton monitoring in the Belgian Part of the North Sea between 2009 and 2010"], "abstract": ["Zooplankton from the Belgian Part of theNorth Sea was sampledmonthly in 2009 and 2010 at10monitoringstations, using a WP2 net (57cm, 200\u00c2\u00b5m mesh size), which wastowed in an oblique haulfrom bottom to surface."], "theme": ["N/A"], "creditText": ["N/A"], "producer": ["\u00c2\u00a0Vlaamse overheid; Beleidsdomein Landbouw en Visserij;Instituut voor landbouw- , visserij en voedingsonderzoek; Kenniseenheid: Dier; Aquatisch Milieu en Kwaliteit; Biologisch milieuonderzoeksgroep "], "author": ["\u00c2\u00a0Vlaamse overheid; Beleidsdomein Landbouw en Visserij;Instituut voor landbouw- , visserij en voedingsonderzoek; Kenniseenheid: Dier; Aquatisch Milieu en Kwaliteit; Biologisch milieuonderzoeksgroep "], "spatialCoverage": [" Belgium Belgian Continental Shelf (BCS)"], "sponsor": ["N/A"], "size": ["N/A"], "sameAs": ["N/A"], "publication": ["N/A"], "provider": ["\u00c2\u00a0Vlaamse overheid; Beleidsdomein Landbouw en Visserij;Instituut voor landbouw- , visserij en voedingsonderzoek; Kenniseenheid: Dier; Aquatisch Milieu en Kwaliteit; Biologisch milieuonderzoeksgroep "], "position": ["N/A"], "measurementTechnique": ["N/A"], "material": ["N/A"], "maintainer": ["N/A"], "locationCreated": ["N/A"], "issn": ["N/A"], "isPartOf": ["N/A"], "isBasedOn": ["N/A"], "isAccessibleForFree": ["N/A"], "includedInDataCatalog": ["N/A"], "editor": ["N/A"], "editEIDR": ["N/A"], "copyrightYear": ["N/A"], "copyrightNotice": ["N/A"], "copyrightHolder": ["N/A"], "contributor": ["N/A"], "contentReferenceTime": ["N/A"], "contentLocation": ["N/A"], "character": ["N/A"], "acquireLicensePage": ["N/A"], "accessModeSufficient": ["N/A"], "about": ["N/A"], "rights": ["N/A"], "relation": ["N/A"], "qualifiedRelation": ["N/A"], "qualifiedAttribution": ["N/A"], "previousVersion": ["N/A"], "nextVersion": ["N/A"], "landingPage": ["N/A"], "isReferencedBy": ["N/A"], "hasVersion": ["N/A"], "hasPolicy": ["N/A"], "hasCurrentVersion": ["N/A"], "useConstraints": ["N/A"], "status": ["N/A"], "spatialRepresentationType": ["N/A"], "scope": ["N/A"], "purpose": ["N/A"], "otherLocale": ["N/A"], "metadataProfile": ["N/A"], "metadataLinkage": ["N/A"], "metadataIdentifier": ["N/A"], "environmentDescription": ["N/A"], "contentInfo": ["N/A"], "ResearchInfrastructure": ["LifeWatch"], "EssentialVariables": ["N/A"], "potentialTopics": ["N/A"]}