{"url": ["https://metadatacatalogue.lifewatch.eu:/srv/api/records/oai:marineinfo.org:id:dataset:6430"], "name": ["2009 University of Plymouth Wave Hub, Cornwall towed underwater video baseline benthic survey"], "description": ["This data set comprises of marine epibenthos (74 identified taxa derivedfrom Algae, Annelida, Arthropoda, Bryozoa, Chordata, Cnidaria, Echinodermata, Mollusca, Nemertea,Porifera) data quantified in June 2009 at The Wave Hub development zone, a Marine Renewable Energy Installation (MREI) in Hayle, Cornwall, South West UK. The Wave Hub developmentzone is compartmentalised into four areas, fivesites were surveyed in each area using a high definition towedunderwater video system. At each site a 200 x 0.5 metre transectof the seabed was undertaken. The survey was carriedout as a baseline to characterise the seabedfauna present, prior to any subsea infrastructure being deployedat the test site. Thedesign was also replicated to the east and westof the Wave Hub site toprovide controls for futureimpactassessment."], "datePublished": ["2021-12-02"], "language": ["en"], "creator": ["\u00c2\u00a0University of Plymouth;PlymouthPolytechnic- Emma Sheehan "], "metadataProvider": ["\u00c2\u00a0Flanders Marine Institute(VLIZ) BEhttps://www.vliz.be"], "contact": ["\u00c2\u00a0Flanders Marine Institute(VLIZ) BEhttps://www.vliz.be"], "associatedParty": ["N/A"], "licenseInformation": [" Intellectual Rights This work is licensed under a Creative Commons Attribution (CC-BY) 4.0 License .\u00c2\u00a0 "], "downloadLink": ["https://metadatacatalogue.lifewatch.eu:/srv/eng/catalog.search#/metadata/oai:marineinfo.org:id:dataset:6430"], "keywords": ["Benthos Renewable energy Video observations Wave energy"], "geographicCoverage": ["Geographic Description http://marineregions.org/mrgid/54639 > station UK Block 94/23 Oil and Gas Authority"], "westBoundingCoordinate": ["-5.682375"], "eastBoundingCoordinate": ["-5.5469"], "northBoundingCoordinate": ["50.4066"], "southBoundingCoordinate": ["50.341933333333"], "dateCreated": ["2009-06-01"], "temporalCoverageEndDate": ["2009-06-01"], "license": ["N/A"], "distribution": ["N/A"], "distributionInfo": ["N/A"], "identifier": ["https://metadatacatalogue.lifewatch.eu:/srv/eng/catalog.search#/metadata/oai:marineinfo.org:id:dataset:6430"], "accessibilitySummary": ["N/A"], "version": ["N/A"], "temporalCoverage": ["N/A"], "publisher": ["N/A"], "spatial": ["N/A"], "citation": ["N/A"], "genre": ["N/A"], "modificationDate": ["2021-12-02"], "image": ["N/A"], "thumbnailUrl": ["N/A"], "headline": ["2009 University of Plymouth Wave Hub, Cornwall towed underwater video baseline benthic survey"], "abstract": ["This data set comprises of marine epibenthos (74 identified taxa derivedfrom Algae, Annelida, Arthropoda, Bryozoa, Chordata, Cnidaria, Echinodermata, Mollusca, Nemertea,Porifera) data quantified in June 2009 at The Wave Hub development zone, a Marine Renewable Energy Installation (MREI) in Hayle, Cornwall, South West UK. The Wave Hub developmentzone is compartmentalised into four areas, fivesites were surveyed in each area using a high definition towedunderwater video system. At each site a 200 x 0.5 metre transectof the seabed was undertaken. The survey was carriedout as a baseline to characterise the seabedfauna present, prior to any subsea infrastructure being deployedat the test site. Thedesign was also replicated to the east and westof the Wave Hub site toprovide controls for futureimpactassessment."], "theme": ["N/A"], "creditText": ["N/A"], "producer": ["\u00c2\u00a0University of Plymouth;PlymouthPolytechnic- Emma Sheehan "], "author": ["\u00c2\u00a0University of Plymouth;PlymouthPolytechnic- Emma Sheehan "], "spatialCoverage": [" http//marineregions.org/mrgid/54639 > station UK Block 94/23 Oil and Gas Authority"], "sponsor": ["N/A"], "size": ["N/A"], "sameAs": ["N/A"], "publication": ["N/A"], "provider": ["\u00c2\u00a0University of Plymouth;PlymouthPolytechnic- Emma Sheehan "], "position": ["N/A"], "measurementTechnique": ["N/A"], "material": ["N/A"], "maintainer": ["N/A"], "locationCreated": ["N/A"], "issn": ["N/A"], "isPartOf": ["N/A"], "isBasedOn": ["N/A"], "isAccessibleForFree": ["N/A"], "includedInDataCatalog": ["N/A"], "editor": ["N/A"], "editEIDR": ["N/A"], "copyrightYear": ["N/A"], "copyrightNotice": ["N/A"], "copyrightHolder": ["N/A"], "contributor": ["N/A"], "contentReferenceTime": ["N/A"], "contentLocation": ["N/A"], "character": ["N/A"], "acquireLicensePage": ["N/A"], "accessModeSufficient": ["N/A"], "about": ["N/A"], "rights": ["N/A"], "relation": ["N/A"], "qualifiedRelation": ["N/A"], "qualifiedAttribution": ["N/A"], "previousVersion": ["N/A"], "nextVersion": ["N/A"], "landingPage": ["N/A"], "isReferencedBy": ["N/A"], "hasVersion": ["N/A"], "hasPolicy": ["N/A"], "hasCurrentVersion": ["N/A"], "useConstraints": ["N/A"], "status": ["N/A"], "spatialRepresentationType": ["N/A"], "scope": ["N/A"], "purpose": ["N/A"], "otherLocale": ["N/A"], "metadataProfile": ["N/A"], "metadataLinkage": ["N/A"], "metadataIdentifier": ["N/A"], "environmentDescription": ["N/A"], "contentInfo": ["N/A"], "ResearchInfrastructure": ["LifeWatch"], "EssentialVariables": ["N/A"], "potentialTopics": ["N/A"]}