{"url": ["https://metadatacatalogue.lifewatch.eu:/geonetwork/api/records/oai:marineinfo.org:id:dataset:2708"], "name": ["Phytoplankton of the northern part of the Black Sea 1992-1993"], "description": ["Phytoplankton of the northern part of the BlackSea 1992-1993 collected during 6 scientificcruises on the ships of Ukrainian Scientific Center of Ecology of theSea (UkrSCES) on unified stationsgrid."], "datePublished": ["2021-12-02"], "language": ["en"], "creator": ["\u00c2\u00a0Ukrainian scientific center of Ecology of Sea- Yulia Bryantseva "], "metadataProvider": ["\u00c2\u00a0Flanders Marine Institute(VLIZ) BEhttps://www.vliz.be"], "contact": ["\u00c2\u00a0Ukrainian scientific center of Ecology of Sea- Yulia Bryantseva "], "associatedParty": [" contentProvider\u00c2\u00a0Ukrainian scientific center of Ecology of Sea- Yulia Bryantseva "], "licenseInformation": [" Intellectual Rights This work is licensed under a Creative Commons Attribution (CC-BY) 4.0 License .\u00c2\u00a0 "], "downloadLink": ["https://metadatacatalogue.lifewatch.eu:/srv/eng/catalog.search#/metadata/oai:marineinfo.org:id:dataset:2708"], "keywords": ["N/A"], "geographicCoverage": ["Geographic Description EurOBIS calculated BBOX > station Bounding Box Bounding Box West Bounding Coordinate 28.11 East Bounding Coordinate 41 North Bounding Coordinate 46.5 South Bounding Coordinate 42"], "westBoundingCoordinate": ["28.11"], "eastBoundingCoordinate": ["41"], "northBoundingCoordinate": ["46.5"], "southBoundingCoordinate": ["42"], "dateCreated": ["1992-05-04"], "temporalCoverageEndDate": ["1993-02-19"], "license": ["N/A"], "distribution": ["N/A"], "distributionInfo": ["N/A"], "identifier": ["https://metadatacatalogue.lifewatch.eu:/srv/eng/catalog.search#/metadata/oai:marineinfo.org:id:dataset:2708"], "accessibilitySummary": ["N/A"], "version": ["N/A"], "temporalCoverage": ["N/A"], "publisher": ["N/A"], "spatial": ["N/A"], "citation": ["N/A"], "genre": ["N/A"], "modificationDate": ["2021-12-02"], "image": ["N/A"], "thumbnailUrl": ["N/A"], "headline": ["Phytoplankton of the northern part of the Black Sea 1992-1993"], "abstract": ["Phytoplankton of the northern part of the BlackSea 1992-1993 collected during 6 scientificcruises on the ships of Ukrainian Scientific Center of Ecology of theSea (UkrSCES) on unified stationsgrid."], "theme": ["N/A"], "creditText": ["N/A"], "producer": ["\u00c2\u00a0Ukrainian scientific center of Ecology of Sea- Yulia Bryantseva "], "author": ["\u00c2\u00a0Ukrainian scientific center of Ecology of Sea- Yulia Bryantseva "], "spatialCoverage": [" calculated BBOX > station Bounding Box Bounding Box West Bounding Coordinate 28.11 East Bounding Coordinate 41 North Bounding Coordinate 46.5 South Bounding Coordinate 42"], "sponsor": ["N/A"], "size": ["N/A"], "sameAs": ["N/A"], "publication": ["N/A"], "provider": ["\u00c2\u00a0Ukrainian scientific center of Ecology of Sea- Yulia Bryantseva "], "position": ["N/A"], "measurementTechnique": ["N/A"], "material": ["N/A"], "maintainer": ["N/A"], "locationCreated": ["N/A"], "issn": ["N/A"], "isPartOf": ["N/A"], "isBasedOn": ["N/A"], "isAccessibleForFree": ["N/A"], "includedInDataCatalog": ["N/A"], "editor": ["N/A"], "editEIDR": ["N/A"], "copyrightYear": ["N/A"], "copyrightNotice": ["N/A"], "copyrightHolder": ["N/A"], "contributor": ["N/A"], "contentReferenceTime": ["N/A"], "contentLocation": ["N/A"], "character": ["N/A"], "acquireLicensePage": ["N/A"], "accessModeSufficient": ["N/A"], "about": ["N/A"], "rights": ["N/A"], "relation": ["N/A"], "qualifiedRelation": ["N/A"], "qualifiedAttribution": ["N/A"], "previousVersion": ["N/A"], "nextVersion": ["N/A"], "landingPage": ["N/A"], "isReferencedBy": ["N/A"], "hasVersion": ["N/A"], "hasPolicy": ["N/A"], "hasCurrentVersion": ["N/A"], "useConstraints": ["N/A"], "status": ["N/A"], "spatialRepresentationType": ["N/A"], "scope": ["N/A"], "purpose": ["N/A"], "otherLocale": ["N/A"], "metadataProfile": ["N/A"], "metadataLinkage": ["N/A"], "metadataIdentifier": ["N/A"], "environmentDescription": ["N/A"], "contentInfo": ["N/A"], "ResearchInfrastructure": ["LifeWatch"], "EssentialVariables": ["N/A"], "potentialTopics": ["N/A"]}