{"url": ["https://metadatacatalogue.lifewatch.eu:/srv/api/records/oai:marineinfo.org:id:dataset:2463"], "name": ["Polish Monitoring Programme - Monitoring of the Baltic Sea: phytoplankton"], "description": ["Phytoplankton data from Polish Exclusive EconomicZone of the BalticSea collected in frame of the Polish MonitoringProgramme. Data include information on species composition, abundance and biomass (biovolume and C biomass) of phytoplankton communityfor the period of 2002-2012."], "datePublished": ["2021-12-02"], "language": ["en"], "creator": ["\u00c2\u00a0Chief Inspectorate of EnvironmentalProtection "], "metadataProvider": ["\u00c2\u00a0Flanders Marine Institute(VLIZ) BEhttps://www.vliz.be"], "contact": ["\u00c2\u00a0Institute of Meteorology and Water Management; Maritime Branch- Wlodzimierz Krzyminski "], "associatedParty": [" contentProvider\u00c2\u00a0Institute of Meteorology and Water Management; Maritime Branch "], "licenseInformation": [" Intellectual Rights This work is licensed under a Creative Commons Attribution (CC-BY) 4.0 License .\u00c2\u00a0 "], "downloadLink": ["https://metadatacatalogue.lifewatch.eu:/geonetwork/eng/catalog.search#/metadata/oai:marineinfo.org:id:dataset:2463"], "keywords": ["Long-term monitoring Monitoring Phytoplankton"], "geographicCoverage": ["Geographic Description ANE, SouthernBaltic"], "westBoundingCoordinate": ["14.25"], "eastBoundingCoordinate": ["19.70667"], "northBoundingCoordinate": ["55.555"], "southBoundingCoordinate": ["53.67333"], "dateCreated": ["2002-01-01"], "temporalCoverageEndDate": ["2012-01-01"], "license": ["N/A"], "distribution": ["N/A"], "distributionInfo": ["N/A"], "identifier": ["https://metadatacatalogue.lifewatch.eu:/geonetwork/eng/catalog.search#/metadata/oai:marineinfo.org:id:dataset:2463"], "accessibilitySummary": ["N/A"], "version": ["N/A"], "temporalCoverage": ["N/A"], "publisher": ["N/A"], "spatial": ["N/A"], "citation": ["N/A"], "genre": ["N/A"], "modificationDate": ["2021-12-02"], "image": ["N/A"], "thumbnailUrl": ["N/A"], "headline": ["Polish Monitoring Programme - Monitoring of the Baltic Sea: phytoplankton"], "abstract": ["Phytoplankton data from Polish Exclusive EconomicZone of the BalticSea collected in frame of the Polish MonitoringProgramme. Data include information on species composition, abundance and biomass (biovolume and C biomass) of phytoplankton communityfor the period of 2002-2012."], "theme": ["N/A"], "creditText": ["N/A"], "producer": ["\u00c2\u00a0Chief Inspectorate of EnvironmentalProtection "], "author": ["\u00c2\u00a0Chief Inspectorate of EnvironmentalProtection "], "spatialCoverage": [" SouthernBaltic"], "sponsor": ["N/A"], "size": ["N/A"], "sameAs": ["N/A"], "publication": ["N/A"], "provider": ["\u00c2\u00a0Chief Inspectorate of EnvironmentalProtection "], "position": ["N/A"], "measurementTechnique": ["N/A"], "material": ["N/A"], "maintainer": ["N/A"], "locationCreated": ["N/A"], "issn": ["N/A"], "isPartOf": ["N/A"], "isBasedOn": ["N/A"], "isAccessibleForFree": ["N/A"], "includedInDataCatalog": ["N/A"], "editor": ["N/A"], "editEIDR": ["N/A"], "copyrightYear": ["N/A"], "copyrightNotice": ["N/A"], "copyrightHolder": ["N/A"], "contributor": ["N/A"], "contentReferenceTime": ["N/A"], "contentLocation": ["N/A"], "character": ["N/A"], "acquireLicensePage": ["N/A"], "accessModeSufficient": ["N/A"], "about": ["N/A"], "rights": ["N/A"], "relation": ["N/A"], "qualifiedRelation": ["N/A"], "qualifiedAttribution": ["N/A"], "previousVersion": ["N/A"], "nextVersion": ["N/A"], "landingPage": ["N/A"], "isReferencedBy": ["N/A"], "hasVersion": ["N/A"], "hasPolicy": ["N/A"], "hasCurrentVersion": ["N/A"], "useConstraints": ["N/A"], "status": ["N/A"], "spatialRepresentationType": ["N/A"], "scope": ["N/A"], "purpose": ["N/A"], "otherLocale": ["N/A"], "metadataProfile": ["N/A"], "metadataLinkage": ["N/A"], "metadataIdentifier": ["N/A"], "environmentDescription": ["N/A"], "contentInfo": ["N/A"], "ResearchInfrastructure": ["LifeWatch"], "EssentialVariables": ["N/A"], "potentialTopics": ["N/A"]}