{"url": ["https://metadatacatalogue.lifewatch.eu:/srv/api/records/oai:marineinfo.org:id:dataset:1587"], "name": ["Benthic algal vegetation of Borgafj\u00c3\u00b6rdur"], "description": ["The purpose of this study was to followthe gradient of the benthic algal vegetationfrom the head to the mouth of theBorgafj\u00c3\u00b6rdur. Attention was paid to the zonation patterns, algal associations and the species distribution. Thesedata were also compared to thevegetation of other Icelandicfjords."], "datePublished": ["2021-12-02"], "language": ["en"], "creator": ["\u00c2\u00a0Ikva Munda "], "metadataProvider": ["\u00c2\u00a0Flanders Marine Institute(VLIZ) BEhttps://www.vliz.be"], "contact": ["\u00c2\u00a0Ikva Munda "], "associatedParty": [" custodianSteward\u00c2\u00a0Ikva Munda "], "licenseInformation": [" Intellectual Rights This work is licensed under a Creative Commons Attribution NonCommercial (CC-BY-NC) 4.0 License .\u00c2\u00a0 "], "downloadLink": ["https://metadatacatalogue.lifewatch.eu:/srv/eng/catalog.search#/metadata/oai:marineinfo.org:id:dataset:1587"], "keywords": ["Algae Phytobenthos Rocky shores"], "geographicCoverage": ["Geographic Description ANE, Iceland"], "westBoundingCoordinate": ["-22.03333333"], "eastBoundingCoordinate": ["-19.0105"], "northBoundingCoordinate": ["64.929"], "southBoundingCoordinate": ["63.917"], "dateCreated": ["1969-01-01"], "temporalCoverageEndDate": ["1970-01-01"], "license": ["N/A"], "distribution": ["N/A"], "distributionInfo": ["N/A"], "identifier": ["https://metadatacatalogue.lifewatch.eu:/srv/eng/catalog.search#/metadata/oai:marineinfo.org:id:dataset:1587"], "accessibilitySummary": ["N/A"], "version": ["N/A"], "temporalCoverage": ["N/A"], "publisher": ["N/A"], "spatial": ["N/A"], "citation": ["N/A"], "genre": ["N/A"], "modificationDate": ["2021-12-02"], "image": ["N/A"], "thumbnailUrl": ["N/A"], "headline": ["Benthic algal vegetation of Borgafj\u00c3\u00b6rdur"], "abstract": ["The purpose of this study was to followthe gradient of the benthic algal vegetationfrom the head to the mouth of theBorgafj\u00c3\u00b6rdur. Attention was paid to the zonation patterns, algal associations and the species distribution. Thesedata were also compared to thevegetation of other Icelandicfjords."], "theme": ["N/A"], "creditText": ["N/A"], "producer": ["\u00c2\u00a0Ikva Munda "], "author": ["\u00c2\u00a0Ikva Munda "], "spatialCoverage": [" Iceland"], "sponsor": ["N/A"], "size": ["N/A"], "sameAs": ["N/A"], "publication": ["N/A"], "provider": ["\u00c2\u00a0Ikva Munda "], "position": ["N/A"], "measurementTechnique": ["N/A"], "material": ["N/A"], "maintainer": ["N/A"], "locationCreated": ["N/A"], "issn": ["N/A"], "isPartOf": ["N/A"], "isBasedOn": ["N/A"], "isAccessibleForFree": ["N/A"], "includedInDataCatalog": ["N/A"], "editor": ["N/A"], "editEIDR": ["N/A"], "copyrightYear": ["N/A"], "copyrightNotice": ["N/A"], "copyrightHolder": ["N/A"], "contributor": ["N/A"], "contentReferenceTime": ["N/A"], "contentLocation": ["N/A"], "character": ["N/A"], "acquireLicensePage": ["N/A"], "accessModeSufficient": ["N/A"], "about": ["N/A"], "rights": ["N/A"], "relation": ["N/A"], "qualifiedRelation": ["N/A"], "qualifiedAttribution": ["N/A"], "previousVersion": ["N/A"], "nextVersion": ["N/A"], "landingPage": ["N/A"], "isReferencedBy": ["N/A"], "hasVersion": ["N/A"], "hasPolicy": ["N/A"], "hasCurrentVersion": ["N/A"], "useConstraints": ["N/A"], "status": ["N/A"], "spatialRepresentationType": ["N/A"], "scope": ["N/A"], "purpose": ["N/A"], "otherLocale": ["N/A"], "metadataProfile": ["N/A"], "metadataLinkage": ["N/A"], "metadataIdentifier": ["N/A"], "environmentDescription": ["N/A"], "contentInfo": ["N/A"], "ResearchInfrastructure": ["LifeWatch"], "EssentialVariables": ["N/A"], "potentialTopics": ["N/A"]}