{"url": ["https://metadatacatalogue.lifewatch.eu:/geonetwork/api/records/oai:marineinfo.org:id:dataset:505"], "name": ["A comparison of benthic biodiversity in the North Sea, English Channel and Celtic Seas - Epifauna"], "description": ["Comparison dataset of Animalia in the NorthSea, the English Channel and the CelticSea."], "datePublished": ["2005-04-12"], "language": ["en"], "creator": ["\u00c2\u00a0Centre for Environment, Fisheries and Aquaculture Science Burnham Laboratory "], "metadataProvider": ["\u00c2\u00a0Flanders Marine Institute(VLIZ) BEhttps://www.vliz.be"], "contact": ["\u00c2\u00a0Centre for Environment, Fisheries and Aquaculture Science; Burnham Laboratory- Hubert Rees "], "associatedParty": [" custodianSteward\u00c2\u00a0Centre for Environment, Fisheries and Aquaculture Science; Burnham Laboratory- Hubert Rees "], "licenseInformation": [" Intellectual Rights This work is licensed under a Creative Commons Attribution (CC-BY) 4.0 License .\u00c2\u00a0 "], "downloadLink": ["https://metadatacatalogue.lifewatch.eu:/geonetwork/eng/catalog.search#/metadata/oai:marineinfo.org:id:dataset:505"], "keywords": ["Benthic communities Biogeography Epibenthos Macrobenthos"], "geographicCoverage": ["Geographic Description ANE, CelticSea"], "westBoundingCoordinate": ["-7.9858333333333"], "eastBoundingCoordinate": ["8.3875"], "northBoundingCoordinate": ["58.0035"], "southBoundingCoordinate": ["48.4975"], "dateCreated": ["1992-01-01"], "temporalCoverageEndDate": ["1996-01-01"], "license": ["N/A"], "distribution": ["N/A"], "distributionInfo": ["N/A"], "identifier": ["https://metadatacatalogue.lifewatch.eu:/geonetwork/eng/catalog.search#/metadata/oai:marineinfo.org:id:dataset:505"], "accessibilitySummary": ["N/A"], "version": ["N/A"], "temporalCoverage": ["N/A"], "publisher": ["N/A"], "spatial": ["N/A"], "citation": ["N/A"], "genre": ["N/A"], "modificationDate": ["2005-04-12"], "image": ["N/A"], "thumbnailUrl": ["N/A"], "headline": ["A comparison of benthic biodiversity in the North Sea, English Channel and Celtic Seas - Epifauna"], "abstract": ["Comparison dataset of Animalia in the NorthSea, the English Channel and the CelticSea."], "theme": ["N/A"], "creditText": ["N/A"], "producer": ["\u00c2\u00a0Centre for Environment, Fisheries and Aquaculture Science Burnham Laboratory "], "author": ["\u00c2\u00a0Centre for Environment, Fisheries and Aquaculture Science Burnham Laboratory "], "spatialCoverage": [" CelticSea"], "sponsor": ["N/A"], "size": ["N/A"], "sameAs": ["N/A"], "publication": ["N/A"], "provider": ["\u00c2\u00a0Centre for Environment, Fisheries and Aquaculture Science Burnham Laboratory "], "position": ["N/A"], "measurementTechnique": ["N/A"], "material": ["N/A"], "maintainer": ["N/A"], "locationCreated": ["N/A"], "issn": ["N/A"], "isPartOf": ["N/A"], "isBasedOn": ["N/A"], "isAccessibleForFree": ["N/A"], "includedInDataCatalog": ["N/A"], "editor": ["N/A"], "editEIDR": ["N/A"], "copyrightYear": ["N/A"], "copyrightNotice": ["N/A"], "copyrightHolder": ["N/A"], "contributor": ["N/A"], "contentReferenceTime": ["N/A"], "contentLocation": ["N/A"], "character": ["N/A"], "acquireLicensePage": ["N/A"], "accessModeSufficient": ["N/A"], "about": ["N/A"], "rights": ["N/A"], "relation": ["N/A"], "qualifiedRelation": ["N/A"], "qualifiedAttribution": ["N/A"], "previousVersion": ["N/A"], "nextVersion": ["N/A"], "landingPage": ["N/A"], "isReferencedBy": ["N/A"], "hasVersion": ["N/A"], "hasPolicy": ["N/A"], "hasCurrentVersion": ["N/A"], "useConstraints": ["N/A"], "status": ["N/A"], "spatialRepresentationType": ["N/A"], "scope": ["N/A"], "purpose": ["N/A"], "otherLocale": ["N/A"], "metadataProfile": ["N/A"], "metadataLinkage": ["N/A"], "metadataIdentifier": ["N/A"], "environmentDescription": ["N/A"], "contentInfo": ["N/A"], "ResearchInfrastructure": ["LifeWatch"], "EssentialVariables": ["N/A"], "potentialTopics": ["N/A"]}