{"url": ["https://metadatacatalogue.lifewatch.eu:/geonetwork/api/records/oai:marineinfo.org:id:dataset:2885"], "name": ["Benthos from Karkinitsky Gulf (Black Sea)"], "description": ["Abundance and Biomass of soft-bottom benthos from Karkinitsky gulf (North-Western Crimea, The Black Sea, Ukraine)for period within 1980-1989"], "datePublished": ["2021-12-02"], "language": ["en"], "creator": ["\u00c2\u00a0National Academy of Sciences ofUkraine;Institute of Biology of the Southern Seas- Alexei Petrov "], "metadataProvider": ["\u00c2\u00a0Flanders Marine Institute(VLIZ) BEhttps://www.vliz.be"], "contact": ["\u00c2\u00a0National Academy of Sciences ofUkraine;Institute of Biology of the Southern Seas- Alexei Petrov "], "associatedParty": [" custodianSteward\u00c2\u00a0National Academy of Sciences ofUkraine;Institute of Biology of the Southern Seas- Alexei Petrov "], "licenseInformation": [" Intellectual Rights This work is licensed under a Creative Commons Attribution NonCommercial (CC-BY-NC) 4.0 License .\u00c2\u00a0 "], "downloadLink": ["https://metadatacatalogue.lifewatch.eu:/srv/eng/catalog.search#/metadata/oai:marineinfo.org:id:dataset:2885"], "keywords": ["Benthos Biomass"], "geographicCoverage": ["Geographic Description EurOBIS calculated BBOX > station Bounding Box Bounding Box West Bounding Coordinate 32.083333333333 East Bounding Coordinate 33.4 North Bounding Coordinate 46.05 South Bounding Coordinate 45.233333333333"], "westBoundingCoordinate": ["32.083333333333"], "eastBoundingCoordinate": ["33.4"], "northBoundingCoordinate": ["46.05"], "southBoundingCoordinate": ["45.233333333333"], "dateCreated": ["1980-07-01"], "temporalCoverageEndDate": ["1989-10-01"], "license": ["N/A"], "distribution": ["N/A"], "distributionInfo": ["N/A"], "identifier": ["https://metadatacatalogue.lifewatch.eu:/srv/eng/catalog.search#/metadata/oai:marineinfo.org:id:dataset:2885"], "accessibilitySummary": ["N/A"], "version": ["N/A"], "temporalCoverage": ["N/A"], "publisher": ["N/A"], "spatial": ["N/A"], "citation": ["N/A"], "genre": ["N/A"], "modificationDate": ["2021-12-02"], "image": ["N/A"], "thumbnailUrl": ["N/A"], "headline": ["Benthos from Karkinitsky Gulf (Black Sea)"], "abstract": ["Abundance and Biomass of soft-bottom benthos from Karkinitsky gulf (North-Western Crimea, The Black Sea, Ukraine)for period within 1980-1989"], "theme": ["N/A"], "creditText": ["N/A"], "producer": ["\u00c2\u00a0National Academy of Sciences ofUkraine;Institute of Biology of the Southern Seas- Alexei Petrov "], "author": ["\u00c2\u00a0National Academy of Sciences ofUkraine;Institute of Biology of the Southern Seas- Alexei Petrov "], "spatialCoverage": [" calculated BBOX > station Bounding Box Bounding Box West Bounding Coordinate 32.083333333333 East Bounding Coordinate 33.4 North Bounding Coordinate 46.05 South Bounding Coordinate 45.233333333333"], "sponsor": ["N/A"], "size": ["N/A"], "sameAs": ["N/A"], "publication": ["N/A"], "provider": ["\u00c2\u00a0National Academy of Sciences ofUkraine;Institute of Biology of the Southern Seas- Alexei Petrov "], "position": ["N/A"], "measurementTechnique": ["N/A"], "material": ["N/A"], "maintainer": ["N/A"], "locationCreated": ["N/A"], "issn": ["N/A"], "isPartOf": ["N/A"], "isBasedOn": ["N/A"], "isAccessibleForFree": ["N/A"], "includedInDataCatalog": ["N/A"], "editor": ["N/A"], "editEIDR": ["N/A"], "copyrightYear": ["N/A"], "copyrightNotice": ["N/A"], "copyrightHolder": ["N/A"], "contributor": ["N/A"], "contentReferenceTime": ["N/A"], "contentLocation": ["N/A"], "character": ["N/A"], "acquireLicensePage": ["N/A"], "accessModeSufficient": ["N/A"], "about": ["N/A"], "rights": ["N/A"], "relation": ["N/A"], "qualifiedRelation": ["N/A"], "qualifiedAttribution": ["N/A"], "previousVersion": ["N/A"], "nextVersion": ["N/A"], "landingPage": ["N/A"], "isReferencedBy": ["N/A"], "hasVersion": ["N/A"], "hasPolicy": ["N/A"], "hasCurrentVersion": ["N/A"], "useConstraints": ["N/A"], "status": ["N/A"], "spatialRepresentationType": ["N/A"], "scope": ["N/A"], "purpose": ["N/A"], "otherLocale": ["N/A"], "metadataProfile": ["N/A"], "metadataLinkage": ["N/A"], "metadataIdentifier": ["N/A"], "environmentDescription": ["N/A"], "contentInfo": ["N/A"], "ResearchInfrastructure": ["LifeWatch"], "EssentialVariables": ["N/A"], "potentialTopics": ["N/A"]}