{"url": ["https://metadatacatalogue.lifewatch.eu:/geonetwork/api/records/oai:marineinfo.org:id:dataset:4584"], "name": ["The importance of fouling in the port of Ostend in 1964"], "description": ["Overview of the different taxa that cause fouling in the busiest part of theOstend harbour, namely the ferry wharfs.The data were digitized by VLIZ from the original report: Persoone, G. (1965). Sur l'importance du fouling dans le port d'Ostende en 1964. G. Persoone: Gent. 6 pp."], "datePublished": ["2021-12-02"], "language": ["en"], "creator": ["\u00c2\u00a0Universiteit Gent; Faculteit Bio-ingenieurswetenschappen; Vakgroep Toegepaste ecologie en milieubiologie;Laboratorium voor Milieutoxicologie en aquatischeecologie; Onderzoeksgroep voor Milieutoxicologie "], "metadataProvider": ["\u00c2\u00a0Flanders Marine Institute(VLIZ) BEhttps://www.vliz.be"], "contact": ["\u00c2\u00a0Vlaams Instituut voor de Zee BE "], "associatedParty": [" custodianSteward\u00c2\u00a0Vlaams Instituut voor de Zee BE "], "licenseInformation": [" Intellectual Rights This work is licensed under a Creative Commons Attribution (CC-BY) 4.0 License .\u00c2\u00a0 "], "downloadLink": ["https://metadatacatalogue.lifewatch.eu:/geonetwork/eng/catalog.search#/metadata/oai:marineinfo.org:id:dataset:4584"], "keywords": ["Fouling Phytoplankton"], "geographicCoverage": ["Geographic Description ANE, Belgium, BelgianCoast"], "westBoundingCoordinate": ["2.925211"], "eastBoundingCoordinate": ["2.925211"], "northBoundingCoordinate": ["51.23155"], "southBoundingCoordinate": ["51.23155"], "dateCreated": ["1964-06-01"], "temporalCoverageEndDate": ["1964-08-01"], "license": ["N/A"], "distribution": ["N/A"], "distributionInfo": ["N/A"], "identifier": ["https://metadatacatalogue.lifewatch.eu:/geonetwork/eng/catalog.search#/metadata/oai:marineinfo.org:id:dataset:4584"], "accessibilitySummary": ["N/A"], "version": ["N/A"], "temporalCoverage": ["N/A"], "publisher": ["N/A"], "spatial": ["N/A"], "citation": ["N/A"], "genre": ["N/A"], "modificationDate": ["2021-12-02"], "image": ["N/A"], "thumbnailUrl": ["N/A"], "headline": ["The importance of fouling in the port of Ostend in 1964"], "abstract": ["Overview of the different taxa that cause fouling in the busiest part of theOstend harbour, namely the ferry wharfs.The data were digitized by VLIZ from the original report: Persoone, G. (1965). Sur l'importance du fouling dans le port d'Ostende en 1964. G. Persoone: Gent. 6 pp."], "theme": ["N/A"], "creditText": ["N/A"], "producer": ["\u00c2\u00a0Universiteit Gent; Faculteit Bio-ingenieurswetenschappen; Vakgroep Toegepaste ecologie en milieubiologie;Laboratorium voor Milieutoxicologie en aquatischeecologie; Onderzoeksgroep voor Milieutoxicologie "], "author": ["\u00c2\u00a0Universiteit Gent; Faculteit Bio-ingenieurswetenschappen; Vakgroep Toegepaste ecologie en milieubiologie;Laboratorium voor Milieutoxicologie en aquatischeecologie; Onderzoeksgroep voor Milieutoxicologie "], "spatialCoverage": [" Belgium BelgianCoast"], "sponsor": ["N/A"], "size": ["N/A"], "sameAs": ["N/A"], "publication": ["N/A"], "provider": ["\u00c2\u00a0Universiteit Gent; Faculteit Bio-ingenieurswetenschappen; Vakgroep Toegepaste ecologie en milieubiologie;Laboratorium voor Milieutoxicologie en aquatischeecologie; Onderzoeksgroep voor Milieutoxicologie "], "position": ["N/A"], "measurementTechnique": ["N/A"], "material": ["N/A"], "maintainer": ["N/A"], "locationCreated": ["N/A"], "issn": ["N/A"], "isPartOf": ["N/A"], "isBasedOn": ["N/A"], "isAccessibleForFree": ["N/A"], "includedInDataCatalog": ["N/A"], "editor": ["N/A"], "editEIDR": ["N/A"], "copyrightYear": ["N/A"], "copyrightNotice": ["N/A"], "copyrightHolder": ["N/A"], "contributor": ["N/A"], "contentReferenceTime": ["N/A"], "contentLocation": ["N/A"], "character": ["N/A"], "acquireLicensePage": ["N/A"], "accessModeSufficient": ["N/A"], "about": ["N/A"], "rights": ["N/A"], "relation": ["N/A"], "qualifiedRelation": ["N/A"], "qualifiedAttribution": ["N/A"], "previousVersion": ["N/A"], "nextVersion": ["N/A"], "landingPage": ["N/A"], "isReferencedBy": ["N/A"], "hasVersion": ["N/A"], "hasPolicy": ["N/A"], "hasCurrentVersion": ["N/A"], "useConstraints": ["N/A"], "status": ["N/A"], "spatialRepresentationType": ["N/A"], "scope": ["N/A"], "purpose": ["N/A"], "otherLocale": ["N/A"], "metadataProfile": ["N/A"], "metadataLinkage": ["N/A"], "metadataIdentifier": ["N/A"], "environmentDescription": ["N/A"], "contentInfo": ["N/A"], "ResearchInfrastructure": ["LifeWatch"], "EssentialVariables": ["N/A"], "potentialTopics": ["N/A"]}