{"url": ["https://metadatacatalogue.lifewatch.eu:/srv/api/records/oai:marineinfo.org:id:dataset:660"], "name": ["Cefas03 - Impacts of experimental trawling disturbance on nematode communities"], "description": ["Experiment on the short-term effects of beam trawling in the Southern North Sea."], "datePublished": ["2021-12-02"], "language": ["en"], "creator": ["\u00c2\u00a0Centre for Environment,Fisheries and AquacultureScience- Michaela Schratzberger "], "metadataProvider": ["\u00c2\u00a0Flanders Marine Institute(VLIZ) BEhttps://www.vliz.be"], "contact": ["\u00c2\u00a0Centre for Environment,Fisheries and AquacultureScience- Michaela Schratzberger "], "associatedParty": [" contentProvider\u00c2\u00a0Marine Biological Association of theUK GB "], "licenseInformation": [" Intellectual Rights This work is licensed under a Creative Commons Attribution (CC-BY) 4.0 License .\u00c2\u00a0 "], "downloadLink": ["https://metadatacatalogue.lifewatch.eu:/srv/eng/catalog.search#/metadata/oai:marineinfo.org:id:dataset:660"], "keywords": ["Disturbance (ecosystem) Experimental research Meiobenthos Trawling"], "geographicCoverage": ["Geographic Description Central North Sea (subtidal)"], "westBoundingCoordinate": ["3.0691666666667"], "eastBoundingCoordinate": ["3.42"], "northBoundingCoordinate": ["53.9225"], "southBoundingCoordinate": ["53.621111111111"], "dateCreated": ["2000-11-01"], "temporalCoverageEndDate": ["2000-11-01"], "license": ["N/A"], "distribution": ["N/A"], "distributionInfo": ["N/A"], "identifier": ["https://metadatacatalogue.lifewatch.eu:/srv/eng/catalog.search#/metadata/oai:marineinfo.org:id:dataset:660"], "accessibilitySummary": ["N/A"], "version": ["N/A"], "temporalCoverage": ["N/A"], "publisher": ["N/A"], "spatial": ["N/A"], "citation": ["N/A"], "genre": ["N/A"], "modificationDate": ["2021-12-02"], "image": ["N/A"], "thumbnailUrl": ["N/A"], "headline": ["Cefas03 - Impacts of experimental trawling disturbance on nematode communities"], "abstract": ["Experiment on the short-term effects of beam trawling in the Southern North Sea."], "theme": ["N/A"], "creditText": ["N/A"], "producer": ["\u00c2\u00a0Centre for Environment,Fisheries and AquacultureScience- Michaela Schratzberger "], "author": ["\u00c2\u00a0Centre for Environment,Fisheries and AquacultureScience- Michaela Schratzberger "], "spatialCoverage": [" Central North Sea (subtidal)"], "sponsor": ["N/A"], "size": ["N/A"], "sameAs": ["N/A"], "publication": ["N/A"], "provider": ["\u00c2\u00a0Centre for Environment,Fisheries and AquacultureScience- Michaela Schratzberger "], "position": ["N/A"], "measurementTechnique": ["N/A"], "material": ["N/A"], "maintainer": ["N/A"], "locationCreated": ["N/A"], "issn": ["N/A"], "isPartOf": ["N/A"], "isBasedOn": ["N/A"], "isAccessibleForFree": ["N/A"], "includedInDataCatalog": ["N/A"], "editor": ["N/A"], "editEIDR": ["N/A"], "copyrightYear": ["N/A"], "copyrightNotice": ["N/A"], "copyrightHolder": ["N/A"], "contributor": ["N/A"], "contentReferenceTime": ["N/A"], "contentLocation": ["N/A"], "character": ["N/A"], "acquireLicensePage": ["N/A"], "accessModeSufficient": ["N/A"], "about": ["N/A"], "rights": ["N/A"], "relation": ["N/A"], "qualifiedRelation": ["N/A"], "qualifiedAttribution": ["N/A"], "previousVersion": ["N/A"], "nextVersion": ["N/A"], "landingPage": ["N/A"], "isReferencedBy": ["N/A"], "hasVersion": ["N/A"], "hasPolicy": ["N/A"], "hasCurrentVersion": ["N/A"], "useConstraints": ["N/A"], "status": ["N/A"], "spatialRepresentationType": ["N/A"], "scope": ["N/A"], "purpose": ["N/A"], "otherLocale": ["N/A"], "metadataProfile": ["N/A"], "metadataLinkage": ["N/A"], "metadataIdentifier": ["N/A"], "environmentDescription": ["N/A"], "contentInfo": ["N/A"], "ResearchInfrastructure": ["LifeWatch"], "EssentialVariables": ["N/A"], "potentialTopics": ["N/A"]}