{"url": ["https://metadatacatalogue.lifewatch.eu:/geonetwork/api/records/oai:marineinfo.org:id:dataset:145"], "name": ["Long term trends in the macrobenthos of the Belgian Continental Shelf"], "description": ["The global objective of this project is to deliver a substantial contribution to the knowledge of thelong term variabilityin the biodiversity of the macrobenthosand the relationshipwith anthropogenic activities on the Belgian Continental Shelf."], "datePublished": ["2005-03-21"], "language": ["en"], "creator": ["\u00c2\u00a0Onderzoeksdomein Visserij- Hans Hillewaert "], "metadataProvider": ["\u00c2\u00a0Flanders Marine Institute(VLIZ) BEhttps://www.vliz.be"], "contact": ["\u00c2\u00a0Belgian SciencePolicy "], "associatedParty": [" pointOfContact\u00c2\u00a0Onderzoeksdomein Visserij "], "licenseInformation": [" Intellectual Rights This work is licensed under a Creative Commons Attribution (CC-BY) 4.0 License .\u00c2\u00a0 "], "downloadLink": ["https://metadatacatalogue.lifewatch.eu:/srv/eng/catalog.search#/metadata/oai:marineinfo.org:id:dataset:145"], "keywords": ["Benthic communities Biogeography Data Long-term effects Macrobenthos Marine Genomics Taxonomy"], "geographicCoverage": ["Geographic Description Belgian Continental Shelf (BSC)"], "westBoundingCoordinate": ["2.25800145999"], "eastBoundingCoordinate": ["3.31140524736"], "northBoundingCoordinate": ["51.7510700327"], "southBoundingCoordinate": ["51.0982621054"], "dateCreated": ["1976-01-01"], "temporalCoverageEndDate": ["1986-01-01"], "license": ["N/A"], "distribution": ["N/A"], "distributionInfo": ["N/A"], "identifier": ["https://metadatacatalogue.lifewatch.eu:/srv/eng/catalog.search#/metadata/oai:marineinfo.org:id:dataset:145"], "accessibilitySummary": ["N/A"], "version": ["N/A"], "temporalCoverage": ["N/A"], "publisher": ["N/A"], "spatial": ["N/A"], "citation": ["N/A"], "genre": ["N/A"], "modificationDate": ["2005-03-21"], "image": ["N/A"], "thumbnailUrl": ["N/A"], "headline": ["Long term trends in the macrobenthos of the Belgian Continental Shelf"], "abstract": ["The global objective of this project is to deliver a substantial contribution to the knowledge of thelong term variabilityin the biodiversity of the macrobenthosand the relationshipwith anthropogenic activities on the Belgian Continental Shelf."], "theme": ["N/A"], "creditText": ["N/A"], "producer": ["\u00c2\u00a0Onderzoeksdomein Visserij- Hans Hillewaert "], "author": ["\u00c2\u00a0Onderzoeksdomein Visserij- Hans Hillewaert "], "spatialCoverage": [" Belgian Continental Shelf (BSC)"], "sponsor": ["N/A"], "size": ["N/A"], "sameAs": ["N/A"], "publication": ["N/A"], "provider": ["\u00c2\u00a0Onderzoeksdomein Visserij- Hans Hillewaert "], "position": ["N/A"], "measurementTechnique": ["N/A"], "material": ["N/A"], "maintainer": ["N/A"], "locationCreated": ["N/A"], "issn": ["N/A"], "isPartOf": ["N/A"], "isBasedOn": ["N/A"], "isAccessibleForFree": ["N/A"], "includedInDataCatalog": ["N/A"], "editor": ["N/A"], "editEIDR": ["N/A"], "copyrightYear": ["N/A"], "copyrightNotice": ["N/A"], "copyrightHolder": ["N/A"], "contributor": ["N/A"], "contentReferenceTime": ["N/A"], "contentLocation": ["N/A"], "character": ["N/A"], "acquireLicensePage": ["N/A"], "accessModeSufficient": ["N/A"], "about": ["N/A"], "rights": ["N/A"], "relation": ["N/A"], "qualifiedRelation": ["N/A"], "qualifiedAttribution": ["N/A"], "previousVersion": ["N/A"], "nextVersion": ["N/A"], "landingPage": ["N/A"], "isReferencedBy": ["N/A"], "hasVersion": ["N/A"], "hasPolicy": ["N/A"], "hasCurrentVersion": ["N/A"], "useConstraints": ["N/A"], "status": ["N/A"], "spatialRepresentationType": ["N/A"], "scope": ["N/A"], "purpose": ["N/A"], "otherLocale": ["N/A"], "metadataProfile": ["N/A"], "metadataLinkage": ["N/A"], "metadataIdentifier": ["N/A"], "environmentDescription": ["N/A"], "contentInfo": ["N/A"], "ResearchInfrastructure": ["LifeWatch"], "EssentialVariables": ["N/A"], "potentialTopics": ["N/A"]}