{"url": ["https://metadatacatalogue.lifewatch.eu:/geonetwork/api/records/oai:marineinfo.org:id:dataset:5759"], "name": ["Dutch long term monitoring of macrobenthos in the Dutch Continental Economical Zone of the North Sea"], "description": ["Long term measurements of benthos composition in theDutch national part of theNorth Sea. Samples have been taken by benthic sledge, box-corer, video and Hamon sampler. Samples weretaken annually between 1991-2010, in 2012 and in 2015andanalysed to the genus or species level. For video sampling,coverage percentages were measured. The dataset has been used for assessment of themarine environment and habitat quality in the scope of the OSPAR QualityStatus Reports and the MarineStrategy Framework Directive."], "datePublished": ["2021-12-02"], "language": ["en"], "creator": ["\u00c2\u00a0Ministerie van Infrastructuur en Milieu;Rijkswaterstaat "], "metadataProvider": ["\u00c2\u00a0Flanders Marine Institute(VLIZ) BEhttps://www.vliz.be"], "contact": ["\u00c2\u00a0Deltares- Willem Stolte "], "associatedParty": [" pointOfContact\u00c2\u00a0Deltares- Willem Stolte "], "licenseInformation": [" Intellectual Rights To the extent possible underlaw, the publisher has waived all rights to these data and has dedicated them to the Public Domain (CC01.0) . Users may copy, modify,distribute and use the work,including for commercial purposes, without restriction.\u00c2\u00a0 "], "downloadLink": ["https://metadatacatalogue.lifewatch.eu:/srv/eng/catalog.search#/metadata/oai:marineinfo.org:id:dataset:5759"], "keywords": ["Long-term monitoring Marine Strategy FrameworkDirective MSFD"], "geographicCoverage": ["Geographic Description ANE, Netherlands, Dutch Continental Shelf"], "westBoundingCoordinate": ["2.677821"], "eastBoundingCoordinate": ["6.602"], "northBoundingCoordinate": ["55.63345517"], "southBoundingCoordinate": ["51.434"], "dateCreated": ["1991-01-01"], "temporalCoverageEndDate": ["2015-01-01"], "license": ["N/A"], "distribution": ["N/A"], "distributionInfo": ["N/A"], "identifier": ["https://metadatacatalogue.lifewatch.eu:/srv/eng/catalog.search#/metadata/oai:marineinfo.org:id:dataset:5759"], "accessibilitySummary": ["N/A"], "version": ["N/A"], "temporalCoverage": ["N/A"], "publisher": ["N/A"], "spatial": ["N/A"], "citation": ["N/A"], "genre": ["N/A"], "modificationDate": ["2021-12-02"], "image": ["N/A"], "thumbnailUrl": ["N/A"], "headline": ["Dutch long term monitoring of macrobenthos in the Dutch Continental Economical Zone of the North Sea"], "abstract": ["Long term measurements of benthos composition in theDutch national part of theNorth Sea. Samples have been taken by benthic sledge, box-corer, video and Hamon sampler. Samples weretaken annually between 1991-2010, in 2012 and in 2015andanalysed to the genus or species level. For video sampling,coverage percentages were measured. The dataset has been used for assessment of themarine environment and habitat quality in the scope of the OSPAR QualityStatus Reports and the MarineStrategy Framework Directive."], "theme": ["N/A"], "creditText": ["N/A"], "producer": ["\u00c2\u00a0Ministerie van Infrastructuur en Milieu;Rijkswaterstaat "], "author": ["\u00c2\u00a0Ministerie van Infrastructuur en Milieu;Rijkswaterstaat "], "spatialCoverage": [" Netherlands Dutch Continental Shelf"], "sponsor": ["N/A"], "size": ["N/A"], "sameAs": ["N/A"], "publication": ["N/A"], "provider": ["\u00c2\u00a0Ministerie van Infrastructuur en Milieu;Rijkswaterstaat "], "position": ["N/A"], "measurementTechnique": ["N/A"], "material": ["N/A"], "maintainer": ["N/A"], "locationCreated": ["N/A"], "issn": ["N/A"], "isPartOf": ["N/A"], "isBasedOn": ["N/A"], "isAccessibleForFree": ["N/A"], "includedInDataCatalog": ["N/A"], "editor": ["N/A"], "editEIDR": ["N/A"], "copyrightYear": ["N/A"], "copyrightNotice": ["N/A"], "copyrightHolder": ["N/A"], "contributor": ["N/A"], "contentReferenceTime": ["N/A"], "contentLocation": ["N/A"], "character": ["N/A"], "acquireLicensePage": ["N/A"], "accessModeSufficient": ["N/A"], "about": ["N/A"], "rights": ["N/A"], "relation": ["N/A"], "qualifiedRelation": ["N/A"], "qualifiedAttribution": ["N/A"], "previousVersion": ["N/A"], "nextVersion": ["N/A"], "landingPage": ["N/A"], "isReferencedBy": ["N/A"], "hasVersion": ["N/A"], "hasPolicy": ["N/A"], "hasCurrentVersion": ["N/A"], "useConstraints": ["N/A"], "status": ["N/A"], "spatialRepresentationType": ["N/A"], "scope": ["N/A"], "purpose": ["N/A"], "otherLocale": ["N/A"], "metadataProfile": ["N/A"], "metadataLinkage": ["N/A"], "metadataIdentifier": ["N/A"], "environmentDescription": ["N/A"], "contentInfo": ["N/A"], "ResearchInfrastructure": ["LifeWatch"], "EssentialVariables": ["N/A"], "potentialTopics": ["N/A"]}