{"url": ["https://metadatacatalogue.lifewatch.eu:/srv/api/records/oai:marineinfo.org:id:dataset:5610"], "name": ["Trawl-survey data from the Pipeta Expedition in the Adriatic Sea (Mediterranean) collected in 1982"], "description": ["The \u00e2\u0080\u009cPipeta programme\u00e2\u0080\u009d (named after the Italian commercialtrawler used; 300 HP; LOA = 26 m) was started in 1982 by theLaboratory of Marine Biology and Fisheries (LMBF, Italy) andtheInstitute of Oceanography and Fisheries (IOF, Croatia). The expedition was afishery-independent trawl-survey of the demersal communities using a bottom otter-trawl net (wing mesh-size: 55 mm; cod-endmesh-size: 22 mm; foot-rope length: 41 m; head-rope length: 32 m). The survey was successively called GRUND programmeand ended in 2007."], "datePublished": ["2021-12-02"], "language": ["en"], "creator": ["\u00c2\u00a0Italian National Institute for EnvironmentalProtection and Research; Branch office Chioggia "], "metadataProvider": ["\u00c2\u00a0Flanders Marine Institute(VLIZ) BEhttps://www.vliz.be"], "contact": ["\u00c2\u00a0Italian National Institute for EnvironmentalProtection and Research; Branch office Chioggia- Tomaso Fortibuoni "], "associatedParty": [" pointOfContact\u00c2\u00a0Italian National Institute for EnvironmentalProtection and Research; Branch office Chioggia- Otello Giovanardi "], "licenseInformation": [" Intellectual Rights This work is licensed under a Creative Commons Attribution (CC-BY) 4.0 License .\u00c2\u00a0 "], "downloadLink": ["https://metadatacatalogue.lifewatch.eu:/srv/eng/catalog.search#/metadata/oai:marineinfo.org:id:dataset:5610"], "keywords": ["Demersal trawl Historical records Marine HistoricalEcology"], "geographicCoverage": ["Geographic Description EurOBIS calculated BBOX > station Bounding Box Bounding Box West Bounding Coordinate 12.34 East Bounding Coordinate 17 North Bounding Coordinate 45.49 South Bounding Coordinate 41.9"], "westBoundingCoordinate": ["12.34"], "eastBoundingCoordinate": ["17"], "northBoundingCoordinate": ["45.49"], "southBoundingCoordinate": ["41.9"], "dateCreated": ["1982-05-03"], "temporalCoverageEndDate": ["1982-12-16"], "license": ["N/A"], "distribution": ["N/A"], "distributionInfo": ["N/A"], "identifier": ["https://metadatacatalogue.lifewatch.eu:/srv/eng/catalog.search#/metadata/oai:marineinfo.org:id:dataset:5610"], "accessibilitySummary": ["N/A"], "version": ["N/A"], "temporalCoverage": ["N/A"], "publisher": ["N/A"], "spatial": ["N/A"], "citation": ["N/A"], "genre": ["N/A"], "modificationDate": ["2021-12-02"], "image": ["N/A"], "thumbnailUrl": ["N/A"], "headline": ["Trawl-survey data from the Pipeta Expedition in the Adriatic Sea (Mediterranean) collected in 1982"], "abstract": ["The \u00e2\u0080\u009cPipeta programme\u00e2\u0080\u009d (named after the Italian commercialtrawler used; 300 HP; LOA = 26 m) was started in 1982 by theLaboratory of Marine Biology and Fisheries (LMBF, Italy) andtheInstitute of Oceanography and Fisheries (IOF, Croatia). The expedition was afishery-independent trawl-survey of the demersal communities using a bottom otter-trawl net (wing mesh-size: 55 mm; cod-endmesh-size: 22 mm; foot-rope length: 41 m; head-rope length: 32 m). The survey was successively called GRUND programmeand ended in 2007."], "theme": ["N/A"], "creditText": ["N/A"], "producer": ["\u00c2\u00a0Italian National Institute for EnvironmentalProtection and Research; Branch office Chioggia "], "author": ["\u00c2\u00a0Italian National Institute for EnvironmentalProtection and Research; Branch office Chioggia "], "spatialCoverage": [" calculated BBOX > station Bounding Box Bounding Box West Bounding Coordinate 12.34 East Bounding Coordinate 17 North Bounding Coordinate 45.49 South Bounding Coordinate 41.9"], "sponsor": ["N/A"], "size": ["N/A"], "sameAs": ["N/A"], "publication": ["N/A"], "provider": ["\u00c2\u00a0Italian National Institute for EnvironmentalProtection and Research; Branch office Chioggia "], "position": ["N/A"], "measurementTechnique": ["N/A"], "material": ["N/A"], "maintainer": ["N/A"], "locationCreated": ["N/A"], "issn": ["N/A"], "isPartOf": ["N/A"], "isBasedOn": ["N/A"], "isAccessibleForFree": ["N/A"], "includedInDataCatalog": ["N/A"], "editor": ["N/A"], "editEIDR": ["N/A"], "copyrightYear": ["N/A"], "copyrightNotice": ["N/A"], "copyrightHolder": ["N/A"], "contributor": ["N/A"], "contentReferenceTime": ["N/A"], "contentLocation": ["N/A"], "character": ["N/A"], "acquireLicensePage": ["N/A"], "accessModeSufficient": ["N/A"], "about": ["N/A"], "rights": ["N/A"], "relation": ["N/A"], "qualifiedRelation": ["N/A"], "qualifiedAttribution": ["N/A"], "previousVersion": ["N/A"], "nextVersion": ["N/A"], "landingPage": ["N/A"], "isReferencedBy": ["N/A"], "hasVersion": ["N/A"], "hasPolicy": ["N/A"], "hasCurrentVersion": ["N/A"], "useConstraints": ["N/A"], "status": ["N/A"], "spatialRepresentationType": ["N/A"], "scope": ["N/A"], "purpose": ["N/A"], "otherLocale": ["N/A"], "metadataProfile": ["N/A"], "metadataLinkage": ["N/A"], "metadataIdentifier": ["N/A"], "environmentDescription": ["N/A"], "contentInfo": ["N/A"], "ResearchInfrastructure": ["LifeWatch"], "EssentialVariables": ["N/A"], "potentialTopics": ["N/A"]}