{"url": ["https://metadatacatalogue.lifewatch.eu:/srv/api/records/oai:marineinfo.org:id:dataset:5430"], "name": ["Study of epibenthos and demersal fish in and around the dredging areas of the Belgian Continental Shelf (1977-1981)"], "description": ["Presence, density and biomass data for ichtyofauna and epibenthos sampled in andaround the dredging areas between 1977 and 1981.The data were digitized by VLIZ fromthe original report: Maertens, D. (1984). Analyse van delevensgemeenschappen op het Belgisch Kontinentaal Plat: studie vandeepibenthalebiocoenoses en van de demersale Pisces in en rondom de baggerzones. Mededelingen van het Rijksstation voor Zeevisserij (CLO Gent), 201. CLO Gent: Gent.45, + annexespp."], "datePublished": ["2021-12-02"], "language": ["en"], "creator": ["\u00c2\u00a0Centrum voor LandbouwkundigOnderzoek "], "metadataProvider": ["\u00c2\u00a0Flanders Marine Institute(VLIZ) BEhttps://www.vliz.be"], "contact": ["\u00c2\u00a0Vlaams Instituut voor de Zee BE "], "associatedParty": [" custodianSteward\u00c2\u00a0Vlaams Instituut voor de Zee BE "], "licenseInformation": [" Intellectual Rights This work is licensed under a Creative Commons Attribution (CC-BY) 4.0 License .\u00c2\u00a0 "], "downloadLink": ["https://metadatacatalogue.lifewatch.eu:/geonetwork/eng/catalog.search#/metadata/oai:marineinfo.org:id:dataset:5430"], "keywords": ["Abiotic factors Demersal fishes Dredging Dredging wastes Ecological monitoring Epibenthos"], "geographicCoverage": ["Geographic Description ANE, Belgium, Belgian Continental Shelf (BCS)"], "westBoundingCoordinate": ["2.7775"], "eastBoundingCoordinate": ["3.2202778"], "northBoundingCoordinate": ["51.4711111"], "southBoundingCoordinate": ["51.2361111"], "dateCreated": ["1977-02-14"], "temporalCoverageEndDate": ["1981-11-09"], "license": ["N/A"], "distribution": ["N/A"], "distributionInfo": ["N/A"], "identifier": ["https://metadatacatalogue.lifewatch.eu:/geonetwork/eng/catalog.search#/metadata/oai:marineinfo.org:id:dataset:5430"], "accessibilitySummary": ["N/A"], "version": ["N/A"], "temporalCoverage": ["N/A"], "publisher": ["N/A"], "spatial": ["N/A"], "citation": ["N/A"], "genre": ["N/A"], "modificationDate": ["2021-12-02"], "image": ["N/A"], "thumbnailUrl": ["N/A"], "headline": ["Study of epibenthos and demersal fish in and around the dredging areas of the Belgian Continental Shelf (1977-1981)"], "abstract": ["Presence, density and biomass data for ichtyofauna and epibenthos sampled in andaround the dredging areas between 1977 and 1981.The data were digitized by VLIZ fromthe original report: Maertens, D. (1984). Analyse van delevensgemeenschappen op het Belgisch Kontinentaal Plat: studie vandeepibenthalebiocoenoses en van de demersale Pisces in en rondom de baggerzones. Mededelingen van het Rijksstation voor Zeevisserij (CLO Gent), 201. CLO Gent: Gent.45, + annexespp."], "theme": ["N/A"], "creditText": ["N/A"], "producer": ["\u00c2\u00a0Centrum voor LandbouwkundigOnderzoek "], "author": ["\u00c2\u00a0Centrum voor LandbouwkundigOnderzoek "], "spatialCoverage": [" Belgium Belgian Continental Shelf (BCS)"], "sponsor": ["N/A"], "size": ["N/A"], "sameAs": ["N/A"], "publication": ["N/A"], "provider": ["\u00c2\u00a0Centrum voor LandbouwkundigOnderzoek "], "position": ["N/A"], "measurementTechnique": ["N/A"], "material": ["N/A"], "maintainer": ["N/A"], "locationCreated": ["N/A"], "issn": ["N/A"], "isPartOf": ["N/A"], "isBasedOn": ["N/A"], "isAccessibleForFree": ["N/A"], "includedInDataCatalog": ["N/A"], "editor": ["N/A"], "editEIDR": ["N/A"], "copyrightYear": ["N/A"], "copyrightNotice": ["N/A"], "copyrightHolder": ["N/A"], "contributor": ["N/A"], "contentReferenceTime": ["N/A"], "contentLocation": ["N/A"], "character": ["N/A"], "acquireLicensePage": ["N/A"], "accessModeSufficient": ["N/A"], "about": ["N/A"], "rights": ["N/A"], "relation": ["N/A"], "qualifiedRelation": ["N/A"], "qualifiedAttribution": ["N/A"], "previousVersion": ["N/A"], "nextVersion": ["N/A"], "landingPage": ["N/A"], "isReferencedBy": ["N/A"], "hasVersion": ["N/A"], "hasPolicy": ["N/A"], "hasCurrentVersion": ["N/A"], "useConstraints": ["N/A"], "status": ["N/A"], "spatialRepresentationType": ["N/A"], "scope": ["N/A"], "purpose": ["N/A"], "otherLocale": ["N/A"], "metadataProfile": ["N/A"], "metadataLinkage": ["N/A"], "metadataIdentifier": ["N/A"], "environmentDescription": ["N/A"], "contentInfo": ["N/A"], "ResearchInfrastructure": ["LifeWatch"], "EssentialVariables": ["N/A"], "potentialTopics": ["N/A"]}