{"url": ["https://metadatacatalogue.lifewatch.eu:/srv/api/records/oai:marineinfo.org:id:dataset:4358"], "name": ["Phytoplankton data collected during cruise 25 of R/V Skif (January 1990) in the Indian sector of the Southern Ocean"], "description": ["Dataset includes phytoplankton data collected duringcruise 25 of R/V Skif(January 1990) in the Indian sectorof the SouthernOcean."], "datePublished": ["2021-12-02"], "language": ["en"], "creator": ["\u00c2\u00a0Ukrainian scientific center of Ecology of Sea- Yulia Bryantseva "], "metadataProvider": ["\u00c2\u00a0Flanders Marine Institute(VLIZ) BEhttps://www.vliz.be"], "contact": ["\u00c2\u00a0National Academy of Sciences ofUkraine;Institute of Biology of the Southern Seas- Oleksandra Sergeyeva "], "associatedParty": [" custodianSteward\u00c2\u00a0National Academy of Sciences ofUkraine;Institute of Biology of the Southern Seas- Oleksandra Sergeyeva "], "licenseInformation": [" Intellectual Rights This work is licensed under a Creative Commons Attribution (CC-BY) 4.0 License .\u00c2\u00a0 "], "downloadLink": ["https://metadatacatalogue.lifewatch.eu:/srv/eng/catalog.search#/metadata/oai:marineinfo.org:id:dataset:4358"], "keywords": ["N/A"], "geographicCoverage": ["Geographic Description EurOBIS calculated BBOX > station Bounding Box Bounding Box West Bounding Coordinate 75 East Bounding Coordinate 75 North Bounding Coordinate -64.5 South Bounding Coordinate -68"], "westBoundingCoordinate": ["75"], "eastBoundingCoordinate": ["75"], "northBoundingCoordinate": ["-64.5"], "southBoundingCoordinate": ["-68"], "dateCreated": ["1990-01-27"], "temporalCoverageEndDate": ["1990-01-29"], "license": ["N/A"], "distribution": ["N/A"], "distributionInfo": ["N/A"], "identifier": ["https://metadatacatalogue.lifewatch.eu:/srv/eng/catalog.search#/metadata/oai:marineinfo.org:id:dataset:4358"], "accessibilitySummary": ["N/A"], "version": ["N/A"], "temporalCoverage": ["N/A"], "publisher": ["N/A"], "spatial": ["N/A"], "citation": ["N/A"], "genre": ["N/A"], "modificationDate": ["2021-12-02"], "image": ["N/A"], "thumbnailUrl": ["N/A"], "headline": ["Phytoplankton data collected during cruise 25 of R/V Skif (January 1990) in the Indian sector of the Southern Ocean"], "abstract": ["Dataset includes phytoplankton data collected duringcruise 25 of R/V Skif(January 1990) in the Indian sectorof the SouthernOcean."], "theme": ["N/A"], "creditText": ["N/A"], "producer": ["\u00c2\u00a0Ukrainian scientific center of Ecology of Sea- Yulia Bryantseva "], "author": ["\u00c2\u00a0Ukrainian scientific center of Ecology of Sea- Yulia Bryantseva "], "spatialCoverage": [" calculated BBOX > station Bounding Box Bounding Box West Bounding Coordinate 75 East Bounding Coordinate 75 North Bounding Coordinate -64.5 South Bounding Coordinate -68"], "sponsor": ["N/A"], "size": ["N/A"], "sameAs": ["N/A"], "publication": ["N/A"], "provider": ["\u00c2\u00a0Ukrainian scientific center of Ecology of Sea- Yulia Bryantseva "], "position": ["N/A"], "measurementTechnique": ["N/A"], "material": ["N/A"], "maintainer": ["N/A"], "locationCreated": ["N/A"], "issn": ["N/A"], "isPartOf": ["N/A"], "isBasedOn": ["N/A"], "isAccessibleForFree": ["N/A"], "includedInDataCatalog": ["N/A"], "editor": ["N/A"], "editEIDR": ["N/A"], "copyrightYear": ["N/A"], "copyrightNotice": ["N/A"], "copyrightHolder": ["N/A"], "contributor": ["N/A"], "contentReferenceTime": ["N/A"], "contentLocation": ["N/A"], "character": ["N/A"], "acquireLicensePage": ["N/A"], "accessModeSufficient": ["N/A"], "about": ["N/A"], "rights": ["N/A"], "relation": ["N/A"], "qualifiedRelation": ["N/A"], "qualifiedAttribution": ["N/A"], "previousVersion": ["N/A"], "nextVersion": ["N/A"], "landingPage": ["N/A"], "isReferencedBy": ["N/A"], "hasVersion": ["N/A"], "hasPolicy": ["N/A"], "hasCurrentVersion": ["N/A"], "useConstraints": ["N/A"], "status": ["N/A"], "spatialRepresentationType": ["N/A"], "scope": ["N/A"], "purpose": ["N/A"], "otherLocale": ["N/A"], "metadataProfile": ["N/A"], "metadataLinkage": ["N/A"], "metadataIdentifier": ["N/A"], "environmentDescription": ["N/A"], "contentInfo": ["N/A"], "ResearchInfrastructure": ["LifeWatch"], "EssentialVariables": ["N/A"], "potentialTopics": ["N/A"]}