{"url": ["https://metadatacatalogue.lifewatch.eu:/srv/api/records/oai:marineinfo.org:id:dataset:5521"], "name": ["The Fishery Grounds near Alexandria.VII.Decapoda.By Heinrich Balss.(1936).Notes and memoirs No. 15"], "description": ["This is a historical dataset that was published in 1936 byH. Balss and concerns of the faunistic report on the Decapoda collected during the floristical and faunisticalsurvey of Adolf Steuer on the coasts near Alexandria mainlywith the vessel \u00e2\u0080\u009cElHoot\u00e2\u0080\u009d."], "datePublished": ["2021-12-02"], "language": ["en"], "creator": ["\u00c2\u00a0Hellenic Centre for MarineResearch- Aglaia Legaki "], "metadataProvider": ["\u00c2\u00a0Flanders Marine Institute(VLIZ) BEhttps://www.vliz.be"], "contact": ["\u00c2\u00a0Hellenic Centre for MarineResearch- Aglaia Legaki "], "associatedParty": ["N/A"], "licenseInformation": [" Intellectual Rights To the extent possible underlaw, the publisher has waived all rights to these data and has dedicated them to the Public Domain (CC01.0) . Users may copy, modify,distribute and use the work,including for commercial purposes, without restriction.\u00c2\u00a0 "], "downloadLink": ["https://metadatacatalogue.lifewatch.eu:/srv/eng/catalog.search#/metadata/oai:marineinfo.org:id:dataset:5521"], "keywords": ["Data Historical records Marine Genomics"], "geographicCoverage": ["Geographic Description MED, Egypt, Arab Rep.,Alexandria Bounding Box West Bounding Coordinate 29.659 East Bounding Coordinate 30.426 North Bounding Coordinate 31.473 South Bounding Coordinate 31.054"], "westBoundingCoordinate": ["29.659"], "eastBoundingCoordinate": ["30.426"], "northBoundingCoordinate": ["31.473"], "southBoundingCoordinate": ["31.054"], "dateCreated": ["1933-09-03"], "temporalCoverageEndDate": ["1933-11-18"], "license": ["N/A"], "distribution": ["N/A"], "distributionInfo": ["N/A"], "identifier": ["https://metadatacatalogue.lifewatch.eu:/srv/eng/catalog.search#/metadata/oai:marineinfo.org:id:dataset:5521"], "accessibilitySummary": ["N/A"], "version": ["N/A"], "temporalCoverage": ["N/A"], "publisher": ["N/A"], "spatial": ["N/A"], "citation": ["N/A"], "genre": ["N/A"], "modificationDate": ["2021-12-02"], "image": ["N/A"], "thumbnailUrl": ["N/A"], "headline": ["The Fishery Grounds near Alexandria.VII.Decapoda.By Heinrich Balss.(1936).Notes and memoirs No. 15"], "abstract": ["This is a historical dataset that was published in 1936 byH. Balss and concerns of the faunistic report on the Decapoda collected during the floristical and faunisticalsurvey of Adolf Steuer on the coasts near Alexandria mainlywith the vessel \u00e2\u0080\u009cElHoot\u00e2\u0080\u009d."], "theme": ["N/A"], "creditText": ["N/A"], "producer": ["\u00c2\u00a0Hellenic Centre for MarineResearch- Aglaia Legaki "], "author": ["\u00c2\u00a0Hellenic Centre for MarineResearch- Aglaia Legaki "], "spatialCoverage": [" Egypt Arab Rep.Alexandria Bounding Box West Bounding Coordinate 29.659 East Bounding Coordinate 30.426 North Bounding Coordinate 31.473 South Bounding Coordinate 31.054"], "sponsor": ["N/A"], "size": ["N/A"], "sameAs": ["N/A"], "publication": ["N/A"], "provider": ["\u00c2\u00a0Hellenic Centre for MarineResearch- Aglaia Legaki "], "position": ["N/A"], "measurementTechnique": ["N/A"], "material": ["N/A"], "maintainer": ["N/A"], "locationCreated": ["N/A"], "issn": ["N/A"], "isPartOf": ["N/A"], "isBasedOn": ["N/A"], "isAccessibleForFree": ["N/A"], "includedInDataCatalog": ["N/A"], "editor": ["N/A"], "editEIDR": ["N/A"], "copyrightYear": ["N/A"], "copyrightNotice": ["N/A"], "copyrightHolder": ["N/A"], "contributor": ["N/A"], "contentReferenceTime": ["N/A"], "contentLocation": ["N/A"], "character": ["N/A"], "acquireLicensePage": ["N/A"], "accessModeSufficient": ["N/A"], "about": ["N/A"], "rights": ["N/A"], "relation": ["N/A"], "qualifiedRelation": ["N/A"], "qualifiedAttribution": ["N/A"], "previousVersion": ["N/A"], "nextVersion": ["N/A"], "landingPage": ["N/A"], "isReferencedBy": ["N/A"], "hasVersion": ["N/A"], "hasPolicy": ["N/A"], "hasCurrentVersion": ["N/A"], "useConstraints": ["N/A"], "status": ["N/A"], "spatialRepresentationType": ["N/A"], "scope": ["N/A"], "purpose": ["N/A"], "otherLocale": ["N/A"], "metadataProfile": ["N/A"], "metadataLinkage": ["N/A"], "metadataIdentifier": ["N/A"], "environmentDescription": ["N/A"], "contentInfo": ["N/A"], "ResearchInfrastructure": ["LifeWatch"], "EssentialVariables": ["N/A"], "potentialTopics": ["N/A"]}