{"url": ["https://metadatacatalogue.lifewatch.eu:/srv/api/records/oai:marineinfo.org:id:dataset:859"], "name": ["Harpacticoida species and meiofauna major taxa from Hooksiel"], "description": ["A quantitative small-scale snap-shot investigation on an intertidal sandflat in Jade Bay (NorthSea) was conducted."], "datePublished": ["2021-12-02"], "language": ["en"], "creator": ["\u00c2\u00a0Senckenberg am Meer GermanCentre for Marine Biodiversity Research DE "], "metadataProvider": ["\u00c2\u00a0Flanders Marine Institute(VLIZ) BEhttps://www.vliz.be"], "contact": ["\u00c2\u00a0Senckenberg am Meer; German Centre for Marine Biodiversity Research- Armin Rose "], "associatedParty": [" custodianSteward\u00c2\u00a0Senckenberg am Meer; German Centre for Marine Biodiversity Research- Armin Rose "], "licenseInformation": [" Intellectual Rights This work is licensed under a Creative Commons Attribution (CC-BY) 4.0 License .\u00c2\u00a0 "], "downloadLink": ["https://metadatacatalogue.lifewatch.eu:/srv/eng/catalog.search#/metadata/oai:marineinfo.org:id:dataset:859"], "keywords": ["Meiobenthos Meiofauna Spatial distribution Species diversity"], "geographicCoverage": ["Geographic Description ANE, Netherlands, Dutch Coast"], "westBoundingCoordinate": ["8.0693"], "eastBoundingCoordinate": ["8.0693"], "northBoundingCoordinate": ["53.64669"], "southBoundingCoordinate": ["53.64669"], "dateCreated": ["2004-03-31"], "temporalCoverageEndDate": ["2004-03-31"], "license": ["N/A"], "distribution": ["N/A"], "distributionInfo": ["N/A"], "identifier": ["https://metadatacatalogue.lifewatch.eu:/srv/eng/catalog.search#/metadata/oai:marineinfo.org:id:dataset:859"], "accessibilitySummary": ["N/A"], "version": ["N/A"], "temporalCoverage": ["N/A"], "publisher": ["N/A"], "spatial": ["N/A"], "citation": ["N/A"], "genre": ["N/A"], "modificationDate": ["2021-12-02"], "image": ["N/A"], "thumbnailUrl": ["N/A"], "headline": ["Harpacticoida species and meiofauna major taxa from Hooksiel"], "abstract": ["A quantitative small-scale snap-shot investigation on an intertidal sandflat in Jade Bay (NorthSea) was conducted."], "theme": ["N/A"], "creditText": ["N/A"], "producer": ["\u00c2\u00a0Senckenberg am Meer GermanCentre for Marine Biodiversity Research DE "], "author": ["\u00c2\u00a0Senckenberg am Meer GermanCentre for Marine Biodiversity Research DE "], "spatialCoverage": [" Netherlands Dutch Coast"], "sponsor": ["N/A"], "size": ["N/A"], "sameAs": ["N/A"], "publication": ["N/A"], "provider": ["\u00c2\u00a0Senckenberg am Meer GermanCentre for Marine Biodiversity Research DE "], "position": ["N/A"], "measurementTechnique": ["N/A"], "material": ["N/A"], "maintainer": ["N/A"], "locationCreated": ["N/A"], "issn": ["N/A"], "isPartOf": ["N/A"], "isBasedOn": ["N/A"], "isAccessibleForFree": ["N/A"], "includedInDataCatalog": ["N/A"], "editor": ["N/A"], "editEIDR": ["N/A"], "copyrightYear": ["N/A"], "copyrightNotice": ["N/A"], "copyrightHolder": ["N/A"], "contributor": ["N/A"], "contentReferenceTime": ["N/A"], "contentLocation": ["N/A"], "character": ["N/A"], "acquireLicensePage": ["N/A"], "accessModeSufficient": ["N/A"], "about": ["N/A"], "rights": ["N/A"], "relation": ["N/A"], "qualifiedRelation": ["N/A"], "qualifiedAttribution": ["N/A"], "previousVersion": ["N/A"], "nextVersion": ["N/A"], "landingPage": ["N/A"], "isReferencedBy": ["N/A"], "hasVersion": ["N/A"], "hasPolicy": ["N/A"], "hasCurrentVersion": ["N/A"], "useConstraints": ["N/A"], "status": ["N/A"], "spatialRepresentationType": ["N/A"], "scope": ["N/A"], "purpose": ["N/A"], "otherLocale": ["N/A"], "metadataProfile": ["N/A"], "metadataLinkage": ["N/A"], "metadataIdentifier": ["N/A"], "environmentDescription": ["N/A"], "contentInfo": ["N/A"], "ResearchInfrastructure": ["LifeWatch"], "EssentialVariables": ["N/A"], "potentialTopics": ["N/A"]}