{"url": ["https://metadatacatalogue.lifewatch.eu:/srv/api/records/oai:marineinfo.org:id:dataset:461"], "name": ["Benthic fauna in the Pechora Sea"], "description": ["Benthic fauna in the Pechora Sea was mapped in July 1992 by Akvaplan-niva"], "datePublished": ["2004-09-10"], "language": ["en"], "creator": ["\u00c2\u00a0Akvaplan-niva; BiodiversityGroup- Sabine Cochrane "], "metadataProvider": ["\u00c2\u00a0Flanders Marine Institute(VLIZ) BEhttps://www.vliz.be"], "contact": ["\u00c2\u00a0Akvaplan-niva; BiodiversityGroup- Sabine Cochrane "], "associatedParty": [" contentProvider\u00c2\u00a0Polar Environmental CentreAkvaplan-niva NO "], "licenseInformation": [" Intellectual Rights This work is licensed under a Creative Commons Attribution (CC-BY) 4.0 License .\u00c2\u00a0 "], "downloadLink": ["https://metadatacatalogue.lifewatch.eu:/srv/eng/catalog.search#/metadata/oai:marineinfo.org:id:dataset:461"], "keywords": ["Benthic fauna Benthos Macrobenthos"], "geographicCoverage": ["Geographic Description EurOBIS calculated BBOX > station Bounding Box Bounding Box West Bounding Coordinate 49.98433333 East Bounding Coordinate 58.943 North Bounding Coordinate 70.70733333 South Bounding Coordinate 68.57"], "westBoundingCoordinate": ["49.98433333"], "eastBoundingCoordinate": ["58.943"], "northBoundingCoordinate": ["70.70733333"], "southBoundingCoordinate": ["68.57"], "dateCreated": ["1992-07-01"], "temporalCoverageEndDate": ["1992-07-01"], "license": ["N/A"], "distribution": ["N/A"], "distributionInfo": ["N/A"], "identifier": ["https://metadatacatalogue.lifewatch.eu:/srv/eng/catalog.search#/metadata/oai:marineinfo.org:id:dataset:461"], "accessibilitySummary": ["N/A"], "version": ["N/A"], "temporalCoverage": ["N/A"], "publisher": ["N/A"], "spatial": ["N/A"], "citation": ["N/A"], "genre": ["N/A"], "modificationDate": ["2004-09-10"], "image": ["N/A"], "thumbnailUrl": ["N/A"], "headline": ["Benthic fauna in the Pechora Sea"], "abstract": ["Benthic fauna in the Pechora Sea was mapped in July 1992 by Akvaplan-niva"], "theme": ["N/A"], "creditText": ["N/A"], "producer": ["\u00c2\u00a0Akvaplan-niva; BiodiversityGroup- Sabine Cochrane "], "author": ["\u00c2\u00a0Akvaplan-niva; BiodiversityGroup- Sabine Cochrane "], "spatialCoverage": [" calculated BBOX > station Bounding Box Bounding Box West Bounding Coordinate 49.98433333 East Bounding Coordinate 58.943 North Bounding Coordinate 70.70733333 South Bounding Coordinate 68.57"], "sponsor": ["N/A"], "size": ["N/A"], "sameAs": ["N/A"], "publication": ["N/A"], "provider": ["\u00c2\u00a0Akvaplan-niva; BiodiversityGroup- Sabine Cochrane "], "position": ["N/A"], "measurementTechnique": ["N/A"], "material": ["N/A"], "maintainer": ["N/A"], "locationCreated": ["N/A"], "issn": ["N/A"], "isPartOf": ["N/A"], "isBasedOn": ["N/A"], "isAccessibleForFree": ["N/A"], "includedInDataCatalog": ["N/A"], "editor": ["N/A"], "editEIDR": ["N/A"], "copyrightYear": ["N/A"], "copyrightNotice": ["N/A"], "copyrightHolder": ["N/A"], "contributor": ["N/A"], "contentReferenceTime": ["N/A"], "contentLocation": ["N/A"], "character": ["N/A"], "acquireLicensePage": ["N/A"], "accessModeSufficient": ["N/A"], "about": ["N/A"], "rights": ["N/A"], "relation": ["N/A"], "qualifiedRelation": ["N/A"], "qualifiedAttribution": ["N/A"], "previousVersion": ["N/A"], "nextVersion": ["N/A"], "landingPage": ["N/A"], "isReferencedBy": ["N/A"], "hasVersion": ["N/A"], "hasPolicy": ["N/A"], "hasCurrentVersion": ["N/A"], "useConstraints": ["N/A"], "status": ["N/A"], "spatialRepresentationType": ["N/A"], "scope": ["N/A"], "purpose": ["N/A"], "otherLocale": ["N/A"], "metadataProfile": ["N/A"], "metadataLinkage": ["N/A"], "metadataIdentifier": ["N/A"], "environmentDescription": ["N/A"], "contentInfo": ["N/A"], "ResearchInfrastructure": ["LifeWatch"], "EssentialVariables": ["N/A"], "potentialTopics": ["N/A"]}