{"url": ["https://metadatacatalogue.lifewatch.eu:/geonetwork/api/records/oai:marineinfo.org:id:dataset:6699"], "name": ["SHARK - Regional monitoring, recipient control and monitoring projects of zoobenthos in Sweden since 1972"], "description": ["<para>Zoobenthos have been regionally monitored in Sweden since 1972. The monitoring is financed by the Swedish countyadministration boards, Swedish municipalities, Swedish coalitions of water conservation and Swedish companies. Recipient control data financed bycompanies are also included.</para>"], "datePublished": ["2021-12-02"], "language": ["en"], "creator": ["\u00c2\u00a0Swedish Meteorological and HydrologicalInstitute "], "metadataProvider": ["\u00c2\u00a0Flanders Marine Institute(VLIZ) BEhttps://www.vliz.be"], "contact": ["\u00c2\u00a0Swedish Meteorological and HydrologicalInstitute "], "associatedParty": ["N/A"], "licenseInformation": [" Intellectual Rights To the extent possible underlaw, the publisher has waived all rights to these data and has dedicated them to the Public Domain (CC01.0) . Users may copy, modify,distribute and use the work,including for commercial purposes, without restriction.\u00c2\u00a0 "], "downloadLink": ["https://metadatacatalogue.lifewatch.eu:/srv/eng/catalog.search#/metadata/oai:marineinfo.org:id:dataset:6699"], "keywords": ["N/A"], "geographicCoverage": ["Geographic Description ANE, Baltic"], "westBoundingCoordinate": ["10.76167"], "eastBoundingCoordinate": ["24.17007"], "northBoundingCoordinate": ["65.85424"], "southBoundingCoordinate": ["55.46128"], "dateCreated": ["N/A"], "temporalCoverageEndDate": ["N/A"], "license": ["N/A"], "distribution": ["N/A"], "distributionInfo": ["N/A"], "identifier": ["https://metadatacatalogue.lifewatch.eu:/srv/eng/catalog.search#/metadata/oai:marineinfo.org:id:dataset:6699"], "accessibilitySummary": ["N/A"], "version": ["N/A"], "temporalCoverage": ["N/A"], "publisher": ["N/A"], "spatial": ["N/A"], "citation": ["N/A"], "genre": ["N/A"], "modificationDate": ["2021-12-02"], "image": ["N/A"], "thumbnailUrl": ["N/A"], "headline": ["SHARK - Regional monitoring, recipient control and monitoring projects of zoobenthos in Sweden since 1972"], "abstract": ["<para>Zoobenthos have been regionally monitored in Sweden since 1972. The monitoring is financed by the Swedish countyadministration boards, Swedish municipalities, Swedish coalitions of water conservation and Swedish companies. Recipient control data financed bycompanies are also included.</para>"], "theme": ["N/A"], "creditText": ["N/A"], "producer": ["\u00c2\u00a0Swedish Meteorological and HydrologicalInstitute "], "author": ["\u00c2\u00a0Swedish Meteorological and HydrologicalInstitute "], "spatialCoverage": [" Baltic"], "sponsor": ["N/A"], "size": ["N/A"], "sameAs": ["N/A"], "publication": ["N/A"], "provider": ["\u00c2\u00a0Swedish Meteorological and HydrologicalInstitute "], "position": ["N/A"], "measurementTechnique": ["N/A"], "material": ["N/A"], "maintainer": ["N/A"], "locationCreated": ["N/A"], "issn": ["N/A"], "isPartOf": ["N/A"], "isBasedOn": ["N/A"], "isAccessibleForFree": ["N/A"], "includedInDataCatalog": ["N/A"], "editor": ["N/A"], "editEIDR": ["N/A"], "copyrightYear": ["N/A"], "copyrightNotice": ["N/A"], "copyrightHolder": ["N/A"], "contributor": ["N/A"], "contentReferenceTime": ["N/A"], "contentLocation": ["N/A"], "character": ["N/A"], "acquireLicensePage": ["N/A"], "accessModeSufficient": ["N/A"], "about": ["N/A"], "rights": ["N/A"], "relation": ["N/A"], "qualifiedRelation": ["N/A"], "qualifiedAttribution": ["N/A"], "previousVersion": ["N/A"], "nextVersion": ["N/A"], "landingPage": ["N/A"], "isReferencedBy": ["N/A"], "hasVersion": ["N/A"], "hasPolicy": ["N/A"], "hasCurrentVersion": ["N/A"], "useConstraints": ["N/A"], "status": ["N/A"], "spatialRepresentationType": ["N/A"], "scope": ["N/A"], "purpose": ["N/A"], "otherLocale": ["N/A"], "metadataProfile": ["N/A"], "metadataLinkage": ["N/A"], "metadataIdentifier": ["N/A"], "environmentDescription": ["N/A"], "contentInfo": ["N/A"], "ResearchInfrastructure": ["LifeWatch"], "EssentialVariables": ["N/A"], "potentialTopics": ["N/A"]}