{"url": ["https://metadatacatalogue.lifewatch.eu:/geonetwork/api/records/oai:marineinfo.org:id:dataset:2144"], "name": ["ICES Fish stomach contents dataset"], "description": ["The Fish predator/prey database (stomach database) contains data covering 11 countries. A totalof 217 399 stomachsare reported in the North Sea data.Eightpredator species were analysed and 854 NODC preycodes have been reported"], "datePublished": ["2021-12-02"], "language": ["en"], "creator": ["\u00c2\u00a0International Council for the Exploration of theSea- Neil Holdsworth "], "metadataProvider": ["\u00c2\u00a0Flanders Marine Institute(VLIZ) BEhttps://www.vliz.be"], "contact": ["\u00c2\u00a0International Council for the Exploration of theSea- Neil Holdsworth "], "associatedParty": [" custodianSteward\u00c2\u00a0International Council for the Exploration of theSea DK "], "licenseInformation": [" Intellectual Rights Licence\u00c2\u00a0 "], "downloadLink": ["https://metadatacatalogue.lifewatch.eu:/srv/eng/catalog.search#/metadata/oai:marineinfo.org:id:dataset:2144"], "keywords": ["Long-term monitoring Predator prey interactions Stomach content"], "geographicCoverage": ["Geographic Description ANE, NorthSea"], "westBoundingCoordinate": ["-5.5"], "eastBoundingCoordinate": ["12.5"], "northBoundingCoordinate": ["63.25"], "southBoundingCoordinate": ["51.25"], "dateCreated": ["1980-01-01"], "temporalCoverageEndDate": ["1991-01-01"], "license": ["http://geo.ices.dk/geonetwork/srv/en/main.home?uuid=8233f63d-606c-45de-9580-04323aed285b"], "distribution": ["http://geo.ices.dk/geonetwork/srv/en/main.home?uuid=8233f63d-606c-45de-9580-04323aed285b"], "distributionInfo": ["http://geo.ices.dk/geonetwork/srv/en/main.home?uuid=8233f63d-606c-45de-9580-04323aed285b"], "identifier": ["https://metadatacatalogue.lifewatch.eu:/srv/eng/catalog.search#/metadata/oai:marineinfo.org:id:dataset:2144"], "accessibilitySummary": ["N/A"], "version": ["N/A"], "temporalCoverage": ["N/A"], "publisher": ["N/A"], "spatial": ["N/A"], "citation": ["N/A"], "genre": ["N/A"], "modificationDate": ["2021-12-02"], "image": ["N/A"], "thumbnailUrl": ["N/A"], "headline": ["ICES Fish stomach contents dataset"], "abstract": ["The Fish predator/prey database (stomach database) contains data covering 11 countries. A totalof 217 399 stomachsare reported in the North Sea data.Eightpredator species were analysed and 854 NODC preycodes have been reported"], "theme": ["N/A"], "creditText": ["N/A"], "producer": ["\u00c2\u00a0International Council for the Exploration of theSea- Neil Holdsworth "], "author": ["\u00c2\u00a0International Council for the Exploration of theSea- Neil Holdsworth "], "spatialCoverage": [" NorthSea"], "sponsor": ["N/A"], "size": ["N/A"], "sameAs": ["N/A"], "publication": ["N/A"], "provider": ["\u00c2\u00a0International Council for the Exploration of theSea- Neil Holdsworth "], "position": ["N/A"], "measurementTechnique": ["N/A"], "material": ["N/A"], "maintainer": ["N/A"], "locationCreated": ["N/A"], "issn": ["N/A"], "isPartOf": ["N/A"], "isBasedOn": ["N/A"], "isAccessibleForFree": ["N/A"], "includedInDataCatalog": ["N/A"], "editor": ["N/A"], "editEIDR": ["N/A"], "copyrightYear": ["N/A"], "copyrightNotice": ["N/A"], "copyrightHolder": ["N/A"], "contributor": ["N/A"], "contentReferenceTime": ["N/A"], "contentLocation": ["N/A"], "character": ["N/A"], "acquireLicensePage": ["N/A"], "accessModeSufficient": ["N/A"], "about": ["N/A"], "rights": ["N/A"], "relation": ["N/A"], "qualifiedRelation": ["N/A"], "qualifiedAttribution": ["N/A"], "previousVersion": ["N/A"], "nextVersion": ["N/A"], "landingPage": ["N/A"], "isReferencedBy": ["N/A"], "hasVersion": ["N/A"], "hasPolicy": ["N/A"], "hasCurrentVersion": ["N/A"], "useConstraints": ["N/A"], "status": ["N/A"], "spatialRepresentationType": ["N/A"], "scope": ["N/A"], "purpose": ["N/A"], "otherLocale": ["N/A"], "metadataProfile": ["N/A"], "metadataLinkage": ["N/A"], "metadataIdentifier": ["N/A"], "environmentDescription": ["N/A"], "contentInfo": ["N/A"], "ResearchInfrastructure": ["LifeWatch"], "EssentialVariables": ["N/A"], "potentialTopics": ["N/A"]}