{"url": ["https://metadatacatalogue.lifewatch.eu:/srv/api/records/oai:marineinfo.org:id:dataset:5828"], "name": ["Observatoire Pelagis sightings from fishery surveys 2004-2009"], "description": ["Original provider: Observatoire PELAGIS UMS 3462 University La Rochelle - CNRS Dataset credits: Observatoire PELAGIS UMS 3462,University La Rochelle - CNRS Abstract:Regulation (EC) No 812/2004 of 26 April 2004 is intended to assess the incidental catch of cetaceans infisheries and to reduce bycatch in some fisheries. This regulation requires plans observation on vessels over 15 meters operating in pelagic trawlor large vertical opening in ICES zones VI, VII, VIII and IX, and vessesl over 15meters operating with set netsin ICES VIa, VI-a,b and VIIIa,b,c and IX.The Ministry ofAgriculture and Fisheries (Directorate of MarineFisheries and Aquaculture - DPMA) is responsiblefor the implementation of the Regulation for France. An observation program of incidental catches of cetaceansstarted in 2006 on the French metropolitancoast."], "datePublished": ["2021-12-02"], "language": ["en"], "creator": ["\u00c2\u00a0Universit\u00c3\u00a9 de La Rochelle;Observatoire Pelagis (UMS 3462)- Ghislain Doremus "], "metadataProvider": ["\u00c2\u00a0Flanders Marine Institute(VLIZ) BEhttps://www.vliz.be"], "contact": ["\u00c2\u00a0Universit\u00c3\u00a9 de La Rochelle;Observatoire Pelagis (UMS 3462)- Ghislain Doremus "], "associatedParty": ["N/A"], "licenseInformation": [" Intellectual Rights This work is licensed under a Creative Commons Attribution NonCommercial (CC-BY-NC) 4.0 License .\u00c2\u00a0 "], "downloadLink": ["https://metadatacatalogue.lifewatch.eu:/srv/eng/catalog.search#/metadata/oai:marineinfo.org:id:dataset:5828"], "keywords": ["Dolphins Fishery surveys Whales"], "geographicCoverage": ["Geographic Description A, North Atlantic"], "westBoundingCoordinate": ["N/A"], "eastBoundingCoordinate": ["N/A"], "northBoundingCoordinate": ["N/A"], "southBoundingCoordinate": ["N/A"], "dateCreated": ["2004-07-19"], "temporalCoverageEndDate": ["2009-01-08"], "license": ["N/A"], "distribution": ["N/A"], "distributionInfo": ["N/A"], "identifier": ["https://metadatacatalogue.lifewatch.eu:/srv/eng/catalog.search#/metadata/oai:marineinfo.org:id:dataset:5828"], "accessibilitySummary": ["N/A"], "version": ["N/A"], "temporalCoverage": ["N/A"], "publisher": ["N/A"], "spatial": ["N/A"], "citation": ["N/A"], "genre": ["N/A"], "modificationDate": ["2021-12-02"], "image": ["N/A"], "thumbnailUrl": ["N/A"], "headline": ["Observatoire Pelagis sightings from fishery surveys 2004-2009"], "abstract": ["Original provider: Observatoire PELAGIS UMS 3462 University La Rochelle - CNRS Dataset credits: Observatoire PELAGIS UMS 3462,University La Rochelle - CNRS Abstract:Regulation (EC) No 812/2004 of 26 April 2004 is intended to assess the incidental catch of cetaceans infisheries and to reduce bycatch in some fisheries. This regulation requires plans observation on vessels over 15 meters operating in pelagic trawlor large vertical opening in ICES zones VI, VII, VIII and IX, and vessesl over 15meters operating with set netsin ICES VIa, VI-a,b and VIIIa,b,c and IX.The Ministry ofAgriculture and Fisheries (Directorate of MarineFisheries and Aquaculture - DPMA) is responsiblefor the implementation of the Regulation for France. An observation program of incidental catches of cetaceansstarted in 2006 on the French metropolitancoast."], "theme": ["N/A"], "creditText": ["N/A"], "producer": ["\u00c2\u00a0Universit\u00c3\u00a9 de La Rochelle;Observatoire Pelagis (UMS 3462)- Ghislain Doremus "], "author": ["\u00c2\u00a0Universit\u00c3\u00a9 de La Rochelle;Observatoire Pelagis (UMS 3462)- Ghislain Doremus "], "spatialCoverage": [" A North Atlantic"], "sponsor": ["N/A"], "size": ["N/A"], "sameAs": ["N/A"], "publication": ["N/A"], "provider": ["\u00c2\u00a0Universit\u00c3\u00a9 de La Rochelle;Observatoire Pelagis (UMS 3462)- Ghislain Doremus "], "position": ["N/A"], "measurementTechnique": ["N/A"], "material": ["N/A"], "maintainer": ["N/A"], "locationCreated": ["N/A"], "issn": ["N/A"], "isPartOf": ["N/A"], "isBasedOn": ["N/A"], "isAccessibleForFree": ["N/A"], "includedInDataCatalog": ["N/A"], "editor": ["N/A"], "editEIDR": ["N/A"], "copyrightYear": ["N/A"], "copyrightNotice": ["N/A"], "copyrightHolder": ["N/A"], "contributor": ["N/A"], "contentReferenceTime": ["N/A"], "contentLocation": ["N/A"], "character": ["N/A"], "acquireLicensePage": ["N/A"], "accessModeSufficient": ["N/A"], "about": ["N/A"], "rights": ["N/A"], "relation": ["N/A"], "qualifiedRelation": ["N/A"], "qualifiedAttribution": ["N/A"], "previousVersion": ["N/A"], "nextVersion": ["N/A"], "landingPage": ["N/A"], "isReferencedBy": ["N/A"], "hasVersion": ["N/A"], "hasPolicy": ["N/A"], "hasCurrentVersion": ["N/A"], "useConstraints": ["N/A"], "status": ["N/A"], "spatialRepresentationType": ["N/A"], "scope": ["N/A"], "purpose": ["N/A"], "otherLocale": ["N/A"], "metadataProfile": ["N/A"], "metadataLinkage": ["N/A"], "metadataIdentifier": ["N/A"], "environmentDescription": ["N/A"], "contentInfo": ["N/A"], "ResearchInfrastructure": ["LifeWatch"], "EssentialVariables": ["N/A"], "potentialTopics": ["N/A"]}