{"url": ["https://metadatacatalogue.lifewatch.eu:/geonetwork/api/records/oai:marineinfo.org:id:dataset:3121"], "name": ["Collection Copepoda SMF"], "description": ["The Copepoda collection is part of theSeSAMcollections of Senckenberg which combines all collections held at the Senckenberg Natutal History Museum of Frankfurt. This collection contains Copepoda fromall over the world."], "datePublished": ["2021-12-02"], "language": ["en"], "creator": ["\u00c2\u00a0Senckenberg Nature Research Society ResearchInstitute and Natural HistoryMuseum DE "], "metadataProvider": ["\u00c2\u00a0Flanders Marine Institute(VLIZ) BEhttps://www.vliz.be"], "contact": ["\u00c2\u00a0Senckenberg Nature Research Society; ResearchInstitute and Natural HistoryMuseum- Andreas Allspach "], "associatedParty": ["N/A"], "licenseInformation": [" Intellectual Rights This work is licensed under a Creative Commons Attribution (CC-BY) 4.0 License .\u00c2\u00a0 "], "downloadLink": ["https://metadatacatalogue.lifewatch.eu:/geonetwork/eng/catalog.search#/metadata/oai:marineinfo.org:id:dataset:3121"], "keywords": ["N/A"], "geographicCoverage": ["Geographic Description EurOBIS calculated BBOX > station Bounding Box Bounding Box West Bounding Coordinate -74.7875 East Bounding Coordinate 134.615766667 North Bounding Coordinate 79.65 South Bounding Coordinate -42.4093333333"], "westBoundingCoordinate": ["-74.7875"], "eastBoundingCoordinate": ["134.615766667"], "northBoundingCoordinate": ["79.65"], "southBoundingCoordinate": ["-42.4093333333"], "dateCreated": ["N/A"], "temporalCoverageEndDate": ["N/A"], "license": ["N/A"], "distribution": ["N/A"], "distributionInfo": ["N/A"], "identifier": ["https://metadatacatalogue.lifewatch.eu:/geonetwork/eng/catalog.search#/metadata/oai:marineinfo.org:id:dataset:3121"], "accessibilitySummary": ["N/A"], "version": ["N/A"], "temporalCoverage": ["N/A"], "publisher": ["N/A"], "spatial": ["N/A"], "citation": ["N/A"], "genre": ["N/A"], "modificationDate": ["2021-12-02"], "image": ["N/A"], "thumbnailUrl": ["N/A"], "headline": ["Collection Copepoda SMF"], "abstract": ["The Copepoda collection is part of theSeSAMcollections of Senckenberg which combines all collections held at the Senckenberg Natutal History Museum of Frankfurt. This collection contains Copepoda fromall over the world."], "theme": ["N/A"], "creditText": ["N/A"], "producer": ["\u00c2\u00a0Senckenberg Nature Research Society ResearchInstitute and Natural HistoryMuseum DE "], "author": ["\u00c2\u00a0Senckenberg Nature Research Society ResearchInstitute and Natural HistoryMuseum DE "], "spatialCoverage": [" calculated BBOX > station Bounding Box Bounding Box West Bounding Coordinate -74.7875 East Bounding Coordinate 134.615766667 North Bounding Coordinate 79.65 South Bounding Coordinate -42.4093333333"], "sponsor": ["N/A"], "size": ["N/A"], "sameAs": ["N/A"], "publication": ["N/A"], "provider": ["\u00c2\u00a0Senckenberg Nature Research Society ResearchInstitute and Natural HistoryMuseum DE "], "position": ["N/A"], "measurementTechnique": ["N/A"], "material": ["N/A"], "maintainer": ["N/A"], "locationCreated": ["N/A"], "issn": ["N/A"], "isPartOf": ["N/A"], "isBasedOn": ["N/A"], "isAccessibleForFree": ["N/A"], "includedInDataCatalog": ["N/A"], "editor": ["N/A"], "editEIDR": ["N/A"], "copyrightYear": ["N/A"], "copyrightNotice": ["N/A"], "copyrightHolder": ["N/A"], "contributor": ["N/A"], "contentReferenceTime": ["N/A"], "contentLocation": ["N/A"], "character": ["N/A"], "acquireLicensePage": ["N/A"], "accessModeSufficient": ["N/A"], "about": ["N/A"], "rights": ["N/A"], "relation": ["N/A"], "qualifiedRelation": ["N/A"], "qualifiedAttribution": ["N/A"], "previousVersion": ["N/A"], "nextVersion": ["N/A"], "landingPage": ["N/A"], "isReferencedBy": ["N/A"], "hasVersion": ["N/A"], "hasPolicy": ["N/A"], "hasCurrentVersion": ["N/A"], "useConstraints": ["N/A"], "status": ["N/A"], "spatialRepresentationType": ["N/A"], "scope": ["N/A"], "purpose": ["N/A"], "otherLocale": ["N/A"], "metadataProfile": ["N/A"], "metadataLinkage": ["N/A"], "metadataIdentifier": ["N/A"], "environmentDescription": ["N/A"], "contentInfo": ["N/A"], "ResearchInfrastructure": ["LifeWatch"], "EssentialVariables": ["N/A"], "potentialTopics": ["N/A"]}