{"url": ["https://metadatacatalogue.lifewatch.eu:/geonetwork/api/records/oai:marineinfo.org:id:dataset:4223"], "name": ["Fish and crustacean community in the Western Scheldt (Doel nuclear power station) during winter season 1991-1992"], "description": ["Study of the epibenthos and fish community at the nuclear power stationin Doel (Western Scheldt)during the period September 1991-February 1992. The data weredigitized by VLIZfrom the original report:Maebe, S. (1992).De vis- en crustaceagemeenschap van de Westerschelde ter hoogtevan de kerncentrale van Doel gedurende het winterhalfjaar 1991-1992. BSc Thesis. Katholieke UniversiteitLeuven. Faculteit Wetenschappen: Leuven. 106 pp."], "datePublished": ["2021-12-02"], "language": ["en"], "creator": ["\u00c2\u00a0Katholieke Universiteit Leuven; Departement Biologie "], "metadataProvider": ["\u00c2\u00a0Flanders Marine Institute(VLIZ) BEhttps://www.vliz.be"], "contact": ["\u00c2\u00a0Vlaams Instituut voor de Zee BE "], "associatedParty": [" custodianSteward\u00c2\u00a0Vlaams Instituut voor de Zee BE "], "licenseInformation": [" Intellectual Rights This work is licensed under a Creative Commons Attribution (CC-BY) 4.0 License .\u00c2\u00a0 "], "downloadLink": ["https://metadatacatalogue.lifewatch.eu:/srv/eng/catalog.search#/metadata/oai:marineinfo.org:id:dataset:4223"], "keywords": ["Crustacea Epibenthos Fish Nuclear power plants"], "geographicCoverage": ["Geographic Description Westerschelde Bounding Box West Bounding Coordinate 3.5203 East Bounding Coordinate 4.2445 North Bounding Coordinate 51.4624 South Bounding Coordinate 51.3299"], "westBoundingCoordinate": ["3.5203"], "eastBoundingCoordinate": ["4.2445"], "northBoundingCoordinate": ["51.4624"], "southBoundingCoordinate": ["51.3299"], "dateCreated": ["1991-09-03"], "temporalCoverageEndDate": ["1992-02-14"], "license": ["N/A"], "distribution": ["N/A"], "distributionInfo": ["N/A"], "identifier": ["https://metadatacatalogue.lifewatch.eu:/srv/eng/catalog.search#/metadata/oai:marineinfo.org:id:dataset:4223"], "accessibilitySummary": ["N/A"], "version": ["N/A"], "temporalCoverage": ["N/A"], "publisher": ["N/A"], "spatial": ["N/A"], "citation": ["N/A"], "genre": ["N/A"], "modificationDate": ["2021-12-02"], "image": ["N/A"], "thumbnailUrl": ["N/A"], "headline": ["Fish and crustacean community in the Western Scheldt (Doel nuclear power station) during winter season 1991-1992"], "abstract": ["Study of the epibenthos and fish community at the nuclear power stationin Doel (Western Scheldt)during the period September 1991-February 1992. The data weredigitized by VLIZfrom the original report:Maebe, S. (1992).De vis- en crustaceagemeenschap van de Westerschelde ter hoogtevan de kerncentrale van Doel gedurende het winterhalfjaar 1991-1992. BSc Thesis. Katholieke UniversiteitLeuven. Faculteit Wetenschappen: Leuven. 106 pp."], "theme": ["N/A"], "creditText": ["N/A"], "producer": ["\u00c2\u00a0Katholieke Universiteit Leuven; Departement Biologie "], "author": ["\u00c2\u00a0Katholieke Universiteit Leuven; Departement Biologie "], "spatialCoverage": [" Westerschelde Bounding Box West Bounding Coordinate 3.5203 East Bounding Coordinate 4.2445 North Bounding Coordinate 51.4624 South Bounding Coordinate 51.3299"], "sponsor": ["N/A"], "size": ["N/A"], "sameAs": ["N/A"], "publication": ["N/A"], "provider": ["\u00c2\u00a0Katholieke Universiteit Leuven; Departement Biologie "], "position": ["N/A"], "measurementTechnique": ["N/A"], "material": ["N/A"], "maintainer": ["N/A"], "locationCreated": ["N/A"], "issn": ["N/A"], "isPartOf": ["N/A"], "isBasedOn": ["N/A"], "isAccessibleForFree": ["N/A"], "includedInDataCatalog": ["N/A"], "editor": ["N/A"], "editEIDR": ["N/A"], "copyrightYear": ["N/A"], "copyrightNotice": ["N/A"], "copyrightHolder": ["N/A"], "contributor": ["N/A"], "contentReferenceTime": ["N/A"], "contentLocation": ["N/A"], "character": ["N/A"], "acquireLicensePage": ["N/A"], "accessModeSufficient": ["N/A"], "about": ["N/A"], "rights": ["N/A"], "relation": ["N/A"], "qualifiedRelation": ["N/A"], "qualifiedAttribution": ["N/A"], "previousVersion": ["N/A"], "nextVersion": ["N/A"], "landingPage": ["N/A"], "isReferencedBy": ["N/A"], "hasVersion": ["N/A"], "hasPolicy": ["N/A"], "hasCurrentVersion": ["N/A"], "useConstraints": ["N/A"], "status": ["N/A"], "spatialRepresentationType": ["N/A"], "scope": ["N/A"], "purpose": ["N/A"], "otherLocale": ["N/A"], "metadataProfile": ["N/A"], "metadataLinkage": ["N/A"], "metadataIdentifier": ["N/A"], "environmentDescription": ["N/A"], "contentInfo": ["N/A"], "ResearchInfrastructure": ["LifeWatch"], "EssentialVariables": ["N/A"], "potentialTopics": ["N/A"]}