{"url": ["https://metadatacatalogue.lifewatch.eu:/srv/api/records/oai:marineinfo.org:id:dataset:5181"], "name": ["Literature review of the Scheldt estuary with emphasis on the biotic components"], "description": ["Literature review study in 1987 on biota of theScheldt estuary. The data were digitized by VLIZ fromthe original report: Moerland, G. (1987). Het Schelde-estuarium: een literatuurstudie naar het ecosysteem met het accentop de biotische componenten. Westerscheldestudies, 9. Delta Instituut voor Hydrobiologisch Onderzoek: Yerseke. 71, 74pp."], "datePublished": ["2021-12-02"], "language": ["en"], "creator": ["\u00c2\u00a0Delta Institute for HydrobiologicalResearch "], "metadataProvider": ["\u00c2\u00a0Flanders Marine Institute(VLIZ) BEhttps://www.vliz.be"], "contact": ["\u00c2\u00a0Vlaams Instituut voor de Zee BE "], "associatedParty": [" custodianSteward\u00c2\u00a0Vlaams Instituut voor de Zee BE "], "licenseInformation": [" Intellectual Rights This work is licensed under a Creative Commons Attribution (CC-BY) 4.0 License .\u00c2\u00a0 "], "downloadLink": ["https://metadatacatalogue.lifewatch.eu:/srv/eng/catalog.search#/metadata/oai:marineinfo.org:id:dataset:5181"], "keywords": ["N/A"], "geographicCoverage": ["Geographic Description ANE, ScheldtEstuary"], "westBoundingCoordinate": ["3.9142499999999"], "eastBoundingCoordinate": ["3.9142499999999"], "northBoundingCoordinate": ["51.445133308376"], "southBoundingCoordinate": ["51.445133308376"], "dateCreated": ["1987-01-01"], "temporalCoverageEndDate": ["1987-01-01"], "license": ["N/A"], "distribution": ["N/A"], "distributionInfo": ["N/A"], "identifier": ["https://metadatacatalogue.lifewatch.eu:/srv/eng/catalog.search#/metadata/oai:marineinfo.org:id:dataset:5181"], "accessibilitySummary": ["N/A"], "version": ["N/A"], "temporalCoverage": ["N/A"], "publisher": ["N/A"], "spatial": ["N/A"], "citation": ["N/A"], "genre": ["N/A"], "modificationDate": ["2021-12-02"], "image": ["N/A"], "thumbnailUrl": ["N/A"], "headline": ["Literature review of the Scheldt estuary with emphasis on the biotic components"], "abstract": ["Literature review study in 1987 on biota of theScheldt estuary. The data were digitized by VLIZ fromthe original report: Moerland, G. (1987). Het Schelde-estuarium: een literatuurstudie naar het ecosysteem met het accentop de biotische componenten. Westerscheldestudies, 9. Delta Instituut voor Hydrobiologisch Onderzoek: Yerseke. 71, 74pp."], "theme": ["N/A"], "creditText": ["N/A"], "producer": ["\u00c2\u00a0Delta Institute for HydrobiologicalResearch "], "author": ["\u00c2\u00a0Delta Institute for HydrobiologicalResearch "], "spatialCoverage": [" ScheldtEstuary"], "sponsor": ["N/A"], "size": ["N/A"], "sameAs": ["N/A"], "publication": ["N/A"], "provider": ["\u00c2\u00a0Delta Institute for HydrobiologicalResearch "], "position": ["N/A"], "measurementTechnique": ["N/A"], "material": ["N/A"], "maintainer": ["N/A"], "locationCreated": ["N/A"], "issn": ["N/A"], "isPartOf": ["N/A"], "isBasedOn": ["N/A"], "isAccessibleForFree": ["N/A"], "includedInDataCatalog": ["N/A"], "editor": ["N/A"], "editEIDR": ["N/A"], "copyrightYear": ["N/A"], "copyrightNotice": ["N/A"], "copyrightHolder": ["N/A"], "contributor": ["N/A"], "contentReferenceTime": ["N/A"], "contentLocation": ["N/A"], "character": ["N/A"], "acquireLicensePage": ["N/A"], "accessModeSufficient": ["N/A"], "about": ["N/A"], "rights": ["N/A"], "relation": ["N/A"], "qualifiedRelation": ["N/A"], "qualifiedAttribution": ["N/A"], "previousVersion": ["N/A"], "nextVersion": ["N/A"], "landingPage": ["N/A"], "isReferencedBy": ["N/A"], "hasVersion": ["N/A"], "hasPolicy": ["N/A"], "hasCurrentVersion": ["N/A"], "useConstraints": ["N/A"], "status": ["N/A"], "spatialRepresentationType": ["N/A"], "scope": ["N/A"], "purpose": ["N/A"], "otherLocale": ["N/A"], "metadataProfile": ["N/A"], "metadataLinkage": ["N/A"], "metadataIdentifier": ["N/A"], "environmentDescription": ["N/A"], "contentInfo": ["N/A"], "ResearchInfrastructure": ["LifeWatch"], "EssentialVariables": ["N/A"], "potentialTopics": ["N/A"]}