{"url": ["https://metadatacatalogue.lifewatch.eu:/geonetwork/api/records/oai:marineinfo.org:id:dataset:6186"], "name": ["Benthic infaunal abundance and biomass from Belfast Lough dredge disposal monitoring operations 2017 and 2018"], "description": ["This dataset contains information on benthic infaunal abundance & biomass fromsediment grabs off the CopelandIslands in Belfast Loughin late 2017 and early 2018 on theRVCorystes. This surveywas carried out to describe the species and seabed habitats within a 0.5NM buffer zone of a dredgedisposal site. The survey was carried out pre operation to allow thepotential impacts to be investigated.Particle size analysis (PSA)and Carbon & Nitrogen analysiswere also carriedout on the sediments from the grab samples. All grab samples containedfauna species and sediment classification was carried out on all samples. This dataset alsocontains information on theSACFOR abundance and associatedinfaunal habitat in Belfast Lough in late 2017 and early2018 as part of the post operation survey. This survey wascarried out on theRVCorystes using a dropframe fitted with HD video camera, halogenlights, strip and point lazers forscaling, USBL, GoPro."], "datePublished": ["2021-12-02"], "language": ["en"], "creator": ["\u00c2\u00a0Agri-Food and BiosciencesInstitute- Annika Clements "], "metadataProvider": ["\u00c2\u00a0Flanders Marine Institute(VLIZ) BEhttps://www.vliz.be"], "contact": ["\u00c2\u00a0Agri-Food and BiosciencesInstitute- Gareth Burns "], "associatedParty": [" contentProvider\u00c2\u00a0Marine Biological Association of theUK GB "], "licenseInformation": [" Intellectual Rights This work is licensed under a Creative Commons Attribution (CC-BY) 4.0 License .\u00c2\u00a0 "], "downloadLink": ["https://metadatacatalogue.lifewatch.eu:/srv/eng/catalog.search#/metadata/oai:marineinfo.org:id:dataset:6186"], "keywords": ["N/A"], "geographicCoverage": ["Geographic Description ANE, British Isles, North Channel"], "westBoundingCoordinate": ["-5.5062"], "eastBoundingCoordinate": ["-5.472875"], "northBoundingCoordinate": ["54.759983333333"], "southBoundingCoordinate": ["54.749316666667"], "dateCreated": ["2017-10-23"], "temporalCoverageEndDate": ["2018-01-22"], "license": ["N/A"], "distribution": ["N/A"], "distributionInfo": ["N/A"], "identifier": ["https://metadatacatalogue.lifewatch.eu:/srv/eng/catalog.search#/metadata/oai:marineinfo.org:id:dataset:6186"], "accessibilitySummary": ["N/A"], "version": ["N/A"], "temporalCoverage": ["N/A"], "publisher": ["N/A"], "spatial": ["N/A"], "citation": ["N/A"], "genre": ["N/A"], "modificationDate": ["2021-12-02"], "image": ["N/A"], "thumbnailUrl": ["N/A"], "headline": ["Benthic infaunal abundance and biomass from Belfast Lough dredge disposal monitoring operations 2017 and 2018"], "abstract": ["This dataset contains information on benthic infaunal abundance & biomass fromsediment grabs off the CopelandIslands in Belfast Loughin late 2017 and early 2018 on theRVCorystes. This surveywas carried out to describe the species and seabed habitats within a 0.5NM buffer zone of a dredgedisposal site. The survey was carried out pre operation to allow thepotential impacts to be investigated.Particle size analysis (PSA)and Carbon & Nitrogen analysiswere also carriedout on the sediments from the grab samples. All grab samples containedfauna species and sediment classification was carried out on all samples. This dataset alsocontains information on theSACFOR abundance and associatedinfaunal habitat in Belfast Lough in late 2017 and early2018 as part of the post operation survey. This survey wascarried out on theRVCorystes using a dropframe fitted with HD video camera, halogenlights, strip and point lazers forscaling, USBL, GoPro."], "theme": ["N/A"], "creditText": ["N/A"], "producer": ["\u00c2\u00a0Agri-Food and BiosciencesInstitute- Annika Clements "], "author": ["\u00c2\u00a0Agri-Food and BiosciencesInstitute- Annika Clements "], "spatialCoverage": [" British Isles North Channel"], "sponsor": ["N/A"], "size": ["N/A"], "sameAs": ["N/A"], "publication": ["N/A"], "provider": ["\u00c2\u00a0Agri-Food and BiosciencesInstitute- Annika Clements "], "position": ["N/A"], "measurementTechnique": ["N/A"], "material": ["N/A"], "maintainer": ["N/A"], "locationCreated": ["N/A"], "issn": ["N/A"], "isPartOf": ["N/A"], "isBasedOn": ["N/A"], "isAccessibleForFree": ["N/A"], "includedInDataCatalog": ["N/A"], "editor": ["N/A"], "editEIDR": ["N/A"], "copyrightYear": ["N/A"], "copyrightNotice": ["N/A"], "copyrightHolder": ["N/A"], "contributor": ["N/A"], "contentReferenceTime": ["N/A"], "contentLocation": ["N/A"], "character": ["N/A"], "acquireLicensePage": ["N/A"], "accessModeSufficient": ["N/A"], "about": ["N/A"], "rights": ["N/A"], "relation": ["N/A"], "qualifiedRelation": ["N/A"], "qualifiedAttribution": ["N/A"], "previousVersion": ["N/A"], "nextVersion": ["N/A"], "landingPage": ["N/A"], "isReferencedBy": ["N/A"], "hasVersion": ["N/A"], "hasPolicy": ["N/A"], "hasCurrentVersion": ["N/A"], "useConstraints": ["N/A"], "status": ["N/A"], "spatialRepresentationType": ["N/A"], "scope": ["N/A"], "purpose": ["N/A"], "otherLocale": ["N/A"], "metadataProfile": ["N/A"], "metadataLinkage": ["N/A"], "metadataIdentifier": ["N/A"], "environmentDescription": ["N/A"], "contentInfo": ["N/A"], "ResearchInfrastructure": ["LifeWatch"], "EssentialVariables": ["N/A"], "potentialTopics": ["N/A"]}