{"url": ["https://metadatacatalogue.lifewatch.eu:/srv/api/records/oai:marineinfo.org:id:dataset:4485"], "name": ["Ceramiaceae along the East-African coast sampled between 1985 and 1997"], "description": ["This dataset contains a list of species of Ceramiaceaepresent at the coast ofKenya,Tanzania and the Seychelles sampledbetween 1985 and 1997.Mostspecimens have been collected by wadingorsnorkeling. The data were digitized by VLIZ from the original report: Roels, T. (1998).Taxonomisch-morfologische studie van enkel genera van de Ceramiaceaelangs de Oost-Afrikaanse kust = Taxonomic-morphological study of a few generaof the Ceramiaceae along the East-African coast. MScThesis. Rijksuniversiteit Gent. Faculteit Wetenschappen: Gent. 65, 48 platen, appendices pp."], "datePublished": ["2021-12-02"], "language": ["en"], "creator": ["\u00c2\u00a0Universiteit Gent; Faculteit Wetenschappen;Vakgroep Biologie; LaboratoriumPlantkunde "], "metadataProvider": ["\u00c2\u00a0Flanders Marine Institute(VLIZ) BEhttps://www.vliz.be"], "contact": ["\u00c2\u00a0Vlaams Instituut voor de Zee BE "], "associatedParty": [" custodianSteward\u00c2\u00a0Vlaams Instituut voor de Zee BE "], "licenseInformation": [" Intellectual Rights This work is licensed under a Creative Commons Attribution (CC-BY) 4.0 License .\u00c2\u00a0 "], "downloadLink": ["https://metadatacatalogue.lifewatch.eu:/srv/eng/catalog.search#/metadata/oai:marineinfo.org:id:dataset:4485"], "keywords": ["Herbarium specimens"], "geographicCoverage": ["Geographic Description Africa, SeychellesIslands"], "westBoundingCoordinate": ["N/A"], "eastBoundingCoordinate": ["N/A"], "northBoundingCoordinate": ["N/A"], "southBoundingCoordinate": ["N/A"], "dateCreated": ["1985-07-02"], "temporalCoverageEndDate": ["1997-08-24"], "license": ["N/A"], "distribution": ["N/A"], "distributionInfo": ["N/A"], "identifier": ["https://metadatacatalogue.lifewatch.eu:/srv/eng/catalog.search#/metadata/oai:marineinfo.org:id:dataset:4485"], "accessibilitySummary": ["N/A"], "version": ["N/A"], "temporalCoverage": ["N/A"], "publisher": ["N/A"], "spatial": ["N/A"], "citation": ["N/A"], "genre": ["N/A"], "modificationDate": ["2021-12-02"], "image": ["N/A"], "thumbnailUrl": ["N/A"], "headline": ["Ceramiaceae along the East-African coast sampled between 1985 and 1997"], "abstract": ["This dataset contains a list of species of Ceramiaceaepresent at the coast ofKenya,Tanzania and the Seychelles sampledbetween 1985 and 1997.Mostspecimens have been collected by wadingorsnorkeling. The data were digitized by VLIZ from the original report: Roels, T. (1998).Taxonomisch-morfologische studie van enkel genera van de Ceramiaceaelangs de Oost-Afrikaanse kust = Taxonomic-morphological study of a few generaof the Ceramiaceae along the East-African coast. MScThesis. Rijksuniversiteit Gent. Faculteit Wetenschappen: Gent. 65, 48 platen, appendices pp."], "theme": ["N/A"], "creditText": ["N/A"], "producer": ["\u00c2\u00a0Universiteit Gent; Faculteit Wetenschappen;Vakgroep Biologie; LaboratoriumPlantkunde "], "author": ["\u00c2\u00a0Universiteit Gent; Faculteit Wetenschappen;Vakgroep Biologie; LaboratoriumPlantkunde "], "spatialCoverage": [" Africa SeychellesIslands"], "sponsor": ["N/A"], "size": ["N/A"], "sameAs": ["N/A"], "publication": ["N/A"], "provider": ["\u00c2\u00a0Universiteit Gent; Faculteit Wetenschappen;Vakgroep Biologie; LaboratoriumPlantkunde "], "position": ["N/A"], "measurementTechnique": ["N/A"], "material": ["N/A"], "maintainer": ["N/A"], "locationCreated": ["N/A"], "issn": ["N/A"], "isPartOf": ["N/A"], "isBasedOn": ["N/A"], "isAccessibleForFree": ["N/A"], "includedInDataCatalog": ["N/A"], "editor": ["N/A"], "editEIDR": ["N/A"], "copyrightYear": ["N/A"], "copyrightNotice": ["N/A"], "copyrightHolder": ["N/A"], "contributor": ["N/A"], "contentReferenceTime": ["N/A"], "contentLocation": ["N/A"], "character": ["N/A"], "acquireLicensePage": ["N/A"], "accessModeSufficient": ["N/A"], "about": ["N/A"], "rights": ["N/A"], "relation": ["N/A"], "qualifiedRelation": ["N/A"], "qualifiedAttribution": ["N/A"], "previousVersion": ["N/A"], "nextVersion": ["N/A"], "landingPage": ["N/A"], "isReferencedBy": ["N/A"], "hasVersion": ["N/A"], "hasPolicy": ["N/A"], "hasCurrentVersion": ["N/A"], "useConstraints": ["N/A"], "status": ["N/A"], "spatialRepresentationType": ["N/A"], "scope": ["N/A"], "purpose": ["N/A"], "otherLocale": ["N/A"], "metadataProfile": ["N/A"], "metadataLinkage": ["N/A"], "metadataIdentifier": ["N/A"], "environmentDescription": ["N/A"], "contentInfo": ["N/A"], "ResearchInfrastructure": ["LifeWatch"], "EssentialVariables": ["N/A"], "potentialTopics": ["N/A"]}