{"url": ["https://metadatacatalogue.lifewatch.eu:/srv/api/records/oai:marineinfo.org:id:dataset:657"], "name": ["Marine Nature Conservation Review (MNCR) and associated benthic marine data held and managed by CCW"], "description": ["This dataset includes the surveydata that were commissioned and collected by Countryside Council for Wales."], "datePublished": ["2005-12-19"], "language": ["en"], "creator": ["\u00c2\u00a0Natural ResourcesWales GB "], "metadataProvider": ["\u00c2\u00a0Flanders Marine Institute(VLIZ) BEhttps://www.vliz.be"], "contact": ["\u00c2\u00a0Flanders Marine Institute(VLIZ) BEhttps://www.vliz.be"], "associatedParty": ["N/A"], "licenseInformation": [" Intellectual Rights This work is licensed under a Creative Commons Attribution (CC-BY) 4.0 License .\u00c2\u00a0 "], "downloadLink": ["https://metadatacatalogue.lifewatch.eu:/srv/eng/catalog.search#/metadata/oai:marineinfo.org:id:dataset:657"], "keywords": ["Biodiversity Marine biodiversity"], "geographicCoverage": ["Geographic Description ANE, British Isles,Wales"], "westBoundingCoordinate": ["-5.339508"], "eastBoundingCoordinate": ["-3.010156"], "northBoundingCoordinate": ["53.379415"], "southBoundingCoordinate": ["51.33027"], "dateCreated": ["1993-01-01"], "temporalCoverageEndDate": ["2001-01-01"], "license": ["http://www.searchnbn.net/datasetInfo/taxonDataset.jsp?refID=5&list=1&sort=false&dsKey=GA000195"], "distribution": ["http://www.searchnbn.net/datasetInfo/taxonDataset.jsp?refID=5&list=1&sort=false&dsKey=GA000195"], "distributionInfo": ["http://www.searchnbn.net/datasetInfo/taxonDataset.jsp?refID=5&list=1&sort=false&dsKey=GA000195"], "identifier": ["https://metadatacatalogue.lifewatch.eu:/srv/eng/catalog.search#/metadata/oai:marineinfo.org:id:dataset:657"], "accessibilitySummary": ["N/A"], "version": ["N/A"], "temporalCoverage": ["N/A"], "publisher": ["N/A"], "spatial": ["N/A"], "citation": ["N/A"], "genre": ["N/A"], "modificationDate": ["2005-12-19"], "image": ["N/A"], "thumbnailUrl": ["N/A"], "headline": ["Marine Nature Conservation Review (MNCR) and associated benthic marine data held and managed by CCW"], "abstract": ["This dataset includes the surveydata that were commissioned and collected by Countryside Council for Wales."], "theme": ["N/A"], "creditText": ["N/A"], "producer": ["\u00c2\u00a0Natural ResourcesWales GB "], "author": ["\u00c2\u00a0Natural ResourcesWales GB "], "spatialCoverage": [" British IslesWales"], "sponsor": ["N/A"], "size": ["N/A"], "sameAs": ["N/A"], "publication": ["N/A"], "provider": ["\u00c2\u00a0Natural ResourcesWales GB "], "position": ["N/A"], "measurementTechnique": ["N/A"], "material": ["N/A"], "maintainer": ["N/A"], "locationCreated": ["N/A"], "issn": ["N/A"], "isPartOf": ["N/A"], "isBasedOn": ["N/A"], "isAccessibleForFree": ["N/A"], "includedInDataCatalog": ["N/A"], "editor": ["N/A"], "editEIDR": ["N/A"], "copyrightYear": ["N/A"], "copyrightNotice": ["N/A"], "copyrightHolder": ["N/A"], "contributor": ["N/A"], "contentReferenceTime": ["N/A"], "contentLocation": ["N/A"], "character": ["N/A"], "acquireLicensePage": ["N/A"], "accessModeSufficient": ["N/A"], "about": ["N/A"], "rights": ["N/A"], "relation": ["N/A"], "qualifiedRelation": ["N/A"], "qualifiedAttribution": ["N/A"], "previousVersion": ["N/A"], "nextVersion": ["N/A"], "landingPage": ["N/A"], "isReferencedBy": ["N/A"], "hasVersion": ["N/A"], "hasPolicy": ["N/A"], "hasCurrentVersion": ["N/A"], "useConstraints": ["N/A"], "status": ["N/A"], "spatialRepresentationType": ["N/A"], "scope": ["N/A"], "purpose": ["N/A"], "otherLocale": ["N/A"], "metadataProfile": ["N/A"], "metadataLinkage": ["N/A"], "metadataIdentifier": ["N/A"], "environmentDescription": ["N/A"], "contentInfo": ["N/A"], "ResearchInfrastructure": ["LifeWatch"], "EssentialVariables": ["N/A"], "potentialTopics": ["N/A"]}