{"url": ["https://metadatacatalogue.lifewatch.eu:/geonetwork/api/records/oai:marineinfo.org:id:dataset:3137"], "name": ["HMAP Dataset 01: SE Australian Trawl Fishery I: Fish (various) landings and fishing effort, South East Australia, 1918-1923"], "description": ["Historical data relating to theSouth East Fishery (SEF), time period1918-1923."], "datePublished": ["2021-12-02"], "language": ["en"], "creator": ["\u00c2\u00a0Commonwealth Scientific & Industrial Research Organisation- Neil Klaer "], "metadataProvider": ["\u00c2\u00a0Flanders Marine Institute(VLIZ) BEhttps://www.vliz.be"], "contact": ["\u00c2\u00a0Commonwealth Scientific & Industrial Research Organisation- Neil Klaer "], "associatedParty": [" contentProvider\u00c2\u00a0Commonwealth Scientific & Industrial Research Organisation- Neil Klaer "], "licenseInformation": [" Intellectual Rights This work is licensed under a Creative Commons Attribution (CC-BY) 4.0 License .\u00c2\u00a0 "], "downloadLink": ["https://metadatacatalogue.lifewatch.eu:/geonetwork/eng/catalog.search#/metadata/oai:marineinfo.org:id:dataset:3137"], "keywords": ["Fishery statistics Historical records Overfishing Trawling"], "geographicCoverage": ["Geographic Description EurOBIS calculated BBOX > station Bounding Box Bounding Box West Bounding Coordinate 148.52 East Bounding Coordinate 154.86781 North Bounding Coordinate -29.11725 South Bounding Coordinate -38.03"], "westBoundingCoordinate": ["148.52"], "eastBoundingCoordinate": ["154.86781"], "northBoundingCoordinate": ["-29.11725"], "southBoundingCoordinate": ["-38.03"], "dateCreated": ["1918-01-01"], "temporalCoverageEndDate": ["1923-01-01"], "license": ["https://hydra.hull.ac.uk/assets/hull:1934/content03"], "distribution": ["https://hydra.hull.ac.uk/assets/hull:1934/content03"], "distributionInfo": ["https://hydra.hull.ac.uk/assets/hull:1934/content03"], "identifier": ["https://metadatacatalogue.lifewatch.eu:/geonetwork/eng/catalog.search#/metadata/oai:marineinfo.org:id:dataset:3137"], "accessibilitySummary": ["N/A"], "version": ["N/A"], "temporalCoverage": ["N/A"], "publisher": ["N/A"], "spatial": ["N/A"], "citation": ["N/A"], "genre": ["N/A"], "modificationDate": ["2021-12-02"], "image": ["N/A"], "thumbnailUrl": ["N/A"], "headline": ["HMAP Dataset 01: SE Australian Trawl Fishery I: Fish (various) landings and fishing effort, South East Australia, 1918-1923"], "abstract": ["Historical data relating to theSouth East Fishery (SEF), time period1918-1923."], "theme": ["N/A"], "creditText": ["N/A"], "producer": ["\u00c2\u00a0Commonwealth Scientific & Industrial Research Organisation- Neil Klaer "], "author": ["\u00c2\u00a0Commonwealth Scientific & Industrial Research Organisation- Neil Klaer "], "spatialCoverage": [" calculated BBOX > station Bounding Box Bounding Box West Bounding Coordinate 148.52 East Bounding Coordinate 154.86781 North Bounding Coordinate -29.11725 South Bounding Coordinate -38.03"], "sponsor": ["N/A"], "size": ["N/A"], "sameAs": ["N/A"], "publication": ["N/A"], "provider": ["\u00c2\u00a0Commonwealth Scientific & Industrial Research Organisation- Neil Klaer "], "position": ["N/A"], "measurementTechnique": ["N/A"], "material": ["N/A"], "maintainer": ["N/A"], "locationCreated": ["N/A"], "issn": ["N/A"], "isPartOf": ["N/A"], "isBasedOn": ["N/A"], "isAccessibleForFree": ["N/A"], "includedInDataCatalog": ["N/A"], "editor": ["N/A"], "editEIDR": ["N/A"], "copyrightYear": ["N/A"], "copyrightNotice": ["N/A"], "copyrightHolder": ["N/A"], "contributor": ["N/A"], "contentReferenceTime": ["N/A"], "contentLocation": ["N/A"], "character": ["N/A"], "acquireLicensePage": ["N/A"], "accessModeSufficient": ["N/A"], "about": ["N/A"], "rights": ["N/A"], "relation": ["N/A"], "qualifiedRelation": ["N/A"], "qualifiedAttribution": ["N/A"], "previousVersion": ["N/A"], "nextVersion": ["N/A"], "landingPage": ["N/A"], "isReferencedBy": ["N/A"], "hasVersion": ["N/A"], "hasPolicy": ["N/A"], "hasCurrentVersion": ["N/A"], "useConstraints": ["N/A"], "status": ["N/A"], "spatialRepresentationType": ["N/A"], "scope": ["N/A"], "purpose": ["N/A"], "otherLocale": ["N/A"], "metadataProfile": ["N/A"], "metadataLinkage": ["N/A"], "metadataIdentifier": ["N/A"], "environmentDescription": ["N/A"], "contentInfo": ["N/A"], "ResearchInfrastructure": ["LifeWatch"], "EssentialVariables": ["N/A"], "potentialTopics": ["N/A"]}