{"url": ["https://metadatacatalogue.lifewatch.eu:/geonetwork/api/records/oai:marineinfo.org:id:dataset:1866"], "name": ["National Museum of Natural History Invertebrate Zoology Collections"], "description": ["NMNH Invertebrate Zoology Collections records, 8784 Bryozoa,68401 Coelenterates, 220965 Crustacea, 75012 Echinoderms, 196851 Mollusks,28853 Porifera, 16466 Tunicates, 171401 Worms, 93268 General; Total number of 884216 records currentlyrepresent approximately 33% of actual specimenholdings, as of 10 May2007."], "datePublished": ["2021-12-02"], "language": ["en"], "creator": ["\u00c2\u00a0Smithsonian Institution; National Museumof Natural History Department of InvertebrateZoology US "], "metadataProvider": ["\u00c2\u00a0Flanders Marine Institute(VLIZ) BEhttps://www.vliz.be"], "contact": ["\u00c2\u00a0Flanders Marine Institute(VLIZ) BEhttps://www.vliz.be"], "associatedParty": [" custodianSteward\u00c2\u00a0Smithsonian Institution; National Museumof Natural History; Department of InvertebrateZoology- Cheryl Bright "], "licenseInformation": [" Intellectual Rights This work is licensed under a Creative Commons Attribution (CC-BY) 4.0 License .\u00c2\u00a0 "], "downloadLink": ["https://metadatacatalogue.lifewatch.eu:/srv/eng/catalog.search#/metadata/oai:marineinfo.org:id:dataset:1866"], "keywords": ["Bryozoan Coelenterates Crustacea Echinoderm Molluscs Worms"], "geographicCoverage": ["Geographic Description PS, SouthernOcean"], "westBoundingCoordinate": ["N/A"], "eastBoundingCoordinate": ["N/A"], "northBoundingCoordinate": ["N/A"], "southBoundingCoordinate": ["N/A"], "dateCreated": ["N/A"], "temporalCoverageEndDate": ["N/A"], "license": ["http://invertebrates.si.edu/index.htm"], "distribution": ["http://invertebrates.si.edu/index.htm"], "distributionInfo": ["http://invertebrates.si.edu/index.htm"], "identifier": ["https://metadatacatalogue.lifewatch.eu:/srv/eng/catalog.search#/metadata/oai:marineinfo.org:id:dataset:1866"], "accessibilitySummary": ["N/A"], "version": ["N/A"], "temporalCoverage": ["N/A"], "publisher": ["N/A"], "spatial": ["N/A"], "citation": ["N/A"], "genre": ["N/A"], "modificationDate": ["2021-12-02"], "image": ["N/A"], "thumbnailUrl": ["N/A"], "headline": ["National Museum of Natural History Invertebrate Zoology Collections"], "abstract": ["NMNH Invertebrate Zoology Collections records, 8784 Bryozoa,68401 Coelenterates, 220965 Crustacea, 75012 Echinoderms, 196851 Mollusks,28853 Porifera, 16466 Tunicates, 171401 Worms, 93268 General; Total number of 884216 records currentlyrepresent approximately 33% of actual specimenholdings, as of 10 May2007."], "theme": ["N/A"], "creditText": ["N/A"], "producer": ["\u00c2\u00a0Smithsonian Institution; National Museumof Natural History Department of InvertebrateZoology US "], "author": ["\u00c2\u00a0Smithsonian Institution; National Museumof Natural History Department of InvertebrateZoology US "], "spatialCoverage": [" PS SouthernOcean"], "sponsor": ["N/A"], "size": ["N/A"], "sameAs": ["N/A"], "publication": ["N/A"], "provider": ["\u00c2\u00a0Smithsonian Institution; National Museumof Natural History Department of InvertebrateZoology US "], "position": ["N/A"], "measurementTechnique": ["N/A"], "material": ["N/A"], "maintainer": ["N/A"], "locationCreated": ["N/A"], "issn": ["N/A"], "isPartOf": ["N/A"], "isBasedOn": ["N/A"], "isAccessibleForFree": ["N/A"], "includedInDataCatalog": ["N/A"], "editor": ["N/A"], "editEIDR": ["N/A"], "copyrightYear": ["N/A"], "copyrightNotice": ["N/A"], "copyrightHolder": ["N/A"], "contributor": ["N/A"], "contentReferenceTime": ["N/A"], "contentLocation": ["N/A"], "character": ["N/A"], "acquireLicensePage": ["N/A"], "accessModeSufficient": ["N/A"], "about": ["N/A"], "rights": ["N/A"], "relation": ["N/A"], "qualifiedRelation": ["N/A"], "qualifiedAttribution": ["N/A"], "previousVersion": ["N/A"], "nextVersion": ["N/A"], "landingPage": ["N/A"], "isReferencedBy": ["N/A"], "hasVersion": ["N/A"], "hasPolicy": ["N/A"], "hasCurrentVersion": ["N/A"], "useConstraints": ["N/A"], "status": ["N/A"], "spatialRepresentationType": ["N/A"], "scope": ["N/A"], "purpose": ["N/A"], "otherLocale": ["N/A"], "metadataProfile": ["N/A"], "metadataLinkage": ["N/A"], "metadataIdentifier": ["N/A"], "environmentDescription": ["N/A"], "contentInfo": ["N/A"], "ResearchInfrastructure": ["LifeWatch"], "EssentialVariables": ["N/A"], "potentialTopics": ["N/A"]}