{"url": ["https://metadatacatalogue.lifewatch.eu:/geonetwork/api/records/oai:marineinfo.org:id:dataset:5472"], "name": ["Study of epibenthos and demersal fish of the titanium dioxide discharge area in the Dutch Continental Shelf (1976-1981)"], "description": ["Presence, density and biomass data for ichtyofauna and epibenthossampled in the KRONOS dischargearea (Dutch Continental Shelf) between 1976 and 1981 and comparison of thesedata with a coastal reference zone choosen in the Belgian Part of the NorthSea. The datawere digitized by VLIZ from the original report: see refIDs 205648, 205649,205661."], "datePublished": ["2021-12-02"], "language": ["en"], "creator": ["\u00c2\u00a0Centrum voor LandbouwkundigOnderzoek "], "metadataProvider": ["\u00c2\u00a0Flanders Marine Institute(VLIZ) BEhttps://www.vliz.be"], "contact": ["\u00c2\u00a0Vlaams Instituut voor de Zee BE "], "associatedParty": [" custodianSteward\u00c2\u00a0Vlaams Instituut voor de Zee BE "], "licenseInformation": [" Intellectual Rights This work is licensed under a Creative Commons Attribution (CC-BY) 4.0 License .\u00c2\u00a0 "], "downloadLink": ["https://metadatacatalogue.lifewatch.eu:/srv/eng/catalog.search#/metadata/oai:marineinfo.org:id:dataset:5472"], "keywords": ["Demersal fishes Discharge Dumping Ecological monitoring Epibenthos Ichthyofauna Titanium dioxide Wastes"], "geographicCoverage": ["Geographic Description ANE, Belgium, Belgian Continental Shelf (BCS)"], "westBoundingCoordinate": ["2.573"], "eastBoundingCoordinate": ["3.345329"], "northBoundingCoordinate": ["52.28386"], "southBoundingCoordinate": ["51.139"], "dateCreated": ["1976-01-01"], "temporalCoverageEndDate": ["1981-01-01"], "license": ["N/A"], "distribution": ["N/A"], "distributionInfo": ["N/A"], "identifier": ["https://metadatacatalogue.lifewatch.eu:/srv/eng/catalog.search#/metadata/oai:marineinfo.org:id:dataset:5472"], "accessibilitySummary": ["N/A"], "version": ["N/A"], "temporalCoverage": ["N/A"], "publisher": ["N/A"], "spatial": ["N/A"], "citation": ["N/A"], "genre": ["N/A"], "modificationDate": ["2021-12-02"], "image": ["N/A"], "thumbnailUrl": ["N/A"], "headline": ["Study of epibenthos and demersal fish of the titanium dioxide discharge area in the Dutch Continental Shelf (1976-1981)"], "abstract": ["Presence, density and biomass data for ichtyofauna and epibenthossampled in the KRONOS dischargearea (Dutch Continental Shelf) between 1976 and 1981 and comparison of thesedata with a coastal reference zone choosen in the Belgian Part of the NorthSea. The datawere digitized by VLIZ from the original report: see refIDs 205648, 205649,205661."], "theme": ["N/A"], "creditText": ["N/A"], "producer": ["\u00c2\u00a0Centrum voor LandbouwkundigOnderzoek "], "author": ["\u00c2\u00a0Centrum voor LandbouwkundigOnderzoek "], "spatialCoverage": [" Belgium Belgian Continental Shelf (BCS)"], "sponsor": ["N/A"], "size": ["N/A"], "sameAs": ["N/A"], "publication": ["N/A"], "provider": ["\u00c2\u00a0Centrum voor LandbouwkundigOnderzoek "], "position": ["N/A"], "measurementTechnique": ["N/A"], "material": ["N/A"], "maintainer": ["N/A"], "locationCreated": ["N/A"], "issn": ["N/A"], "isPartOf": ["N/A"], "isBasedOn": ["N/A"], "isAccessibleForFree": ["N/A"], "includedInDataCatalog": ["N/A"], "editor": ["N/A"], "editEIDR": ["N/A"], "copyrightYear": ["N/A"], "copyrightNotice": ["N/A"], "copyrightHolder": ["N/A"], "contributor": ["N/A"], "contentReferenceTime": ["N/A"], "contentLocation": ["N/A"], "character": ["N/A"], "acquireLicensePage": ["N/A"], "accessModeSufficient": ["N/A"], "about": ["N/A"], "rights": ["N/A"], "relation": ["N/A"], "qualifiedRelation": ["N/A"], "qualifiedAttribution": ["N/A"], "previousVersion": ["N/A"], "nextVersion": ["N/A"], "landingPage": ["N/A"], "isReferencedBy": ["N/A"], "hasVersion": ["N/A"], "hasPolicy": ["N/A"], "hasCurrentVersion": ["N/A"], "useConstraints": ["N/A"], "status": ["N/A"], "spatialRepresentationType": ["N/A"], "scope": ["N/A"], "purpose": ["N/A"], "otherLocale": ["N/A"], "metadataProfile": ["N/A"], "metadataLinkage": ["N/A"], "metadataIdentifier": ["N/A"], "environmentDescription": ["N/A"], "contentInfo": ["N/A"], "ResearchInfrastructure": ["LifeWatch"], "EssentialVariables": ["N/A"], "potentialTopics": ["N/A"]}