{"url": ["https://metadatacatalogue.lifewatch.eu:/geonetwork/api/records/oai:marineinfo.org:id:dataset:6386"], "name": ["Irish Benthos monitoring as part of the Water framework directive since 2012"], "description": ["A requirement of the Water Framework Directive is thatbenthicmacro-invertebrates must be sampled fromcoastal and transitionalwaters at least twice within a riverbasincycle (6 years) in order to classify these waterbodies. Numerous samples will be taken from sites in matchedhabitats throughout the water body. Sampling and analysisis carried out according to established protocols. The Directive requires the sampling of nominated coastaland transitional waters for benthic macro-invertebrates. This includes the field sampling,processing and analysis of samples. In addition, grab sampleshave been taken on vessels of opportunity and are considered suitable to fulfill obligations under the WFD. For each grab sample collectedthis dataset contains: - lists and abundance of benthicspecies >1mm, -sediment particle size analysis (PSA), -Folk(1954) sediment classification, and an estimate of organic matter (LOI)."], "datePublished": ["2021-12-02"], "language": ["en"], "creator": ["\u00c2\u00a0Marine InstituteIreland IE "], "metadataProvider": ["\u00c2\u00a0Flanders Marine Institute(VLIZ) BEhttps://www.vliz.be"], "contact": ["\u00c2\u00a0Flanders Marine Institute(VLIZ) BEhttps://www.vliz.be"], "associatedParty": ["N/A"], "licenseInformation": [" Intellectual Rights This work is licensed under a Creative Commons Attribution (CC-BY) 4.0 License .\u00c2\u00a0 "], "downloadLink": ["https://metadatacatalogue.lifewatch.eu:/srv/eng/catalog.search#/metadata/oai:marineinfo.org:id:dataset:6386"], "keywords": ["European Water Framework Directive (WFD) Marine Marine-sediments"], "geographicCoverage": ["Geographic Description EurOBIS calculated BBOX > station Bounding Box Bounding Box West Bounding Coordinate -10.10868 East Bounding Coordinate -5.985201 North Bounding Coordinate 55.2562 South Bounding Coordinate 51.434"], "westBoundingCoordinate": ["-10.10868"], "eastBoundingCoordinate": ["-5.985201"], "northBoundingCoordinate": ["55.2562"], "southBoundingCoordinate": ["51.434"], "dateCreated": ["N/A"], "temporalCoverageEndDate": ["N/A"], "license": ["http://data.marine.ie/geonetwork/srv/eng/catalog.search#/metadata/ie.marine.data:dataset.3777"], "distribution": ["http://data.marine.ie/geonetwork/srv/eng/catalog.search#/metadata/ie.marine.data:dataset.3777"], "distributionInfo": ["http://data.marine.ie/geonetwork/srv/eng/catalog.search#/metadata/ie.marine.data:dataset.3777"], "identifier": ["https://metadatacatalogue.lifewatch.eu:/srv/eng/catalog.search#/metadata/oai:marineinfo.org:id:dataset:6386"], "accessibilitySummary": ["N/A"], "version": ["N/A"], "temporalCoverage": ["N/A"], "publisher": ["N/A"], "spatial": ["N/A"], "citation": ["N/A"], "genre": ["N/A"], "modificationDate": ["2021-12-02"], "image": ["N/A"], "thumbnailUrl": ["N/A"], "headline": ["Irish Benthos monitoring as part of the Water framework directive since 2012"], "abstract": ["A requirement of the Water Framework Directive is thatbenthicmacro-invertebrates must be sampled fromcoastal and transitionalwaters at least twice within a riverbasincycle (6 years) in order to classify these waterbodies. Numerous samples will be taken from sites in matchedhabitats throughout the water body. Sampling and analysisis carried out according to established protocols. The Directive requires the sampling of nominated coastaland transitional waters for benthic macro-invertebrates. This includes the field sampling,processing and analysis of samples. In addition, grab sampleshave been taken on vessels of opportunity and are considered suitable to fulfill obligations under the WFD. For each grab sample collectedthis dataset contains: - lists and abundance of benthicspecies >1mm, -sediment particle size analysis (PSA), -Folk(1954) sediment classification, and an estimate of organic matter (LOI)."], "theme": ["N/A"], "creditText": ["N/A"], "producer": ["\u00c2\u00a0Marine InstituteIreland IE "], "author": ["\u00c2\u00a0Marine InstituteIreland IE "], "spatialCoverage": [" calculated BBOX > station Bounding Box Bounding Box West Bounding Coordinate -10.10868 East Bounding Coordinate -5.985201 North Bounding Coordinate 55.2562 South Bounding Coordinate 51.434"], "sponsor": ["N/A"], "size": ["N/A"], "sameAs": ["N/A"], "publication": ["N/A"], "provider": ["\u00c2\u00a0Marine InstituteIreland IE "], "position": ["N/A"], "measurementTechnique": ["N/A"], "material": ["N/A"], "maintainer": ["N/A"], "locationCreated": ["N/A"], "issn": ["N/A"], "isPartOf": ["N/A"], "isBasedOn": ["N/A"], "isAccessibleForFree": ["N/A"], "includedInDataCatalog": ["N/A"], "editor": ["N/A"], "editEIDR": ["N/A"], "copyrightYear": ["N/A"], "copyrightNotice": ["N/A"], "copyrightHolder": ["N/A"], "contributor": ["N/A"], "contentReferenceTime": ["N/A"], "contentLocation": ["N/A"], "character": ["N/A"], "acquireLicensePage": ["N/A"], "accessModeSufficient": ["N/A"], "about": ["N/A"], "rights": ["N/A"], "relation": ["N/A"], "qualifiedRelation": ["N/A"], "qualifiedAttribution": ["N/A"], "previousVersion": ["N/A"], "nextVersion": ["N/A"], "landingPage": ["N/A"], "isReferencedBy": ["N/A"], "hasVersion": ["N/A"], "hasPolicy": ["N/A"], "hasCurrentVersion": ["N/A"], "useConstraints": ["N/A"], "status": ["N/A"], "spatialRepresentationType": ["N/A"], "scope": ["N/A"], "purpose": ["N/A"], "otherLocale": ["N/A"], "metadataProfile": ["N/A"], "metadataLinkage": ["N/A"], "metadataIdentifier": ["N/A"], "environmentDescription": ["N/A"], "contentInfo": ["N/A"], "ResearchInfrastructure": ["LifeWatch"], "EssentialVariables": ["N/A"], "potentialTopics": ["N/A"]}