{"url": ["https://metadatacatalogue.lifewatch.eu:/geonetwork/api/records/oai:marineinfo.org:id:dataset:6022"], "name": ["Zooplankton biomass and abundance in Estonian territorial waters 1993-2016"], "description": ["Zooplankton dataset contains data on the species composition, biomass and abundance of meso- and merozooplankton groups. The data are gatheredduring the Estoniannational monitoring of coastal and open seainthe Baltic Sea. Samples are collectedvertically from three horizons 1)near-bottom to upper halocline layer, 2) halocline top layer to termocline top layer 3) termocline top layer to surface in accordancewith the Manual for Marine Monitoring in the COMBINE programme of HELCOM. The samples are analysed using microscopy. Biomass andabundance records are provided for such groups likeRotatoria, Copepoda, Cladoceraetc."], "datePublished": ["2021-12-02"], "language": ["en"], "creator": ["\u00c2\u00a0University of Tartu; Estonian Marine Institute "], "metadataProvider": ["\u00c2\u00a0Flanders Marine Institute(VLIZ) BEhttps://www.vliz.be"], "contact": ["\u00c2\u00a0Ministry of the Environmentof the EstonianRepublic- Asko P\u00c3\u00b5der "], "associatedParty": ["N/A"], "licenseInformation": [" Intellectual Rights This work is licensed under a Creative Commons Attribution NonCommercial (CC-BY-NC) 4.0 License .\u00c2\u00a0 "], "downloadLink": ["https://metadatacatalogue.lifewatch.eu:/srv/eng/catalog.search#/metadata/oai:marineinfo.org:id:dataset:6022"], "keywords": ["Abundance index Mesozooplankton Zooplankton biomass"], "geographicCoverage": ["Geographic Description ANE, Baltic, BalticProper"], "westBoundingCoordinate": ["20.533334"], "eastBoundingCoordinate": ["27.976441"], "northBoundingCoordinate": ["59.916667"], "southBoundingCoordinate": ["57.616668"], "dateCreated": ["N/A"], "temporalCoverageEndDate": ["N/A"], "license": ["N/A"], "distribution": ["N/A"], "distributionInfo": ["N/A"], "identifier": ["https://metadatacatalogue.lifewatch.eu:/srv/eng/catalog.search#/metadata/oai:marineinfo.org:id:dataset:6022"], "accessibilitySummary": ["N/A"], "version": ["N/A"], "temporalCoverage": ["N/A"], "publisher": ["N/A"], "spatial": ["N/A"], "citation": ["N/A"], "genre": ["N/A"], "modificationDate": ["2021-12-02"], "image": ["N/A"], "thumbnailUrl": ["N/A"], "headline": ["Zooplankton biomass and abundance in Estonian territorial waters 1993-2016"], "abstract": ["Zooplankton dataset contains data on the species composition, biomass and abundance of meso- and merozooplankton groups. The data are gatheredduring the Estoniannational monitoring of coastal and open seainthe Baltic Sea. Samples are collectedvertically from three horizons 1)near-bottom to upper halocline layer, 2) halocline top layer to termocline top layer 3) termocline top layer to surface in accordancewith the Manual for Marine Monitoring in the COMBINE programme of HELCOM. The samples are analysed using microscopy. Biomass andabundance records are provided for such groups likeRotatoria, Copepoda, Cladoceraetc."], "theme": ["N/A"], "creditText": ["N/A"], "producer": ["\u00c2\u00a0University of Tartu; Estonian Marine Institute "], "author": ["\u00c2\u00a0University of Tartu; Estonian Marine Institute "], "spatialCoverage": [" Baltic BalticProper"], "sponsor": ["N/A"], "size": ["N/A"], "sameAs": ["N/A"], "publication": ["N/A"], "provider": ["\u00c2\u00a0University of Tartu; Estonian Marine Institute "], "position": ["N/A"], "measurementTechnique": ["N/A"], "material": ["N/A"], "maintainer": ["N/A"], "locationCreated": ["N/A"], "issn": ["N/A"], "isPartOf": ["N/A"], "isBasedOn": ["N/A"], "isAccessibleForFree": ["N/A"], "includedInDataCatalog": ["N/A"], "editor": ["N/A"], "editEIDR": ["N/A"], "copyrightYear": ["N/A"], "copyrightNotice": ["N/A"], "copyrightHolder": ["N/A"], "contributor": ["N/A"], "contentReferenceTime": ["N/A"], "contentLocation": ["N/A"], "character": ["N/A"], "acquireLicensePage": ["N/A"], "accessModeSufficient": ["N/A"], "about": ["N/A"], "rights": ["N/A"], "relation": ["N/A"], "qualifiedRelation": ["N/A"], "qualifiedAttribution": ["N/A"], "previousVersion": ["N/A"], "nextVersion": ["N/A"], "landingPage": ["N/A"], "isReferencedBy": ["N/A"], "hasVersion": ["N/A"], "hasPolicy": ["N/A"], "hasCurrentVersion": ["N/A"], "useConstraints": ["N/A"], "status": ["N/A"], "spatialRepresentationType": ["N/A"], "scope": ["N/A"], "purpose": ["N/A"], "otherLocale": ["N/A"], "metadataProfile": ["N/A"], "metadataLinkage": ["N/A"], "metadataIdentifier": ["N/A"], "environmentDescription": ["N/A"], "contentInfo": ["N/A"], "ResearchInfrastructure": ["LifeWatch"], "EssentialVariables": ["N/A"], "potentialTopics": ["N/A"]}