{"url": ["https://metadatacatalogue.lifewatch.eu:/srv/api/records/oai:marineinfo.org:id:dataset:2736"], "name": ["PANGAEA - Data from European iron fertilization experiment (EIFEX)"], "description": ["Phytoplankton en microzooplankton measurements during aEuropean iron fertilizationexperiment."], "datePublished": ["2021-12-02"], "language": ["en"], "creator": ["\u00c2\u00a0Alfred Wegener Institute for Polar- and Marine Research- Victor Smetacek "], "metadataProvider": ["\u00c2\u00a0Flanders Marine Institute(VLIZ) BEhttps://www.vliz.be"], "contact": ["\u00c2\u00a0Flanders Marine Institute(VLIZ) BEhttps://www.vliz.be"], "associatedParty": [" custodianSteward\u00c2\u00a0Alfred Wegener Institute for Polar- and Marine Research- Victor Smetacek "], "licenseInformation": [" Intellectual Rights This work is licensed under a Creative Commons Attribution (CC-BY) 4.0 License .\u00c2\u00a0 "], "downloadLink": ["https://metadatacatalogue.lifewatch.eu:/srv/eng/catalog.search#/metadata/oai:marineinfo.org:id:dataset:2736"], "keywords": ["Data Marine Genomics"], "geographicCoverage": ["Geographic Description EurOBIS calculated BBOX > station Bounding Box Bounding Box West Bounding Coordinate 1.8397 East Bounding Coordinate 2.5487 North Bounding Coordinate -48.9954 South Bounding Coordinate -49.5313"], "westBoundingCoordinate": ["1.8397"], "eastBoundingCoordinate": ["2.5487"], "northBoundingCoordinate": ["-48.9954"], "southBoundingCoordinate": ["-49.5313"], "dateCreated": ["2004-01-01"], "temporalCoverageEndDate": ["2004-01-01"], "license": ["N/A"], "distribution": ["N/A"], "distributionInfo": ["N/A"], "identifier": ["https://metadatacatalogue.lifewatch.eu:/srv/eng/catalog.search#/metadata/oai:marineinfo.org:id:dataset:2736"], "accessibilitySummary": ["N/A"], "version": ["N/A"], "temporalCoverage": ["N/A"], "publisher": ["N/A"], "spatial": ["N/A"], "citation": ["N/A"], "genre": ["N/A"], "modificationDate": ["2021-12-02"], "image": ["N/A"], "thumbnailUrl": ["N/A"], "headline": ["PANGAEA - Data from European iron fertilization experiment (EIFEX)"], "abstract": ["Phytoplankton en microzooplankton measurements during aEuropean iron fertilizationexperiment."], "theme": ["N/A"], "creditText": ["N/A"], "producer": ["\u00c2\u00a0Alfred Wegener Institute for Polar- and Marine Research- Victor Smetacek "], "author": ["\u00c2\u00a0Alfred Wegener Institute for Polar- and Marine Research- Victor Smetacek "], "spatialCoverage": [" calculated BBOX > station Bounding Box Bounding Box West Bounding Coordinate 1.8397 East Bounding Coordinate 2.5487 North Bounding Coordinate -48.9954 South Bounding Coordinate -49.5313"], "sponsor": ["N/A"], "size": ["N/A"], "sameAs": ["N/A"], "publication": ["N/A"], "provider": ["\u00c2\u00a0Alfred Wegener Institute for Polar- and Marine Research- Victor Smetacek "], "position": ["N/A"], "measurementTechnique": ["N/A"], "material": ["N/A"], "maintainer": ["N/A"], "locationCreated": ["N/A"], "issn": ["N/A"], "isPartOf": ["N/A"], "isBasedOn": ["N/A"], "isAccessibleForFree": ["N/A"], "includedInDataCatalog": ["N/A"], "editor": ["N/A"], "editEIDR": ["N/A"], "copyrightYear": ["N/A"], "copyrightNotice": ["N/A"], "copyrightHolder": ["N/A"], "contributor": ["N/A"], "contentReferenceTime": ["N/A"], "contentLocation": ["N/A"], "character": ["N/A"], "acquireLicensePage": ["N/A"], "accessModeSufficient": ["N/A"], "about": ["N/A"], "rights": ["N/A"], "relation": ["N/A"], "qualifiedRelation": ["N/A"], "qualifiedAttribution": ["N/A"], "previousVersion": ["N/A"], "nextVersion": ["N/A"], "landingPage": ["N/A"], "isReferencedBy": ["N/A"], "hasVersion": ["N/A"], "hasPolicy": ["N/A"], "hasCurrentVersion": ["N/A"], "useConstraints": ["N/A"], "status": ["N/A"], "spatialRepresentationType": ["N/A"], "scope": ["N/A"], "purpose": ["N/A"], "otherLocale": ["N/A"], "metadataProfile": ["N/A"], "metadataLinkage": ["N/A"], "metadataIdentifier": ["N/A"], "environmentDescription": ["N/A"], "contentInfo": ["N/A"], "ResearchInfrastructure": ["LifeWatch"], "EssentialVariables": ["N/A"], "potentialTopics": ["N/A"]}