{"url": ["https://metadatacatalogue.lifewatch.eu:/geonetwork/api/records/oai:marineinfo.org:id:dataset:5834"], "name": ["Acoustic detections of sperm whales from research cruises in the Med sea, 1994-2001"], "description": ["Original provider: Claudio Fossati, University of Pavia Dataset credits:Claudio Fossati and Giulia Rom\u00c3\u00a8, CIBRA Center for Bioacoustics, University of Pavia Abstract: CIBRA Center for Bioacoustics,Univ. of Pavia, organizes research cruises in the Medsea since 1994. Visualand acoustic contacts (1994 - 2001) are available on OBIS-SEAMAP, while acoustic recordings are stored in our Soundlibrary and availableupon request. Purpose: Data were collected duringcetacean research campaigns, acoustic software and hardware developmentcampaigns."], "datePublished": ["2021-12-02"], "language": ["en"], "creator": ["\u00c2\u00a0Universit\u00c3\u00a0 degli Studi di Pavia; Interdisciplinary Centre for Bioacoustics- Claudio Fossati "], "metadataProvider": ["\u00c2\u00a0Flanders Marine Institute(VLIZ) BEhttps://www.vliz.be"], "contact": ["\u00c2\u00a0Universit\u00c3\u00a0 degli Studi di Pavia; Interdisciplinary Centre for Bioacoustics- Claudio Fossati "], "associatedParty": [" pointOfContact\u00c2\u00a0Whale and Dolphin ConservationSociety "], "licenseInformation": [" Intellectual Rights This work is licensed under a Creative Commons Attribution (CC-BY) 4.0 License .\u00c2\u00a0 "], "downloadLink": ["https://metadatacatalogue.lifewatch.eu:/srv/eng/catalog.search#/metadata/oai:marineinfo.org:id:dataset:5834"], "keywords": ["Acoustic surveying Observation Whales"], "geographicCoverage": ["Geographic Description MED, Central Mediterranean"], "westBoundingCoordinate": ["N/A"], "eastBoundingCoordinate": ["N/A"], "northBoundingCoordinate": ["N/A"], "southBoundingCoordinate": ["N/A"], "dateCreated": ["1994-06-24"], "temporalCoverageEndDate": ["2001-07-11"], "license": ["N/A"], "distribution": ["N/A"], "distributionInfo": ["N/A"], "identifier": ["https://metadatacatalogue.lifewatch.eu:/srv/eng/catalog.search#/metadata/oai:marineinfo.org:id:dataset:5834"], "accessibilitySummary": ["N/A"], "version": ["N/A"], "temporalCoverage": ["N/A"], "publisher": ["N/A"], "spatial": ["N/A"], "citation": ["N/A"], "genre": ["N/A"], "modificationDate": ["2021-12-02"], "image": ["N/A"], "thumbnailUrl": ["N/A"], "headline": ["Acoustic detections of sperm whales from research cruises in the Med sea, 1994-2001"], "abstract": ["Original provider: Claudio Fossati, University of Pavia Dataset credits:Claudio Fossati and Giulia Rom\u00c3\u00a8, CIBRA Center for Bioacoustics, University of Pavia Abstract: CIBRA Center for Bioacoustics,Univ. of Pavia, organizes research cruises in the Medsea since 1994. Visualand acoustic contacts (1994 - 2001) are available on OBIS-SEAMAP, while acoustic recordings are stored in our Soundlibrary and availableupon request. Purpose: Data were collected duringcetacean research campaigns, acoustic software and hardware developmentcampaigns."], "theme": ["N/A"], "creditText": ["N/A"], "producer": ["\u00c2\u00a0Universit\u00c3\u00a0 degli Studi di Pavia; Interdisciplinary Centre for Bioacoustics- Claudio Fossati "], "author": ["\u00c2\u00a0Universit\u00c3\u00a0 degli Studi di Pavia; Interdisciplinary Centre for Bioacoustics- Claudio Fossati "], "spatialCoverage": [" Central Mediterranean"], "sponsor": ["N/A"], "size": ["N/A"], "sameAs": ["N/A"], "publication": ["N/A"], "provider": ["\u00c2\u00a0Universit\u00c3\u00a0 degli Studi di Pavia; Interdisciplinary Centre for Bioacoustics- Claudio Fossati "], "position": ["N/A"], "measurementTechnique": ["N/A"], "material": ["N/A"], "maintainer": ["N/A"], "locationCreated": ["N/A"], "issn": ["N/A"], "isPartOf": ["N/A"], "isBasedOn": ["N/A"], "isAccessibleForFree": ["N/A"], "includedInDataCatalog": ["N/A"], "editor": ["N/A"], "editEIDR": ["N/A"], "copyrightYear": ["N/A"], "copyrightNotice": ["N/A"], "copyrightHolder": ["N/A"], "contributor": ["N/A"], "contentReferenceTime": ["N/A"], "contentLocation": ["N/A"], "character": ["N/A"], "acquireLicensePage": ["N/A"], "accessModeSufficient": ["N/A"], "about": ["N/A"], "rights": ["N/A"], "relation": ["N/A"], "qualifiedRelation": ["N/A"], "qualifiedAttribution": ["N/A"], "previousVersion": ["N/A"], "nextVersion": ["N/A"], "landingPage": ["N/A"], "isReferencedBy": ["N/A"], "hasVersion": ["N/A"], "hasPolicy": ["N/A"], "hasCurrentVersion": ["N/A"], "useConstraints": ["N/A"], "status": ["N/A"], "spatialRepresentationType": ["N/A"], "scope": ["N/A"], "purpose": ["N/A"], "otherLocale": ["N/A"], "metadataProfile": ["N/A"], "metadataLinkage": ["N/A"], "metadataIdentifier": ["N/A"], "environmentDescription": ["N/A"], "contentInfo": ["N/A"], "ResearchInfrastructure": ["LifeWatch"], "EssentialVariables": ["N/A"], "potentialTopics": ["N/A"]}