{"url": ["https://metadatacatalogue.lifewatch.eu:/geonetwork/api/records/oai:marineinfo.org:id:dataset:6400"], "name": ["Free-living nematodes of the C1-LTER station (Gulf of Trieste, Northern Adriatic Sea), 2010-2012"], "description": ["Monitoring of free-living nematodes at the C1-LTERstation (Gulf of Trieste,northern Adriatic Sea), seasonal frequency from 07-2010 to07-2012. The sampling was carried out by a KC Haps bottom corer with polycarbonate sample tubes (12.7 cm I.D.with a sample area of 127cm2)."], "datePublished": ["2021-12-02"], "language": ["en"], "creator": ["\u00c2\u00a0National Institute of Oceanography andExperimentalGeophysics- Paola Del Negro "], "metadataProvider": ["\u00c2\u00a0Flanders Marine Institute(VLIZ) BEhttps://www.vliz.be"], "contact": ["\u00c2\u00a0National Institute of Oceanography andExperimentalGeophysics- Annalisa Franzo "], "associatedParty": [" contentProvider\u00c2\u00a0National Institute of Oceanography andExperimentalGeophysics- Marina Lipizer "], "licenseInformation": [" Intellectual Rights This work is licensed under a Creative Commons Attribution NonCommercial (CC-BY-NC) 4.0 License .\u00c2\u00a0 "], "downloadLink": ["https://metadatacatalogue.lifewatch.eu:/srv/eng/catalog.search#/metadata/oai:marineinfo.org:id:dataset:6400"], "keywords": ["Benthos Meiobenthos Nematoda"], "geographicCoverage": ["Geographic Description EurOBIS calculated BBOX > station Bounding Box Bounding Box West Bounding Coordinate 13.71 East Bounding Coordinate 13.71 North Bounding Coordinate 45.70083333 South Bounding Coordinate 45.70083333"], "westBoundingCoordinate": ["13.71"], "eastBoundingCoordinate": ["13.71"], "northBoundingCoordinate": ["45.70083333"], "southBoundingCoordinate": ["45.70083333"], "dateCreated": ["2010-07-01"], "temporalCoverageEndDate": ["2012-07-31"], "license": ["N/A"], "distribution": ["N/A"], "distributionInfo": ["N/A"], "identifier": ["https://metadatacatalogue.lifewatch.eu:/srv/eng/catalog.search#/metadata/oai:marineinfo.org:id:dataset:6400"], "accessibilitySummary": ["N/A"], "version": ["N/A"], "temporalCoverage": ["N/A"], "publisher": ["N/A"], "spatial": ["N/A"], "citation": ["N/A"], "genre": ["N/A"], "modificationDate": ["2021-12-02"], "image": ["N/A"], "thumbnailUrl": ["N/A"], "headline": ["Free-living nematodes of the C1-LTER station (Gulf of Trieste, Northern Adriatic Sea), 2010-2012"], "abstract": ["Monitoring of free-living nematodes at the C1-LTERstation (Gulf of Trieste,northern Adriatic Sea), seasonal frequency from 07-2010 to07-2012. The sampling was carried out by a KC Haps bottom corer with polycarbonate sample tubes (12.7 cm I.D.with a sample area of 127cm2)."], "theme": ["N/A"], "creditText": ["N/A"], "producer": ["\u00c2\u00a0National Institute of Oceanography andExperimentalGeophysics- Paola Del Negro "], "author": ["\u00c2\u00a0National Institute of Oceanography andExperimentalGeophysics- Paola Del Negro "], "spatialCoverage": [" calculated BBOX > station Bounding Box Bounding Box West Bounding Coordinate 13.71 East Bounding Coordinate 13.71 North Bounding Coordinate 45.70083333 South Bounding Coordinate 45.70083333"], "sponsor": ["N/A"], "size": ["N/A"], "sameAs": ["N/A"], "publication": ["N/A"], "provider": ["\u00c2\u00a0National Institute of Oceanography andExperimentalGeophysics- Paola Del Negro "], "position": ["N/A"], "measurementTechnique": ["N/A"], "material": ["N/A"], "maintainer": ["N/A"], "locationCreated": ["N/A"], "issn": ["N/A"], "isPartOf": ["N/A"], "isBasedOn": ["N/A"], "isAccessibleForFree": ["N/A"], "includedInDataCatalog": ["N/A"], "editor": ["N/A"], "editEIDR": ["N/A"], "copyrightYear": ["N/A"], "copyrightNotice": ["N/A"], "copyrightHolder": ["N/A"], "contributor": ["N/A"], "contentReferenceTime": ["N/A"], "contentLocation": ["N/A"], "character": ["N/A"], "acquireLicensePage": ["N/A"], "accessModeSufficient": ["N/A"], "about": ["N/A"], "rights": ["N/A"], "relation": ["N/A"], "qualifiedRelation": ["N/A"], "qualifiedAttribution": ["N/A"], "previousVersion": ["N/A"], "nextVersion": ["N/A"], "landingPage": ["N/A"], "isReferencedBy": ["N/A"], "hasVersion": ["N/A"], "hasPolicy": ["N/A"], "hasCurrentVersion": ["N/A"], "useConstraints": ["N/A"], "status": ["N/A"], "spatialRepresentationType": ["N/A"], "scope": ["N/A"], "purpose": ["N/A"], "otherLocale": ["N/A"], "metadataProfile": ["N/A"], "metadataLinkage": ["N/A"], "metadataIdentifier": ["N/A"], "environmentDescription": ["N/A"], "contentInfo": ["N/A"], "ResearchInfrastructure": ["LifeWatch"], "EssentialVariables": ["N/A"], "potentialTopics": ["N/A"]}