{"url": ["https://metadatacatalogue.lifewatch.eu:/srv/api/records/oai:marineinfo.org:id:dataset:843"], "name": ["Nematode fauna of the North Sea near the Westerschelde Estuary"], "description": ["Data were collected in the framework of a thesis study. The generalaim was to give a detailedinventory of the nematodecommunities present in the Westerschelde area, based on biomass, diversity and physico-chemical characteristics of the sediment."], "datePublished": ["2021-12-02"], "language": ["en"], "creator": ["\u00c2\u00a0Universiteit Gent; Faculteit Wetenschappen; VakgroepBiologie Onderzoeksgroep Mariene Biologie BE "], "metadataProvider": ["\u00c2\u00a0Flanders Marine Institute(VLIZ) BEhttps://www.vliz.be"], "contact": ["\u00c2\u00a0Universiteit Gent; Faculteit Wetenschappen; Vakgroep Biologie; Onderzoeksgroep Mariene Biologie- Magda Vincx "], "associatedParty": [" custodianSteward\u00c2\u00a0Universiteit Gent; Faculteit Wetenschappen; Vakgroep Biologie; Onderzoeksgroep Mariene Biologie- Magda Vincx "], "licenseInformation": [" Intellectual Rights This work is licensed under a Creative Commons Attribution (CC-BY) 4.0 License .\u00c2\u00a0 "], "downloadLink": ["https://metadatacatalogue.lifewatch.eu:/srv/eng/catalog.search#/metadata/oai:marineinfo.org:id:dataset:843"], "keywords": ["Meiofauna"], "geographicCoverage": ["Geographic Description ANE, Belgium, BelgianCoast"], "westBoundingCoordinate": ["3.525833"], "eastBoundingCoordinate": ["3.525833"], "northBoundingCoordinate": ["51.45472"], "southBoundingCoordinate": ["51.45472"], "dateCreated": ["1976-07-05"], "temporalCoverageEndDate": ["1976-09-29"], "license": ["N/A"], "distribution": ["N/A"], "distributionInfo": ["N/A"], "identifier": ["https://metadatacatalogue.lifewatch.eu:/srv/eng/catalog.search#/metadata/oai:marineinfo.org:id:dataset:843"], "accessibilitySummary": ["N/A"], "version": ["N/A"], "temporalCoverage": ["N/A"], "publisher": ["N/A"], "spatial": ["N/A"], "citation": ["N/A"], "genre": ["N/A"], "modificationDate": ["2021-12-02"], "image": ["N/A"], "thumbnailUrl": ["N/A"], "headline": ["Nematode fauna of the North Sea near the Westerschelde Estuary"], "abstract": ["Data were collected in the framework of a thesis study. The generalaim was to give a detailedinventory of the nematodecommunities present in the Westerschelde area, based on biomass, diversity and physico-chemical characteristics of the sediment."], "theme": ["N/A"], "creditText": ["N/A"], "producer": ["\u00c2\u00a0Universiteit Gent; Faculteit Wetenschappen; VakgroepBiologie Onderzoeksgroep Mariene Biologie BE "], "author": ["\u00c2\u00a0Universiteit Gent; Faculteit Wetenschappen; VakgroepBiologie Onderzoeksgroep Mariene Biologie BE "], "spatialCoverage": [" Belgium BelgianCoast"], "sponsor": ["N/A"], "size": ["N/A"], "sameAs": ["N/A"], "publication": ["N/A"], "provider": ["\u00c2\u00a0Universiteit Gent; Faculteit Wetenschappen; VakgroepBiologie Onderzoeksgroep Mariene Biologie BE "], "position": ["N/A"], "measurementTechnique": ["N/A"], "material": ["N/A"], "maintainer": ["N/A"], "locationCreated": ["N/A"], "issn": ["N/A"], "isPartOf": ["N/A"], "isBasedOn": ["N/A"], "isAccessibleForFree": ["N/A"], "includedInDataCatalog": ["N/A"], "editor": ["N/A"], "editEIDR": ["N/A"], "copyrightYear": ["N/A"], "copyrightNotice": ["N/A"], "copyrightHolder": ["N/A"], "contributor": ["N/A"], "contentReferenceTime": ["N/A"], "contentLocation": ["N/A"], "character": ["N/A"], "acquireLicensePage": ["N/A"], "accessModeSufficient": ["N/A"], "about": ["N/A"], "rights": ["N/A"], "relation": ["N/A"], "qualifiedRelation": ["N/A"], "qualifiedAttribution": ["N/A"], "previousVersion": ["N/A"], "nextVersion": ["N/A"], "landingPage": ["N/A"], "isReferencedBy": ["N/A"], "hasVersion": ["N/A"], "hasPolicy": ["N/A"], "hasCurrentVersion": ["N/A"], "useConstraints": ["N/A"], "status": ["N/A"], "spatialRepresentationType": ["N/A"], "scope": ["N/A"], "purpose": ["N/A"], "otherLocale": ["N/A"], "metadataProfile": ["N/A"], "metadataLinkage": ["N/A"], "metadataIdentifier": ["N/A"], "environmentDescription": ["N/A"], "contentInfo": ["N/A"], "ResearchInfrastructure": ["LifeWatch"], "EssentialVariables": ["N/A"], "potentialTopics": ["N/A"]}