{"url": ["https://metadatacatalogue.lifewatch.eu:/geonetwork/api/records/oai:marineinfo.org:id:dataset:5483"], "name": ["Deep-sea meiobenthos at Calvi (Corsica) sampled in September 1982"], "description": ["Density and relative abundances of meiobenthos (withemphasis on the deep-seanematod community) sampled at Pointede la Revellata(Calvi, Corsica) in September 1982. The data were digitized by VLIZfrom the original report: Soetaert, K.; Heip, C.H.R.; Vincx, M. (1983). Inleidende studie vanhetmeiobenthos van een diepzeetransekt (175m-1605m) te Calvi, Corsica, in: FKFO Project 2.9007.82. Systematiek en ecologie vanmariene organismen: verslag over het tweede werkingsjaar 1983. pp. 75-86."], "datePublished": ["2021-12-02"], "language": ["en"], "creator": ["\u00c2\u00a0Universiteit Gent; Faculteit Wetenschappen; VakgroepBiologie Onderzoeksgroep Mariene Biologie BE "], "metadataProvider": ["\u00c2\u00a0Flanders Marine Institute(VLIZ) BEhttps://www.vliz.be"], "contact": ["\u00c2\u00a0Vlaams Instituut voor de Zee BE "], "associatedParty": [" custodianSteward\u00c2\u00a0Vlaams Instituut voor de Zee BE "], "licenseInformation": [" Intellectual Rights This work is licensed under a Creative Commons Attribution (CC-BY) 4.0 License .\u00c2\u00a0 "], "downloadLink": ["https://metadatacatalogue.lifewatch.eu:/srv/eng/catalog.search#/metadata/oai:marineinfo.org:id:dataset:5483"], "keywords": ["Community composition Deep-sea Deep-sea nematodes Meiobenthos Nematode diversity"], "geographicCoverage": ["Geographic Description EurOBIS calculated BBOX > station Bounding Box Bounding Box West Bounding Coordinate 8.641667 East Bounding Coordinate 8.671667 North Bounding Coordinate 42.685 South Bounding Coordinate 42.621667"], "westBoundingCoordinate": ["8.641667"], "eastBoundingCoordinate": ["8.671667"], "northBoundingCoordinate": ["42.685"], "southBoundingCoordinate": ["42.621667"], "dateCreated": ["1982-09-01"], "temporalCoverageEndDate": ["1982-09-01"], "license": ["N/A"], "distribution": ["N/A"], "distributionInfo": ["N/A"], "identifier": ["https://metadatacatalogue.lifewatch.eu:/srv/eng/catalog.search#/metadata/oai:marineinfo.org:id:dataset:5483"], "accessibilitySummary": ["N/A"], "version": ["N/A"], "temporalCoverage": ["N/A"], "publisher": ["N/A"], "spatial": ["N/A"], "citation": ["N/A"], "genre": ["N/A"], "modificationDate": ["2021-12-02"], "image": ["N/A"], "thumbnailUrl": ["N/A"], "headline": ["Deep-sea meiobenthos at Calvi (Corsica) sampled in September 1982"], "abstract": ["Density and relative abundances of meiobenthos (withemphasis on the deep-seanematod community) sampled at Pointede la Revellata(Calvi, Corsica) in September 1982. The data were digitized by VLIZfrom the original report: Soetaert, K.; Heip, C.H.R.; Vincx, M. (1983). Inleidende studie vanhetmeiobenthos van een diepzeetransekt (175m-1605m) te Calvi, Corsica, in: FKFO Project 2.9007.82. Systematiek en ecologie vanmariene organismen: verslag over het tweede werkingsjaar 1983. pp. 75-86."], "theme": ["N/A"], "creditText": ["N/A"], "producer": ["\u00c2\u00a0Universiteit Gent; Faculteit Wetenschappen; VakgroepBiologie Onderzoeksgroep Mariene Biologie BE "], "author": ["\u00c2\u00a0Universiteit Gent; Faculteit Wetenschappen; VakgroepBiologie Onderzoeksgroep Mariene Biologie BE "], "spatialCoverage": [" calculated BBOX > station Bounding Box Bounding Box West Bounding Coordinate 8.641667 East Bounding Coordinate 8.671667 North Bounding Coordinate 42.685 South Bounding Coordinate 42.621667"], "sponsor": ["N/A"], "size": ["N/A"], "sameAs": ["N/A"], "publication": ["N/A"], "provider": ["\u00c2\u00a0Universiteit Gent; Faculteit Wetenschappen; VakgroepBiologie Onderzoeksgroep Mariene Biologie BE "], "position": ["N/A"], "measurementTechnique": ["N/A"], "material": ["N/A"], "maintainer": ["N/A"], "locationCreated": ["N/A"], "issn": ["N/A"], "isPartOf": ["N/A"], "isBasedOn": ["N/A"], "isAccessibleForFree": ["N/A"], "includedInDataCatalog": ["N/A"], "editor": ["N/A"], "editEIDR": ["N/A"], "copyrightYear": ["N/A"], "copyrightNotice": ["N/A"], "copyrightHolder": ["N/A"], "contributor": ["N/A"], "contentReferenceTime": ["N/A"], "contentLocation": ["N/A"], "character": ["N/A"], "acquireLicensePage": ["N/A"], "accessModeSufficient": ["N/A"], "about": ["N/A"], "rights": ["N/A"], "relation": ["N/A"], "qualifiedRelation": ["N/A"], "qualifiedAttribution": ["N/A"], "previousVersion": ["N/A"], "nextVersion": ["N/A"], "landingPage": ["N/A"], "isReferencedBy": ["N/A"], "hasVersion": ["N/A"], "hasPolicy": ["N/A"], "hasCurrentVersion": ["N/A"], "useConstraints": ["N/A"], "status": ["N/A"], "spatialRepresentationType": ["N/A"], "scope": ["N/A"], "purpose": ["N/A"], "otherLocale": ["N/A"], "metadataProfile": ["N/A"], "metadataLinkage": ["N/A"], "metadataIdentifier": ["N/A"], "environmentDescription": ["N/A"], "contentInfo": ["N/A"], "ResearchInfrastructure": ["LifeWatch"], "EssentialVariables": ["N/A"], "potentialTopics": ["N/A"]}