{"url": ["https://metadatacatalogue.lifewatch.eu:/geonetwork/api/records/oai:marineinfo.org:id:dataset:6692"], "name": ["2012 University of Plymouth Falmouth towed underwater video maerl and associated epifauna survey"], "description": ["Survey to establish the location and assess the extent, distribution and species composition of maerl bedhabitats and quantify the abundance of associated epifauna communities in Falmouth Harbour, UK using a high definitiontowed underwater video system. Surveys were conducted in response to proposed dredging activities to deepen the shipping channel. The surveys took place inFebruary 2012 and transects were approximately 200 x 0.5 metres."], "datePublished": ["2021-12-02"], "language": ["en"], "creator": ["\u00c2\u00a0University of Plymouth "], "metadataProvider": ["\u00c2\u00a0Flanders Marine Institute(VLIZ) BEhttps://www.vliz.be"], "contact": ["\u00c2\u00a0Marine Biological Association of the UK; The Archive for Marine Speciesand Habitats Data "], "associatedParty": ["N/A"], "licenseInformation": [" Intellectual Rights This work is licensed under a Creative Commons Attribution NonCommercial (CC-BY-NC) 4.0 License .\u00c2\u00a0 "], "downloadLink": ["https://metadatacatalogue.lifewatch.eu:/geonetwork/eng/catalog.search#/metadata/oai:marineinfo.org:id:dataset:6692"], "keywords": ["N/A"], "geographicCoverage": ["Geographic Description ANE, British Isles, England, Cornwall, Fal estuary"], "westBoundingCoordinate": ["-5.048016666667"], "eastBoundingCoordinate": ["-5.039258333333"], "northBoundingCoordinate": ["50.157133333333"], "southBoundingCoordinate": ["50.15295"], "dateCreated": ["2012-01-01"], "temporalCoverageEndDate": ["2012-01-01"], "license": ["N/A"], "distribution": ["N/A"], "distributionInfo": ["N/A"], "identifier": ["https://metadatacatalogue.lifewatch.eu:/geonetwork/eng/catalog.search#/metadata/oai:marineinfo.org:id:dataset:6692"], "accessibilitySummary": ["N/A"], "version": ["N/A"], "temporalCoverage": ["N/A"], "publisher": ["N/A"], "spatial": ["N/A"], "citation": ["N/A"], "genre": ["N/A"], "modificationDate": ["2021-12-02"], "image": ["N/A"], "thumbnailUrl": ["N/A"], "headline": ["2012 University of Plymouth Falmouth towed underwater video maerl and associated epifauna survey"], "abstract": ["Survey to establish the location and assess the extent, distribution and species composition of maerl bedhabitats and quantify the abundance of associated epifauna communities in Falmouth Harbour, UK using a high definitiontowed underwater video system. Surveys were conducted in response to proposed dredging activities to deepen the shipping channel. The surveys took place inFebruary 2012 and transects were approximately 200 x 0.5 metres."], "theme": ["N/A"], "creditText": ["N/A"], "producer": ["\u00c2\u00a0University of Plymouth "], "author": ["\u00c2\u00a0University of Plymouth "], "spatialCoverage": [" British Isles England Cornwall Fal estuary"], "sponsor": ["N/A"], "size": ["N/A"], "sameAs": ["N/A"], "publication": ["N/A"], "provider": ["\u00c2\u00a0University of Plymouth "], "position": ["N/A"], "measurementTechnique": ["N/A"], "material": ["N/A"], "maintainer": ["N/A"], "locationCreated": ["N/A"], "issn": ["N/A"], "isPartOf": ["N/A"], "isBasedOn": ["N/A"], "isAccessibleForFree": ["N/A"], "includedInDataCatalog": ["N/A"], "editor": ["N/A"], "editEIDR": ["N/A"], "copyrightYear": ["N/A"], "copyrightNotice": ["N/A"], "copyrightHolder": ["N/A"], "contributor": ["N/A"], "contentReferenceTime": ["N/A"], "contentLocation": ["N/A"], "character": ["N/A"], "acquireLicensePage": ["N/A"], "accessModeSufficient": ["N/A"], "about": ["N/A"], "rights": ["N/A"], "relation": ["N/A"], "qualifiedRelation": ["N/A"], "qualifiedAttribution": ["N/A"], "previousVersion": ["N/A"], "nextVersion": ["N/A"], "landingPage": ["N/A"], "isReferencedBy": ["N/A"], "hasVersion": ["N/A"], "hasPolicy": ["N/A"], "hasCurrentVersion": ["N/A"], "useConstraints": ["N/A"], "status": ["N/A"], "spatialRepresentationType": ["N/A"], "scope": ["N/A"], "purpose": ["N/A"], "otherLocale": ["N/A"], "metadataProfile": ["N/A"], "metadataLinkage": ["N/A"], "metadataIdentifier": ["N/A"], "environmentDescription": ["N/A"], "contentInfo": ["N/A"], "ResearchInfrastructure": ["LifeWatch"], "EssentialVariables": ["N/A"], "potentialTopics": ["N/A"]}