{"url": ["https://metadatacatalogue.lifewatch.eu:/geonetwork/api/records/oai:marineinfo.org:id:dataset:5840"], "name": ["Imaging flow cytometry from SMHI in Tangesund 2016"], "description": ["An imaging flow cytometer, the Imaging FlowCytobot, was used to investigate phytoplankton abundance and diversity in a fjordal system on the Swedish Skagerrak coast. Samples of 5 mL were collectedapproximately every 25 minutes. An automated winch was used to move the IFCBtodifferent depths. Chlorophyll fluorescence of individual organismswas used to trigger the camera in the instrument. Severalthousand images were collected in each sample. Automated imageanalyses was used to analyse the images produced to identify and count cells of different planktontaxa."], "datePublished": ["2021-12-02"], "language": ["en"], "creator": ["\u00c2\u00a0Swedish Meteorological and HydrologicalInstitute "], "metadataProvider": ["\u00c2\u00a0Flanders Marine Institute(VLIZ) BEhttps://www.vliz.be"], "contact": ["\u00c2\u00a0Swedish Meteorological and HydrologicalInstitute- Bengt Karlson "], "associatedParty": [" pointOfContact\u00c2\u00a0Woods Hole OceanographicInstitution- Michael Brosnahan "], "licenseInformation": [" Intellectual Rights This work is licensed under a Creative Commons Attribution (CC-BY) 4.0 License .\u00c2\u00a0 "], "downloadLink": ["https://metadatacatalogue.lifewatch.eu:/srv/eng/catalog.search#/metadata/oai:marineinfo.org:id:dataset:5840"], "keywords": ["Flow cytometry"], "geographicCoverage": ["Geographic Description ANE, Skagerrak"], "westBoundingCoordinate": ["11.493"], "eastBoundingCoordinate": ["11.493"], "northBoundingCoordinate": ["58.075"], "southBoundingCoordinate": ["58.075"], "dateCreated": ["2016-08-09"], "temporalCoverageEndDate": ["2016-10-16"], "license": ["N/A"], "distribution": ["N/A"], "distributionInfo": ["N/A"], "identifier": ["https://metadatacatalogue.lifewatch.eu:/srv/eng/catalog.search#/metadata/oai:marineinfo.org:id:dataset:5840"], "accessibilitySummary": ["N/A"], "version": ["N/A"], "temporalCoverage": ["N/A"], "publisher": ["N/A"], "spatial": ["N/A"], "citation": ["N/A"], "genre": ["N/A"], "modificationDate": ["2021-12-02"], "image": ["N/A"], "thumbnailUrl": ["N/A"], "headline": ["Imaging flow cytometry from SMHI in Tangesund 2016"], "abstract": ["An imaging flow cytometer, the Imaging FlowCytobot, was used to investigate phytoplankton abundance and diversity in a fjordal system on the Swedish Skagerrak coast. Samples of 5 mL were collectedapproximately every 25 minutes. An automated winch was used to move the IFCBtodifferent depths. Chlorophyll fluorescence of individual organismswas used to trigger the camera in the instrument. Severalthousand images were collected in each sample. Automated imageanalyses was used to analyse the images produced to identify and count cells of different planktontaxa."], "theme": ["N/A"], "creditText": ["N/A"], "producer": ["\u00c2\u00a0Swedish Meteorological and HydrologicalInstitute "], "author": ["\u00c2\u00a0Swedish Meteorological and HydrologicalInstitute "], "spatialCoverage": [" Skagerrak"], "sponsor": ["N/A"], "size": ["N/A"], "sameAs": ["N/A"], "publication": ["N/A"], "provider": ["\u00c2\u00a0Swedish Meteorological and HydrologicalInstitute "], "position": ["N/A"], "measurementTechnique": ["N/A"], "material": ["N/A"], "maintainer": ["N/A"], "locationCreated": ["N/A"], "issn": ["N/A"], "isPartOf": ["N/A"], "isBasedOn": ["N/A"], "isAccessibleForFree": ["N/A"], "includedInDataCatalog": ["N/A"], "editor": ["N/A"], "editEIDR": ["N/A"], "copyrightYear": ["N/A"], "copyrightNotice": ["N/A"], "copyrightHolder": ["N/A"], "contributor": ["N/A"], "contentReferenceTime": ["N/A"], "contentLocation": ["N/A"], "character": ["N/A"], "acquireLicensePage": ["N/A"], "accessModeSufficient": ["N/A"], "about": ["N/A"], "rights": ["N/A"], "relation": ["N/A"], "qualifiedRelation": ["N/A"], "qualifiedAttribution": ["N/A"], "previousVersion": ["N/A"], "nextVersion": ["N/A"], "landingPage": ["N/A"], "isReferencedBy": ["N/A"], "hasVersion": ["N/A"], "hasPolicy": ["N/A"], "hasCurrentVersion": ["N/A"], "useConstraints": ["N/A"], "status": ["N/A"], "spatialRepresentationType": ["N/A"], "scope": ["N/A"], "purpose": ["N/A"], "otherLocale": ["N/A"], "metadataProfile": ["N/A"], "metadataLinkage": ["N/A"], "metadataIdentifier": ["N/A"], "environmentDescription": ["N/A"], "contentInfo": ["N/A"], "ResearchInfrastructure": ["LifeWatch"], "EssentialVariables": ["N/A"], "potentialTopics": ["N/A"]}