{"url": ["https://metadatacatalogue.lifewatch.eu:/srv/api/records/oai:marineinfo.org:id:dataset:7888"], "name": ["Catalogue of algae collected in the Mediterranean Sea during the cruises of Cutter Violante in 1876 and 1877"], "description": ["Digitized data from a paper published in 1879 in \"Reale Accademia dei Lincei\", on cruises of Cutter Violante in 1876 and 1877around some small islands in the MediterraneanSea."], "datePublished": ["2021-12-02"], "language": ["en"], "creator": ["\u00c2\u00a0National Institute of Oceanography andExperimentalGeophysics- Daniela Fornasaro "], "metadataProvider": ["\u00c2\u00a0Flanders Marine Institute(VLIZ) BEhttps://www.vliz.be"], "contact": ["\u00c2\u00a0National Institute of Oceanography andExperimentalGeophysics- Marina Lipizer "], "associatedParty": [" custodianSteward\u00c2\u00a0National Institute of Oceanography andExperimentalGeophysics- Menash\u00c3\u00a8 Eliezer "], "licenseInformation": [" Intellectual Rights This work is licensed under a Creative Commons Attribution NonCommercial (CC-BY-NC) 4.0 License .\u00c2\u00a0 "], "downloadLink": ["https://metadatacatalogue.lifewatch.eu:/srv/eng/catalog.search#/metadata/oai:marineinfo.org:id:dataset:7888"], "keywords": ["Historical data"], "geographicCoverage": ["Geographic Description EurOBIS calculated BBOX > station Bounding Box Bounding Box West Bounding Coordinate 8.928611 East Bounding Coordinate 26.683611 North Bounding Coordinate 41.2 South Bounding Coordinate 35.515556"], "westBoundingCoordinate": ["8.928611"], "eastBoundingCoordinate": ["26.683611"], "northBoundingCoordinate": ["41.2"], "southBoundingCoordinate": ["35.515556"], "dateCreated": ["1876-07-22"], "temporalCoverageEndDate": ["1877-08-31"], "license": ["N/A"], "distribution": ["N/A"], "distributionInfo": ["N/A"], "identifier": ["https://metadatacatalogue.lifewatch.eu:/srv/eng/catalog.search#/metadata/oai:marineinfo.org:id:dataset:7888"], "accessibilitySummary": ["N/A"], "version": ["N/A"], "temporalCoverage": ["N/A"], "publisher": ["N/A"], "spatial": ["N/A"], "citation": ["N/A"], "genre": ["N/A"], "modificationDate": ["2021-12-02"], "image": ["N/A"], "thumbnailUrl": ["N/A"], "headline": ["Catalogue of algae collected in the Mediterranean Sea during the cruises of Cutter Violante in 1876 and 1877"], "abstract": ["Digitized data from a paper published in 1879 in \"Reale Accademia dei Lincei\", on cruises of Cutter Violante in 1876 and 1877around some small islands in the MediterraneanSea."], "theme": ["N/A"], "creditText": ["N/A"], "producer": ["\u00c2\u00a0National Institute of Oceanography andExperimentalGeophysics- Daniela Fornasaro "], "author": ["\u00c2\u00a0National Institute of Oceanography andExperimentalGeophysics- Daniela Fornasaro "], "spatialCoverage": [" calculated BBOX > station Bounding Box Bounding Box West Bounding Coordinate 8.928611 East Bounding Coordinate 26.683611 North Bounding Coordinate 41.2 South Bounding Coordinate 35.515556"], "sponsor": ["N/A"], "size": ["N/A"], "sameAs": ["N/A"], "publication": ["N/A"], "provider": ["\u00c2\u00a0National Institute of Oceanography andExperimentalGeophysics- Daniela Fornasaro "], "position": ["N/A"], "measurementTechnique": ["N/A"], "material": ["N/A"], "maintainer": ["N/A"], "locationCreated": ["N/A"], "issn": ["N/A"], "isPartOf": ["N/A"], "isBasedOn": ["N/A"], "isAccessibleForFree": ["N/A"], "includedInDataCatalog": ["N/A"], "editor": ["N/A"], "editEIDR": ["N/A"], "copyrightYear": ["N/A"], "copyrightNotice": ["N/A"], "copyrightHolder": ["N/A"], "contributor": ["N/A"], "contentReferenceTime": ["N/A"], "contentLocation": ["N/A"], "character": ["N/A"], "acquireLicensePage": ["N/A"], "accessModeSufficient": ["N/A"], "about": ["N/A"], "rights": ["N/A"], "relation": ["N/A"], "qualifiedRelation": ["N/A"], "qualifiedAttribution": ["N/A"], "previousVersion": ["N/A"], "nextVersion": ["N/A"], "landingPage": ["N/A"], "isReferencedBy": ["N/A"], "hasVersion": ["N/A"], "hasPolicy": ["N/A"], "hasCurrentVersion": ["N/A"], "useConstraints": ["N/A"], "status": ["N/A"], "spatialRepresentationType": ["N/A"], "scope": ["N/A"], "purpose": ["N/A"], "otherLocale": ["N/A"], "metadataProfile": ["N/A"], "metadataLinkage": ["N/A"], "metadataIdentifier": ["N/A"], "environmentDescription": ["N/A"], "contentInfo": ["N/A"], "ResearchInfrastructure": ["LifeWatch"], "EssentialVariables": ["N/A"], "potentialTopics": ["N/A"]}