{"url": ["https://metadatacatalogue.lifewatch.eu:/geonetwork/api/records/oai:marineinfo.org:id:dataset:5972"], "name": ["Biomass of Characteristic Intertidal and Subtidal Taxa in the N of Spain from 1992 to 2003"], "description": ["The second dataset was developed with the objective of the ecological status assessment in marine areaswhere sewage outfall discharges were projected. For this purpose, several field campaigns were carried out along the north coast of Spain (Avil\u00c3\u00a9s,Gij\u00c3\u00b3n, Saja-Besaya, Santander, Santo\u00c3\u00b1a, Urdaibai and San Sebasti\u00c3\u00a1n-Pasajes) between 1998 and 2003. In each of thesesites transects perpendicular to the coast were established. Then, samples were taken both in theintertidal and shallow subtidal to obtain thebiomass of macroalgae taxa. The main characteristic and canopytaxa of the area wereselected:Bifurcaria bifurcata, Cystoseira baccata, Cystoseira tamariscifolia,Gelidium corneum, Gelidium spinosum,Laminaria hyperborea, Laminaria ochroleuca, Saccorhizapolyschides and Stypocaulonscoparium."], "datePublished": ["2021-12-02"], "language": ["en"], "creator": ["\u00c2\u00a0University of Cantabria; Environmental Hydraulics Institute "], "metadataProvider": ["\u00c2\u00a0Flanders Marine Institute(VLIZ) BEhttps://www.vliz.be"], "contact": ["\u00c2\u00a0AZTI Foundation "], "associatedParty": [" pointOfContact\u00c2\u00a0Centro de Estudios y Experimentaci\u00c3\u00b3n de Obras P\u00c3\u00bablicas "], "licenseInformation": [" Intellectual Rights This work is licensed under a Creative Commons Attribution NonCommercial (CC-BY-NC) 4.0 License .\u00c2\u00a0 "], "downloadLink": ["https://metadatacatalogue.lifewatch.eu:/srv/eng/catalog.search#/metadata/oai:marineinfo.org:id:dataset:5972"], "keywords": ["N/A"], "geographicCoverage": ["Geographic Description ANE, Spain, Asturias"], "westBoundingCoordinate": ["-5.988330714"], "eastBoundingCoordinate": ["-1.752186"], "northBoundingCoordinate": ["43.62630928"], "southBoundingCoordinate": ["43.296342"], "dateCreated": ["1992-01-01"], "temporalCoverageEndDate": ["2003-01-01"], "license": ["N/A"], "distribution": ["N/A"], "distributionInfo": ["N/A"], "identifier": ["https://metadatacatalogue.lifewatch.eu:/srv/eng/catalog.search#/metadata/oai:marineinfo.org:id:dataset:5972"], "accessibilitySummary": ["N/A"], "version": ["N/A"], "temporalCoverage": ["N/A"], "publisher": ["N/A"], "spatial": ["N/A"], "citation": ["N/A"], "genre": ["N/A"], "modificationDate": ["2021-12-02"], "image": ["N/A"], "thumbnailUrl": ["N/A"], "headline": ["Biomass of Characteristic Intertidal and Subtidal Taxa in the N of Spain from 1992 to 2003"], "abstract": ["The second dataset was developed with the objective of the ecological status assessment in marine areaswhere sewage outfall discharges were projected. For this purpose, several field campaigns were carried out along the north coast of Spain (Avil\u00c3\u00a9s,Gij\u00c3\u00b3n, Saja-Besaya, Santander, Santo\u00c3\u00b1a, Urdaibai and San Sebasti\u00c3\u00a1n-Pasajes) between 1998 and 2003. In each of thesesites transects perpendicular to the coast were established. Then, samples were taken both in theintertidal and shallow subtidal to obtain thebiomass of macroalgae taxa. The main characteristic and canopytaxa of the area wereselected:Bifurcaria bifurcata, Cystoseira baccata, Cystoseira tamariscifolia,Gelidium corneum, Gelidium spinosum,Laminaria hyperborea, Laminaria ochroleuca, Saccorhizapolyschides and Stypocaulonscoparium."], "theme": ["N/A"], "creditText": ["N/A"], "producer": ["\u00c2\u00a0University of Cantabria; Environmental Hydraulics Institute "], "author": ["\u00c2\u00a0University of Cantabria; Environmental Hydraulics Institute "], "spatialCoverage": [" Spain Asturias"], "sponsor": ["N/A"], "size": ["N/A"], "sameAs": ["N/A"], "publication": ["N/A"], "provider": ["\u00c2\u00a0University of Cantabria; Environmental Hydraulics Institute "], "position": ["N/A"], "measurementTechnique": ["N/A"], "material": ["N/A"], "maintainer": ["N/A"], "locationCreated": ["N/A"], "issn": ["N/A"], "isPartOf": ["N/A"], "isBasedOn": ["N/A"], "isAccessibleForFree": ["N/A"], "includedInDataCatalog": ["N/A"], "editor": ["N/A"], "editEIDR": ["N/A"], "copyrightYear": ["N/A"], "copyrightNotice": ["N/A"], "copyrightHolder": ["N/A"], "contributor": ["N/A"], "contentReferenceTime": ["N/A"], "contentLocation": ["N/A"], "character": ["N/A"], "acquireLicensePage": ["N/A"], "accessModeSufficient": ["N/A"], "about": ["N/A"], "rights": ["N/A"], "relation": ["N/A"], "qualifiedRelation": ["N/A"], "qualifiedAttribution": ["N/A"], "previousVersion": ["N/A"], "nextVersion": ["N/A"], "landingPage": ["N/A"], "isReferencedBy": ["N/A"], "hasVersion": ["N/A"], "hasPolicy": ["N/A"], "hasCurrentVersion": ["N/A"], "useConstraints": ["N/A"], "status": ["N/A"], "spatialRepresentationType": ["N/A"], "scope": ["N/A"], "purpose": ["N/A"], "otherLocale": ["N/A"], "metadataProfile": ["N/A"], "metadataLinkage": ["N/A"], "metadataIdentifier": ["N/A"], "environmentDescription": ["N/A"], "contentInfo": ["N/A"], "ResearchInfrastructure": ["LifeWatch"], "EssentialVariables": ["N/A"], "potentialTopics": ["N/A"]}