{"url": ["https://metadatacatalogue.lifewatch.eu:/srv/api/records/oai:marineinfo.org:id:dataset:6403"], "name": ["Presence of sea turtles collected through Fixed-Line-Transect monitoring across the Western Mediterranean Sea (Civitavecchia-Barcelona route) between 2013 and 2017"], "description": ["The dataset provided here consists of sighting data of sea turtles (Caretta caretta) collected betweenApril 2013 and October 2017, along the ferry routebetween Italy and Spain, within the Fixed LineTransectMediterranean monitoring Network (FLT Med Net), a multidisciplinarymonitoring project coordinated by ISPRA since 2007.The programme uses ferry boats as observation platforms to undertake surveys of marinemacro-fauna and main threats (maritime traffic and floating marine litter),and involves several International partners that share common protocols for data collection across different routes in the Mediterranean Sea. This datasets includes 117 georeferenced sightings of loggerhead turtles, together with effort data covered in good weather conditions (Beaufort <4), for atotal of approximately 79.700 km, over 333surveyedtransects."], "datePublished": ["2021-12-02"], "language": ["en"], "creator": ["\u00c2\u00a0Accademia Del Leviatano- Ilaria Campana "], "metadataProvider": ["\u00c2\u00a0Flanders Marine Institute(VLIZ) BEhttps://www.vliz.be"], "contact": ["\u00c2\u00a0Accademia Del Leviatano- Ilaria Campana "], "associatedParty": [" custodianSteward\u00c2\u00a0Accademia Del Leviatano- Valentina Di Miccoli "], "licenseInformation": [" Intellectual Rights This work is licensed under a Creative Commons Attribution (CC-BY) 4.0 License .\u00c2\u00a0 "], "downloadLink": ["https://metadatacatalogue.lifewatch.eu:/srv/eng/catalog.search#/metadata/oai:marineinfo.org:id:dataset:6403"], "keywords": ["Aquatic reptiles Fast passengerferries Sea route monitoring Seasonal Strip transect Turtles"], "geographicCoverage": ["Geographic Description EurOBIS calculated BBOX > station Bounding Box Bounding Box West Bounding Coordinate 2.41215 East Bounding Coordinate 11.422413 North Bounding Coordinate 41.99854 South Bounding Coordinate 41.110438"], "westBoundingCoordinate": ["2.41215"], "eastBoundingCoordinate": ["11.422413"], "northBoundingCoordinate": ["41.99854"], "southBoundingCoordinate": ["41.110438"], "dateCreated": ["2013-04-01"], "temporalCoverageEndDate": ["2017-10-01"], "license": ["N/A"], "distribution": ["N/A"], "distributionInfo": ["N/A"], "identifier": ["https://metadatacatalogue.lifewatch.eu:/srv/eng/catalog.search#/metadata/oai:marineinfo.org:id:dataset:6403"], "accessibilitySummary": ["N/A"], "version": ["N/A"], "temporalCoverage": ["N/A"], "publisher": ["N/A"], "spatial": ["N/A"], "citation": ["N/A"], "genre": ["N/A"], "modificationDate": ["2021-12-02"], "image": ["N/A"], "thumbnailUrl": ["N/A"], "headline": ["Presence of sea turtles collected through Fixed-Line-Transect monitoring across the Western Mediterranean Sea (Civitavecchia-Barcelona route) between 2013 and 2017"], "abstract": ["The dataset provided here consists of sighting data of sea turtles (Caretta caretta) collected betweenApril 2013 and October 2017, along the ferry routebetween Italy and Spain, within the Fixed LineTransectMediterranean monitoring Network (FLT Med Net), a multidisciplinarymonitoring project coordinated by ISPRA since 2007.The programme uses ferry boats as observation platforms to undertake surveys of marinemacro-fauna and main threats (maritime traffic and floating marine litter),and involves several International partners that share common protocols for data collection across different routes in the Mediterranean Sea. This datasets includes 117 georeferenced sightings of loggerhead turtles, together with effort data covered in good weather conditions (Beaufort <4), for atotal of approximately 79.700 km, over 333surveyedtransects."], "theme": ["N/A"], "creditText": ["N/A"], "producer": ["\u00c2\u00a0Accademia Del Leviatano- Ilaria Campana "], "author": ["\u00c2\u00a0Accademia Del Leviatano- Ilaria Campana "], "spatialCoverage": [" calculated BBOX > station Bounding Box Bounding Box West Bounding Coordinate 2.41215 East Bounding Coordinate 11.422413 North Bounding Coordinate 41.99854 South Bounding Coordinate 41.110438"], "sponsor": ["N/A"], "size": ["N/A"], "sameAs": ["N/A"], "publication": ["N/A"], "provider": ["\u00c2\u00a0Accademia Del Leviatano- Ilaria Campana "], "position": ["N/A"], "measurementTechnique": ["N/A"], "material": ["N/A"], "maintainer": ["N/A"], "locationCreated": ["N/A"], "issn": ["N/A"], "isPartOf": ["N/A"], "isBasedOn": ["N/A"], "isAccessibleForFree": ["N/A"], "includedInDataCatalog": ["N/A"], "editor": ["N/A"], "editEIDR": ["N/A"], "copyrightYear": ["N/A"], "copyrightNotice": ["N/A"], "copyrightHolder": ["N/A"], "contributor": ["N/A"], "contentReferenceTime": ["N/A"], "contentLocation": ["N/A"], "character": ["N/A"], "acquireLicensePage": ["N/A"], "accessModeSufficient": ["N/A"], "about": ["N/A"], "rights": ["N/A"], "relation": ["N/A"], "qualifiedRelation": ["N/A"], "qualifiedAttribution": ["N/A"], "previousVersion": ["N/A"], "nextVersion": ["N/A"], "landingPage": ["N/A"], "isReferencedBy": ["N/A"], "hasVersion": ["N/A"], "hasPolicy": ["N/A"], "hasCurrentVersion": ["N/A"], "useConstraints": ["N/A"], "status": ["N/A"], "spatialRepresentationType": ["N/A"], "scope": ["N/A"], "purpose": ["N/A"], "otherLocale": ["N/A"], "metadataProfile": ["N/A"], "metadataLinkage": ["N/A"], "metadataIdentifier": ["N/A"], "environmentDescription": ["N/A"], "contentInfo": ["N/A"], "ResearchInfrastructure": ["LifeWatch"], "EssentialVariables": ["N/A"], "potentialTopics": ["N/A"]}