{"url": ["https://metadatacatalogue.lifewatch.eu:/srv/api/records/oai:marineinfo.org:id:dataset:5724"], "name": ["Finnish Baltic Sea phytoplankton monitoring, KPLANK database"], "description": ["The KPLANK database includes data on phytoplankton, covering the Finnish coastal areas as well as the offshore areasof the Baltic Sea. The quantitativedata mainly stem fromthe Finnish national monitoring program and statutory monitoring programs. In total the database contain approximately 240 000 quantitative records including size classes. The data span from 1937 to present. The database isregularly maintained and data isaddedcontinuously."], "datePublished": ["2021-12-02"], "language": ["en"], "creator": ["\u00c2\u00a0Finnish EnvironmentInstitute "], "metadataProvider": ["\u00c2\u00a0Flanders Marine Institute(VLIZ) BEhttps://www.vliz.be"], "contact": ["\u00c2\u00a0Finnish EnvironmentInstitute- Sirpa Lehtinen "], "associatedParty": [" pointOfContact\u00c2\u00a0Finnish EnvironmentInstitute- Jouko Rissanen "], "licenseInformation": [" Intellectual Rights This work is licensed under a Creative Commons Attribution (CC-BY) 4.0 License .\u00c2\u00a0 "], "downloadLink": ["https://metadatacatalogue.lifewatch.eu:/srv/eng/catalog.search#/metadata/oai:marineinfo.org:id:dataset:5724"], "keywords": ["Long-term monitoring Species distribution"], "geographicCoverage": ["Geographic Description ANE, Baltic"], "westBoundingCoordinate": ["14.28052"], "eastBoundingCoordinate": ["30.13038"], "northBoundingCoordinate": ["67.59278"], "southBoundingCoordinate": ["53.99307"], "dateCreated": ["N/A"], "temporalCoverageEndDate": ["N/A"], "license": ["N/A"], "distribution": ["N/A"], "distributionInfo": ["N/A"], "identifier": ["https://metadatacatalogue.lifewatch.eu:/srv/eng/catalog.search#/metadata/oai:marineinfo.org:id:dataset:5724"], "accessibilitySummary": ["N/A"], "version": ["N/A"], "temporalCoverage": ["N/A"], "publisher": ["N/A"], "spatial": ["N/A"], "citation": ["N/A"], "genre": ["N/A"], "modificationDate": ["2021-12-02"], "image": ["N/A"], "thumbnailUrl": ["N/A"], "headline": ["Finnish Baltic Sea phytoplankton monitoring, KPLANK database"], "abstract": ["The KPLANK database includes data on phytoplankton, covering the Finnish coastal areas as well as the offshore areasof the Baltic Sea. The quantitativedata mainly stem fromthe Finnish national monitoring program and statutory monitoring programs. In total the database contain approximately 240 000 quantitative records including size classes. The data span from 1937 to present. The database isregularly maintained and data isaddedcontinuously."], "theme": ["N/A"], "creditText": ["N/A"], "producer": ["\u00c2\u00a0Finnish EnvironmentInstitute "], "author": ["\u00c2\u00a0Finnish EnvironmentInstitute "], "spatialCoverage": [" Baltic"], "sponsor": ["N/A"], "size": ["N/A"], "sameAs": ["N/A"], "publication": ["N/A"], "provider": ["\u00c2\u00a0Finnish EnvironmentInstitute "], "position": ["N/A"], "measurementTechnique": ["N/A"], "material": ["N/A"], "maintainer": ["N/A"], "locationCreated": ["N/A"], "issn": ["N/A"], "isPartOf": ["N/A"], "isBasedOn": ["N/A"], "isAccessibleForFree": ["N/A"], "includedInDataCatalog": ["N/A"], "editor": ["N/A"], "editEIDR": ["N/A"], "copyrightYear": ["N/A"], "copyrightNotice": ["N/A"], "copyrightHolder": ["N/A"], "contributor": ["N/A"], "contentReferenceTime": ["N/A"], "contentLocation": ["N/A"], "character": ["N/A"], "acquireLicensePage": ["N/A"], "accessModeSufficient": ["N/A"], "about": ["N/A"], "rights": ["N/A"], "relation": ["N/A"], "qualifiedRelation": ["N/A"], "qualifiedAttribution": ["N/A"], "previousVersion": ["N/A"], "nextVersion": ["N/A"], "landingPage": ["N/A"], "isReferencedBy": ["N/A"], "hasVersion": ["N/A"], "hasPolicy": ["N/A"], "hasCurrentVersion": ["N/A"], "useConstraints": ["N/A"], "status": ["N/A"], "spatialRepresentationType": ["N/A"], "scope": ["N/A"], "purpose": ["N/A"], "otherLocale": ["N/A"], "metadataProfile": ["N/A"], "metadataLinkage": ["N/A"], "metadataIdentifier": ["N/A"], "environmentDescription": ["N/A"], "contentInfo": ["N/A"], "ResearchInfrastructure": ["LifeWatch"], "EssentialVariables": ["N/A"], "potentialTopics": ["N/A"]}