{"url": ["https://metadatacatalogue.lifewatch.eu:/srv/api/records/oai:marineinfo.org:id:dataset:6577"], "name": ["Multi-decadal shifts in fish community diversity across a dynamic biogeographic transition zone"], "description": ["A 21-year fisheries-independent monitoring dataset was used to explorefish community diversity across a latitudinal gradient to quantify how diversity has changedand relate those changes in diversityto changes in the abiotic environment. Additionally, this study spans a biogeographictransition zone, providing insight into future species assemblages across regions of relatively high speciesdiversity."], "datePublished": ["2021-12-02"], "language": ["en"], "creator": ["\u00c2\u00a0University of Central Florida; Department of Biology- Geoffrey Cook "], "metadataProvider": ["\u00c2\u00a0Flanders Marine Institute(VLIZ) BEhttps://www.vliz.be"], "contact": ["\u00c2\u00a0Flanders Marine Institute(VLIZ) BEhttps://www.vliz.be"], "associatedParty": ["N/A"], "licenseInformation": [" Intellectual Rights Attribution-ShareAlike (CC BY-SA)\u00c2\u00a0 "], "downloadLink": ["https://metadatacatalogue.lifewatch.eu:/srv/eng/catalog.search#/metadata/oai:marineinfo.org:id:dataset:6577"], "keywords": ["Species diversity"], "geographicCoverage": ["Geographic Description EurOBIS calculated BBOX > station Bounding Box Bounding Box West Bounding Coordinate -80.85867 East Bounding Coordinate -80.36652 North Bounding Coordinate 28.8069 South Bounding Coordinate 27.65037"], "westBoundingCoordinate": ["-80.85867"], "eastBoundingCoordinate": ["-80.36652"], "northBoundingCoordinate": ["28.8069"], "southBoundingCoordinate": ["27.65037"], "dateCreated": ["1997-01-27"], "temporalCoverageEndDate": ["2017-12-12"], "license": ["N/A"], "distribution": ["N/A"], "distributionInfo": ["N/A"], "identifier": ["https://metadatacatalogue.lifewatch.eu:/srv/eng/catalog.search#/metadata/oai:marineinfo.org:id:dataset:6577"], "accessibilitySummary": ["N/A"], "version": ["N/A"], "temporalCoverage": ["N/A"], "publisher": ["N/A"], "spatial": ["N/A"], "citation": ["N/A"], "genre": ["N/A"], "modificationDate": ["2021-12-02"], "image": ["N/A"], "thumbnailUrl": ["N/A"], "headline": ["Multi-decadal shifts in fish community diversity across a dynamic biogeographic transition zone"], "abstract": ["A 21-year fisheries-independent monitoring dataset was used to explorefish community diversity across a latitudinal gradient to quantify how diversity has changedand relate those changes in diversityto changes in the abiotic environment. Additionally, this study spans a biogeographictransition zone, providing insight into future species assemblages across regions of relatively high speciesdiversity."], "theme": ["N/A"], "creditText": ["N/A"], "producer": ["\u00c2\u00a0University of Central Florida; Department of Biology- Geoffrey Cook "], "author": ["\u00c2\u00a0University of Central Florida; Department of Biology- Geoffrey Cook "], "spatialCoverage": [" calculated BBOX > station Bounding Box Bounding Box West Bounding Coordinate -80.85867 East Bounding Coordinate -80.36652 North Bounding Coordinate 28.8069 South Bounding Coordinate 27.65037"], "sponsor": ["N/A"], "size": ["N/A"], "sameAs": ["N/A"], "publication": ["N/A"], "provider": ["\u00c2\u00a0University of Central Florida; Department of Biology- Geoffrey Cook "], "position": ["N/A"], "measurementTechnique": ["N/A"], "material": ["N/A"], "maintainer": ["N/A"], "locationCreated": ["N/A"], "issn": ["N/A"], "isPartOf": ["N/A"], "isBasedOn": ["N/A"], "isAccessibleForFree": ["N/A"], "includedInDataCatalog": ["N/A"], "editor": ["N/A"], "editEIDR": ["N/A"], "copyrightYear": ["N/A"], "copyrightNotice": ["N/A"], "copyrightHolder": ["N/A"], "contributor": ["N/A"], "contentReferenceTime": ["N/A"], "contentLocation": ["N/A"], "character": ["N/A"], "acquireLicensePage": ["N/A"], "accessModeSufficient": ["N/A"], "about": ["N/A"], "rights": ["N/A"], "relation": ["N/A"], "qualifiedRelation": ["N/A"], "qualifiedAttribution": ["N/A"], "previousVersion": ["N/A"], "nextVersion": ["N/A"], "landingPage": ["N/A"], "isReferencedBy": ["N/A"], "hasVersion": ["N/A"], "hasPolicy": ["N/A"], "hasCurrentVersion": ["N/A"], "useConstraints": ["N/A"], "status": ["N/A"], "spatialRepresentationType": ["N/A"], "scope": ["N/A"], "purpose": ["N/A"], "otherLocale": ["N/A"], "metadataProfile": ["N/A"], "metadataLinkage": ["N/A"], "metadataIdentifier": ["N/A"], "environmentDescription": ["N/A"], "contentInfo": ["N/A"], "ResearchInfrastructure": ["LifeWatch"], "EssentialVariables": ["N/A"], "potentialTopics": ["N/A"]}