{"url": ["https://metadatacatalogue.lifewatch.eu:/srv/api/records/oai:marineinfo.org:id:dataset:5259"], "name": ["Historical benthos data from the Pre-deltaic Romanian Black Sea Coast in 1960"], "description": ["The dataset comprises data on the substrate type, temperature,salinity and benthos from 58 samplescolected in Danube front area in the period March 1960 - July 1960, (Sulina-Portita sector, Romanian Black Sea Coast). The sedimentsamples were taken with a Van-Veen grab, the sampling size is was - 0.1 m2. The samples have been preserved with 10% buffered formalin, then sieved through a 2 mm, 0.25 mm and0.10 mm mesh sieve and subsequently stored in 70%ethanol. The database comprisestaxonomic and quantitative data (individuals count, density and wet weight biomassper square meter) for 95 macrobenthicspecies and 10 supraspecificgroups."], "datePublished": ["2021-12-02"], "language": ["en"], "creator": ["\u00c2\u00a0National Research and DevelopmentInstitute for Marine Geology and Geoecology- Tatiana Begun "], "metadataProvider": ["\u00c2\u00a0Flanders Marine Institute(VLIZ) BEhttps://www.vliz.be"], "contact": ["\u00c2\u00a0National Research and DevelopmentInstitute for Marine Geology and Geoecology- Tatiana Begun "], "associatedParty": [" pointOfContact\u00c2\u00a0National Research and DevelopmentInstitute for Marine Geology and Geoecology- Marian Gomoiu "], "licenseInformation": [" Intellectual Rights This work is licensed under a Creative Commons Attribution (CC-BY) 4.0 License .\u00c2\u00a0 "], "downloadLink": ["https://metadatacatalogue.lifewatch.eu:/srv/eng/catalog.search#/metadata/oai:marineinfo.org:id:dataset:5259"], "keywords": ["Historical data"], "geographicCoverage": ["Geographic Description EurOBIS calculated BBOX > station Bounding Box Bounding Box West Bounding Coordinate 29.0667 East Bounding Coordinate 29.95 North Bounding Coordinate 45.15 South Bounding Coordinate 44.0833"], "westBoundingCoordinate": ["29.0667"], "eastBoundingCoordinate": ["29.95"], "northBoundingCoordinate": ["45.15"], "southBoundingCoordinate": ["44.0833"], "dateCreated": ["1960-01-01"], "temporalCoverageEndDate": ["1960-01-01"], "license": ["N/A"], "distribution": ["N/A"], "distributionInfo": ["N/A"], "identifier": ["https://metadatacatalogue.lifewatch.eu:/srv/eng/catalog.search#/metadata/oai:marineinfo.org:id:dataset:5259"], "accessibilitySummary": ["N/A"], "version": ["N/A"], "temporalCoverage": ["N/A"], "publisher": ["N/A"], "spatial": ["N/A"], "citation": ["N/A"], "genre": ["N/A"], "modificationDate": ["2021-12-02"], "image": ["N/A"], "thumbnailUrl": ["N/A"], "headline": ["Historical benthos data from the Pre-deltaic Romanian Black Sea Coast in 1960"], "abstract": ["The dataset comprises data on the substrate type, temperature,salinity and benthos from 58 samplescolected in Danube front area in the period March 1960 - July 1960, (Sulina-Portita sector, Romanian Black Sea Coast). The sedimentsamples were taken with a Van-Veen grab, the sampling size is was - 0.1 m2. The samples have been preserved with 10% buffered formalin, then sieved through a 2 mm, 0.25 mm and0.10 mm mesh sieve and subsequently stored in 70%ethanol. The database comprisestaxonomic and quantitative data (individuals count, density and wet weight biomassper square meter) for 95 macrobenthicspecies and 10 supraspecificgroups."], "theme": ["N/A"], "creditText": ["N/A"], "producer": ["\u00c2\u00a0National Research and DevelopmentInstitute for Marine Geology and Geoecology- Tatiana Begun "], "author": ["\u00c2\u00a0National Research and DevelopmentInstitute for Marine Geology and Geoecology- Tatiana Begun "], "spatialCoverage": [" calculated BBOX > station Bounding Box Bounding Box West Bounding Coordinate 29.0667 East Bounding Coordinate 29.95 North Bounding Coordinate 45.15 South Bounding Coordinate 44.0833"], "sponsor": ["N/A"], "size": ["N/A"], "sameAs": ["N/A"], "publication": ["N/A"], "provider": ["\u00c2\u00a0National Research and DevelopmentInstitute for Marine Geology and Geoecology- Tatiana Begun "], "position": ["N/A"], "measurementTechnique": ["N/A"], "material": ["N/A"], "maintainer": ["N/A"], "locationCreated": ["N/A"], "issn": ["N/A"], "isPartOf": ["N/A"], "isBasedOn": ["N/A"], "isAccessibleForFree": ["N/A"], "includedInDataCatalog": ["N/A"], "editor": ["N/A"], "editEIDR": ["N/A"], "copyrightYear": ["N/A"], "copyrightNotice": ["N/A"], "copyrightHolder": ["N/A"], "contributor": ["N/A"], "contentReferenceTime": ["N/A"], "contentLocation": ["N/A"], "character": ["N/A"], "acquireLicensePage": ["N/A"], "accessModeSufficient": ["N/A"], "about": ["N/A"], "rights": ["N/A"], "relation": ["N/A"], "qualifiedRelation": ["N/A"], "qualifiedAttribution": ["N/A"], "previousVersion": ["N/A"], "nextVersion": ["N/A"], "landingPage": ["N/A"], "isReferencedBy": ["N/A"], "hasVersion": ["N/A"], "hasPolicy": ["N/A"], "hasCurrentVersion": ["N/A"], "useConstraints": ["N/A"], "status": ["N/A"], "spatialRepresentationType": ["N/A"], "scope": ["N/A"], "purpose": ["N/A"], "otherLocale": ["N/A"], "metadataProfile": ["N/A"], "metadataLinkage": ["N/A"], "metadataIdentifier": ["N/A"], "environmentDescription": ["N/A"], "contentInfo": ["N/A"], "ResearchInfrastructure": ["LifeWatch"], "EssentialVariables": ["N/A"], "potentialTopics": ["N/A"]}