{"url": ["https://metadatacatalogue.lifewatch.eu:/geonetwork/api/records/oai:marineinfo.org:id:dataset:999"], "name": ["Offshore ref. stations, North/Norwegian sea"], "description": ["The original dataset objective is the sampling of referencestations for large-scale annual surveys ofpetroleuminstallations."], "datePublished": ["2021-12-02"], "language": ["en"], "creator": ["\u00c2\u00a0Det Norske Veritas "], "metadataProvider": ["\u00c2\u00a0Flanders Marine Institute(VLIZ) BEhttps://www.vliz.be"], "contact": ["\u00c2\u00a0Per Johannessen "], "associatedParty": [" pointOfContact\u00c2\u00a0Det Norske Veritas- Siri Mordal Bakke "], "licenseInformation": [" Intellectual Rights This work is licensed under a Creative Commons Attribution NonCommercial (CC-BY-NC) 4.0 License .\u00c2\u00a0 "], "downloadLink": ["https://metadatacatalogue.lifewatch.eu:/geonetwork/eng/catalog.search#/metadata/oai:marineinfo.org:id:dataset:999"], "keywords": ["Benthos Macrobenthos"], "geographicCoverage": ["Geographic Description ANE, NorthSea"], "westBoundingCoordinate": ["2.485"], "eastBoundingCoordinate": ["4.5217288"], "northBoundingCoordinate": ["57.8653857"], "southBoundingCoordinate": ["56.0419018"], "dateCreated": ["1990-01-01"], "temporalCoverageEndDate": ["2002-01-01"], "license": ["N/A"], "distribution": ["N/A"], "distributionInfo": ["N/A"], "identifier": ["https://metadatacatalogue.lifewatch.eu:/geonetwork/eng/catalog.search#/metadata/oai:marineinfo.org:id:dataset:999"], "accessibilitySummary": ["N/A"], "version": ["N/A"], "temporalCoverage": ["N/A"], "publisher": ["N/A"], "spatial": ["N/A"], "citation": ["N/A"], "genre": ["N/A"], "modificationDate": ["2021-12-02"], "image": ["N/A"], "thumbnailUrl": ["N/A"], "headline": ["Offshore ref. stations, North/Norwegian sea"], "abstract": ["The original dataset objective is the sampling of referencestations for large-scale annual surveys ofpetroleuminstallations."], "theme": ["N/A"], "creditText": ["N/A"], "producer": ["\u00c2\u00a0Det Norske Veritas "], "author": ["\u00c2\u00a0Det Norske Veritas "], "spatialCoverage": [" NorthSea"], "sponsor": ["N/A"], "size": ["N/A"], "sameAs": ["N/A"], "publication": ["N/A"], "provider": ["\u00c2\u00a0Det Norske Veritas "], "position": ["N/A"], "measurementTechnique": ["N/A"], "material": ["N/A"], "maintainer": ["N/A"], "locationCreated": ["N/A"], "issn": ["N/A"], "isPartOf": ["N/A"], "isBasedOn": ["N/A"], "isAccessibleForFree": ["N/A"], "includedInDataCatalog": ["N/A"], "editor": ["N/A"], "editEIDR": ["N/A"], "copyrightYear": ["N/A"], "copyrightNotice": ["N/A"], "copyrightHolder": ["N/A"], "contributor": ["N/A"], "contentReferenceTime": ["N/A"], "contentLocation": ["N/A"], "character": ["N/A"], "acquireLicensePage": ["N/A"], "accessModeSufficient": ["N/A"], "about": ["N/A"], "rights": ["N/A"], "relation": ["N/A"], "qualifiedRelation": ["N/A"], "qualifiedAttribution": ["N/A"], "previousVersion": ["N/A"], "nextVersion": ["N/A"], "landingPage": ["N/A"], "isReferencedBy": ["N/A"], "hasVersion": ["N/A"], "hasPolicy": ["N/A"], "hasCurrentVersion": ["N/A"], "useConstraints": ["N/A"], "status": ["N/A"], "spatialRepresentationType": ["N/A"], "scope": ["N/A"], "purpose": ["N/A"], "otherLocale": ["N/A"], "metadataProfile": ["N/A"], "metadataLinkage": ["N/A"], "metadataIdentifier": ["N/A"], "environmentDescription": ["N/A"], "contentInfo": ["N/A"], "ResearchInfrastructure": ["LifeWatch"], "EssentialVariables": ["N/A"], "potentialTopics": ["N/A"]}