{"url": ["https://metadatacatalogue.lifewatch.eu:/geonetwork/api/records/oai:marineinfo.org:id:dataset:4688"], "name": ["LifeWatch observatory data: phytoplankton observations by imaging flow cytometry (FlowCam) in the Belgian Part of the North Sea"], "description": ["In the framework of the Lifewatch marine observatory a number of fixed stations in the BelgianPart of the North Sea (BPNS) are visited on a monthly or seasonal basis using RV SimonStevin. A grid ofnine stations covers the coastal zone and aresampled monthly. Eight additional stations, locatedfurther at sea, are sampled on a seasonal basis. Samples are taken using a 55\u00c2\u00b5m mesh size Apstein net. In the lab, the samples areprocessed with the VS-4FlowCAM at 4X magnification. Theidentification of the image data is donewith the use of a classifier and followed by a manualvalidation step. Since May 2017, this dataset providesmicro- and phytoplankton observations, mainly covering diatoms, dinoflagellates and cilliates, for the Belgian Part of theNorth Sea (BPNS)."], "datePublished": ["2021-12-02"], "language": ["en"], "creator": ["\u00c2\u00a0Vlaams Instituut voor de Zee BE "], "metadataProvider": ["\u00c2\u00a0Flanders Marine Institute(VLIZ) BEhttps://www.vliz.be"], "contact": ["\u00c2\u00a0Vlaams Instituut voor de Zee BE "], "associatedParty": [" custodianSteward\u00c2\u00a0Vlaams Instituut voor de Zee BE "], "licenseInformation": [" Intellectual Rights This work is licensed under a Creative Commons Attribution (CC-BY) 4.0 License .\u00c2\u00a0 "], "downloadLink": ["https://metadatacatalogue.lifewatch.eu:/srv/eng/catalog.search#/metadata/oai:marineinfo.org:id:dataset:4688"], "keywords": ["Biodiversity Biological monitoring Data Marine Genomics Phytoplankton"], "geographicCoverage": ["Geographic Description ANE, Belgium, Belgian Continental Shelf (BCS)"], "westBoundingCoordinate": ["0.88059"], "eastBoundingCoordinate": ["3.7816"], "northBoundingCoordinate": ["52.05284"], "southBoundingCoordinate": ["50.40568"], "dateCreated": ["N/A"], "temporalCoverageEndDate": ["N/A"], "license": ["N/A"], "distribution": ["N/A"], "distributionInfo": ["N/A"], "identifier": ["https://metadatacatalogue.lifewatch.eu:/srv/eng/catalog.search#/metadata/oai:marineinfo.org:id:dataset:4688"], "accessibilitySummary": ["N/A"], "version": ["N/A"], "temporalCoverage": ["N/A"], "publisher": ["N/A"], "spatial": ["N/A"], "citation": ["N/A"], "genre": ["N/A"], "modificationDate": ["2021-12-02"], "image": ["N/A"], "thumbnailUrl": ["N/A"], "headline": ["LifeWatch observatory data: phytoplankton observations by imaging flow cytometry (FlowCam) in the Belgian Part of the North Sea"], "abstract": ["In the framework of the Lifewatch marine observatory a number of fixed stations in the BelgianPart of the North Sea (BPNS) are visited on a monthly or seasonal basis using RV SimonStevin. A grid ofnine stations covers the coastal zone and aresampled monthly. Eight additional stations, locatedfurther at sea, are sampled on a seasonal basis. Samples are taken using a 55\u00c2\u00b5m mesh size Apstein net. In the lab, the samples areprocessed with the VS-4FlowCAM at 4X magnification. Theidentification of the image data is donewith the use of a classifier and followed by a manualvalidation step. Since May 2017, this dataset providesmicro- and phytoplankton observations, mainly covering diatoms, dinoflagellates and cilliates, for the Belgian Part of theNorth Sea (BPNS)."], "theme": ["N/A"], "creditText": ["N/A"], "producer": ["\u00c2\u00a0Vlaams Instituut voor de Zee BE "], "author": ["\u00c2\u00a0Vlaams Instituut voor de Zee BE "], "spatialCoverage": [" Belgium Belgian Continental Shelf (BCS)"], "sponsor": ["N/A"], "size": ["N/A"], "sameAs": ["N/A"], "publication": ["N/A"], "provider": ["\u00c2\u00a0Vlaams Instituut voor de Zee BE "], "position": ["N/A"], "measurementTechnique": ["N/A"], "material": ["N/A"], "maintainer": ["N/A"], "locationCreated": ["N/A"], "issn": ["N/A"], "isPartOf": ["N/A"], "isBasedOn": ["N/A"], "isAccessibleForFree": ["N/A"], "includedInDataCatalog": ["N/A"], "editor": ["N/A"], "editEIDR": ["N/A"], "copyrightYear": ["N/A"], "copyrightNotice": ["N/A"], "copyrightHolder": ["N/A"], "contributor": ["N/A"], "contentReferenceTime": ["N/A"], "contentLocation": ["N/A"], "character": ["N/A"], "acquireLicensePage": ["N/A"], "accessModeSufficient": ["N/A"], "about": ["N/A"], "rights": ["N/A"], "relation": ["N/A"], "qualifiedRelation": ["N/A"], "qualifiedAttribution": ["N/A"], "previousVersion": ["N/A"], "nextVersion": ["N/A"], "landingPage": ["N/A"], "isReferencedBy": ["N/A"], "hasVersion": ["N/A"], "hasPolicy": ["N/A"], "hasCurrentVersion": ["N/A"], "useConstraints": ["N/A"], "status": ["N/A"], "spatialRepresentationType": ["N/A"], "scope": ["N/A"], "purpose": ["N/A"], "otherLocale": ["N/A"], "metadataProfile": ["N/A"], "metadataLinkage": ["N/A"], "metadataIdentifier": ["N/A"], "environmentDescription": ["N/A"], "contentInfo": ["N/A"], "ResearchInfrastructure": ["LifeWatch"], "EssentialVariables": ["N/A"], "potentialTopics": ["N/A"]}