{"url": ["https://metadatacatalogue.lifewatch.eu:/srv/api/records/oai:marineinfo.org:id:dataset:7886"], "name": ["Edward Forbes. Report on the Mollusca and Radiata of the Aegean Sea, and on their distribution, considered as bearing on Geology. 13th Meeting of the British Association for the Advancement of Science, London, 1844."], "description": ["A historical dataset, by Edward Forbes, Professor of Botany in King's College, London. This digitisedreport,requested by the British Association, refers to the Mollusca and Radiata inhabiting the Aegean and the Red Sea. The data upon whichthis report is founded have been entirelyderived from a voyage of 18 months to the Aegean. The calculations have been basedupon more than100 fully recorded dredging operations in variousdepths and in many localities. The digitizationprocess concerns the Appendix of the Report, which refers to the Examples of DredgingPapers, selected in order to show the associations of species in several regions.The numerous dredging operations on which this Report is foundedwere all registered ina similar manner."], "datePublished": ["2021-12-02"], "language": ["en"], "creator": ["\u00c2\u00a0Hellenic Centre for MarineResearch- Dimitra Mavraki "], "metadataProvider": ["\u00c2\u00a0Flanders Marine Institute(VLIZ) BEhttps://www.vliz.be"], "contact": ["\u00c2\u00a0Hellenic Centre for MarineResearch- Dimitra Mavraki "], "associatedParty": ["N/A"], "licenseInformation": [" Intellectual Rights To the extent possible underlaw, the publisher has waived all rights to these data and has dedicated them to the Public Domain (CC01.0) . Users may copy, modify,distribute and use the work,including for commercial purposes, without restriction.\u00c2\u00a0 "], "downloadLink": ["https://metadatacatalogue.lifewatch.eu:/srv/eng/catalog.search#/metadata/oai:marineinfo.org:id:dataset:7886"], "keywords": ["Historical datasets"], "geographicCoverage": ["Geographic Description EurOBIS calculated BBOX > station Bounding Box Bounding Box West Bounding Coordinate 22.962239 East Bounding Coordinate 29.105278 North Bounding Coordinate 38.580856 South Bounding Coordinate 36.361667"], "westBoundingCoordinate": ["22.962239"], "eastBoundingCoordinate": ["29.105278"], "northBoundingCoordinate": ["38.580856"], "southBoundingCoordinate": ["36.361667"], "dateCreated": ["1841-05-29"], "temporalCoverageEndDate": ["1843-12-23"], "license": ["N/A"], "distribution": ["N/A"], "distributionInfo": ["N/A"], "identifier": ["https://metadatacatalogue.lifewatch.eu:/srv/eng/catalog.search#/metadata/oai:marineinfo.org:id:dataset:7886"], "accessibilitySummary": ["N/A"], "version": ["N/A"], "temporalCoverage": ["N/A"], "publisher": ["N/A"], "spatial": ["N/A"], "citation": ["N/A"], "genre": ["N/A"], "modificationDate": ["2021-12-02"], "image": ["N/A"], "thumbnailUrl": ["N/A"], "headline": ["Edward Forbes. Report on the Mollusca and Radiata of the Aegean Sea, and on their distribution, considered as bearing on Geology. 13th Meeting of the British Association for the Advancement of Science, London, 1844."], "abstract": ["A historical dataset, by Edward Forbes, Professor of Botany in King's College, London. This digitisedreport,requested by the British Association, refers to the Mollusca and Radiata inhabiting the Aegean and the Red Sea. The data upon whichthis report is founded have been entirelyderived from a voyage of 18 months to the Aegean. The calculations have been basedupon more than100 fully recorded dredging operations in variousdepths and in many localities. The digitizationprocess concerns the Appendix of the Report, which refers to the Examples of DredgingPapers, selected in order to show the associations of species in several regions.The numerous dredging operations on which this Report is foundedwere all registered ina similar manner."], "theme": ["N/A"], "creditText": ["N/A"], "producer": ["\u00c2\u00a0Hellenic Centre for MarineResearch- Dimitra Mavraki "], "author": ["\u00c2\u00a0Hellenic Centre for MarineResearch- Dimitra Mavraki "], "spatialCoverage": [" calculated BBOX > station Bounding Box Bounding Box West Bounding Coordinate 22.962239 East Bounding Coordinate 29.105278 North Bounding Coordinate 38.580856 South Bounding Coordinate 36.361667"], "sponsor": ["N/A"], "size": ["N/A"], "sameAs": ["N/A"], "publication": ["N/A"], "provider": ["\u00c2\u00a0Hellenic Centre for MarineResearch- Dimitra Mavraki "], "position": ["N/A"], "measurementTechnique": ["N/A"], "material": ["N/A"], "maintainer": ["N/A"], "locationCreated": ["N/A"], "issn": ["N/A"], "isPartOf": ["N/A"], "isBasedOn": ["N/A"], "isAccessibleForFree": ["N/A"], "includedInDataCatalog": ["N/A"], "editor": ["N/A"], "editEIDR": ["N/A"], "copyrightYear": ["N/A"], "copyrightNotice": ["N/A"], "copyrightHolder": ["N/A"], "contributor": ["N/A"], "contentReferenceTime": ["N/A"], "contentLocation": ["N/A"], "character": ["N/A"], "acquireLicensePage": ["N/A"], "accessModeSufficient": ["N/A"], "about": ["N/A"], "rights": ["N/A"], "relation": ["N/A"], "qualifiedRelation": ["N/A"], "qualifiedAttribution": ["N/A"], "previousVersion": ["N/A"], "nextVersion": ["N/A"], "landingPage": ["N/A"], "isReferencedBy": ["N/A"], "hasVersion": ["N/A"], "hasPolicy": ["N/A"], "hasCurrentVersion": ["N/A"], "useConstraints": ["N/A"], "status": ["N/A"], "spatialRepresentationType": ["N/A"], "scope": ["N/A"], "purpose": ["N/A"], "otherLocale": ["N/A"], "metadataProfile": ["N/A"], "metadataLinkage": ["N/A"], "metadataIdentifier": ["N/A"], "environmentDescription": ["N/A"], "contentInfo": ["N/A"], "ResearchInfrastructure": ["LifeWatch"], "EssentialVariables": ["N/A"], "potentialTopics": ["N/A"]}