{"url": ["https://metadatacatalogue.lifewatch.eu:/geonetwork/api/records/oai:marineinfo.org:id:dataset:596"], "name": ["Fauna Bentonica"], "description": ["This data collected in the frameworkof a PhD thesiswere collected between 1934and 1936. Scientists from the Hellenic Centre ofMarine Research computed the dataset afterwards (Vatova, A. 1949)."], "datePublished": ["2021-12-02"], "language": ["en"], "creator": ["\u00c2\u00a0Istituto Di BiologiaMarina Per L\u00e2\u0080\u0099Adriatico- Aristocle Vatova "], "metadataProvider": ["\u00c2\u00a0Flanders Marine Institute(VLIZ) BEhttps://www.vliz.be"], "contact": ["\u00c2\u00a0Istituto Di BiologiaMarina Per L\u00e2\u0080\u0099Adriatico- Aristocle Vatova "], "associatedParty": ["N/A"], "licenseInformation": [" Intellectual Rights This work is licensed under a Creative Commons Attribution (CC-BY) 4.0 License .\u00c2\u00a0 "], "downloadLink": ["https://metadatacatalogue.lifewatch.eu:/geonetwork/eng/catalog.search#/metadata/oai:marineinfo.org:id:dataset:596"], "keywords": ["Benthic fauna Biogeography"], "geographicCoverage": ["Geographic Description EurOBIS calculated BBOX > station Bounding Box Bounding Box West Bounding Coordinate 12.307 East Bounding Coordinate 17.187 North Bounding Coordinate 45.693 South Bounding Coordinate 41.95"], "westBoundingCoordinate": ["12.307"], "eastBoundingCoordinate": ["17.187"], "northBoundingCoordinate": ["45.693"], "southBoundingCoordinate": ["41.95"], "dateCreated": ["N/A"], "temporalCoverageEndDate": ["N/A"], "license": ["N/A"], "distribution": ["N/A"], "distributionInfo": ["N/A"], "identifier": ["https://metadatacatalogue.lifewatch.eu:/geonetwork/eng/catalog.search#/metadata/oai:marineinfo.org:id:dataset:596"], "accessibilitySummary": ["N/A"], "version": ["N/A"], "temporalCoverage": ["N/A"], "publisher": ["N/A"], "spatial": ["N/A"], "citation": ["N/A"], "genre": ["N/A"], "modificationDate": ["2021-12-02"], "image": ["N/A"], "thumbnailUrl": ["N/A"], "headline": ["Fauna Bentonica"], "abstract": ["This data collected in the frameworkof a PhD thesiswere collected between 1934and 1936. Scientists from the Hellenic Centre ofMarine Research computed the dataset afterwards (Vatova, A. 1949)."], "theme": ["N/A"], "creditText": ["N/A"], "producer": ["\u00c2\u00a0Istituto Di BiologiaMarina Per L\u00e2\u0080\u0099Adriatico- Aristocle Vatova "], "author": ["\u00c2\u00a0Istituto Di BiologiaMarina Per L\u00e2\u0080\u0099Adriatico- Aristocle Vatova "], "spatialCoverage": [" calculated BBOX > station Bounding Box Bounding Box West Bounding Coordinate 12.307 East Bounding Coordinate 17.187 North Bounding Coordinate 45.693 South Bounding Coordinate 41.95"], "sponsor": ["N/A"], "size": ["N/A"], "sameAs": ["N/A"], "publication": ["N/A"], "provider": ["\u00c2\u00a0Istituto Di BiologiaMarina Per L\u00e2\u0080\u0099Adriatico- Aristocle Vatova "], "position": ["N/A"], "measurementTechnique": ["N/A"], "material": ["N/A"], "maintainer": ["N/A"], "locationCreated": ["N/A"], "issn": ["N/A"], "isPartOf": ["N/A"], "isBasedOn": ["N/A"], "isAccessibleForFree": ["N/A"], "includedInDataCatalog": ["N/A"], "editor": ["N/A"], "editEIDR": ["N/A"], "copyrightYear": ["N/A"], "copyrightNotice": ["N/A"], "copyrightHolder": ["N/A"], "contributor": ["N/A"], "contentReferenceTime": ["N/A"], "contentLocation": ["N/A"], "character": ["N/A"], "acquireLicensePage": ["N/A"], "accessModeSufficient": ["N/A"], "about": ["N/A"], "rights": ["N/A"], "relation": ["N/A"], "qualifiedRelation": ["N/A"], "qualifiedAttribution": ["N/A"], "previousVersion": ["N/A"], "nextVersion": ["N/A"], "landingPage": ["N/A"], "isReferencedBy": ["N/A"], "hasVersion": ["N/A"], "hasPolicy": ["N/A"], "hasCurrentVersion": ["N/A"], "useConstraints": ["N/A"], "status": ["N/A"], "spatialRepresentationType": ["N/A"], "scope": ["N/A"], "purpose": ["N/A"], "otherLocale": ["N/A"], "metadataProfile": ["N/A"], "metadataLinkage": ["N/A"], "metadataIdentifier": ["N/A"], "environmentDescription": ["N/A"], "contentInfo": ["N/A"], "ResearchInfrastructure": ["LifeWatch"], "EssentialVariables": ["N/A"], "potentialTopics": ["N/A"]}