{"url": ["https://metadatacatalogue.lifewatch.eu:/srv/api/records/oai:marineinfo.org:id:dataset:20"], "name": ["Chemical analysis of PAK's, Organotin, PCB's, PBDE's and organochlorine pesticides as possible endocrine disruptors in Scheldt estuary"], "description": ["Water, sediment, suspended matter and biotawere sampled alongthe Western Scheldt from 2002to 2006. All matrices were analysed for PAK's, Organotin, PCB's, PBDE's and OCl pesticidesusing GCMS and GCMS/MS."], "datePublished": ["2021-12-02"], "language": ["en"], "creator": ["\u00c2\u00a0Koninklijk Belgisch Instituut voor Natuurwetenschappen;Departement Beheer van het MarieneEcosysteem; Beheerseenheid Mathematisch Model Noordzeeen Schelde-estuarium; Oostende- Els Monteyne "], "metadataProvider": ["\u00c2\u00a0Flanders Marine Institute(VLIZ) BEhttps://www.vliz.be"], "contact": ["\u00c2\u00a0Koninklijk Belgisch Instituut voor Natuurwetenschappen;Departement Beheer van het MarieneEcosysteem; Beheerseenheid Mathematisch Model Noordzeeen Schelde-estuarium; Oostende- Els Monteyne "], "associatedParty": [" custodianSteward\u00c2\u00a0Koninklijk Belgisch Instituut voor Natuurwetenschappen;Departement Beheer van het MarieneEcosysteem; Beheerseenheid Mathematisch Model Noordzeeen Schelde-estuarium; Oostende- Els Monteyne "], "licenseInformation": [" Intellectual Rights This work is licensed under a Creative Commons Attribution (CC-BY) 4.0 License .\u00c2\u00a0 "], "downloadLink": ["https://metadatacatalogue.lifewatch.eu:/srv/eng/catalog.search#/metadata/oai:marineinfo.org:id:dataset:20"], "keywords": ["Chemical pollutants Chlorinated hydrocarbons DDT Estuaries Halogenated hydrocarbons PCB Pesticides Polychlorinated biphenyls Toxicants Tributyltin Water quality"], "geographicCoverage": ["Geographic Description ANE, ScheldtEstuary"], "westBoundingCoordinate": ["3.5699999332428"], "eastBoundingCoordinate": ["4.3916602134705"], "northBoundingCoordinate": ["51.436668395996"], "southBoundingCoordinate": ["51.21883392334"], "dateCreated": ["2002-01-01"], "temporalCoverageEndDate": ["2006-01-01"], "license": ["N/A"], "distribution": ["N/A"], "distributionInfo": ["N/A"], "identifier": ["https://metadatacatalogue.lifewatch.eu:/srv/eng/catalog.search#/metadata/oai:marineinfo.org:id:dataset:20"], "accessibilitySummary": ["N/A"], "version": ["N/A"], "temporalCoverage": ["N/A"], "publisher": ["N/A"], "spatial": ["N/A"], "citation": ["N/A"], "genre": ["N/A"], "modificationDate": ["2021-12-02"], "image": ["N/A"], "thumbnailUrl": ["N/A"], "headline": ["Chemical analysis of PAK's, Organotin, PCB's, PBDE's and organochlorine pesticides as possible endocrine disruptors in Scheldt estuary"], "abstract": ["Water, sediment, suspended matter and biotawere sampled alongthe Western Scheldt from 2002to 2006. All matrices were analysed for PAK's, Organotin, PCB's, PBDE's and OCl pesticidesusing GCMS and GCMS/MS."], "theme": ["N/A"], "creditText": ["N/A"], "producer": ["\u00c2\u00a0Koninklijk Belgisch Instituut voor Natuurwetenschappen;Departement Beheer van het MarieneEcosysteem; Beheerseenheid Mathematisch Model Noordzeeen Schelde-estuarium; Oostende- Els Monteyne "], "author": ["\u00c2\u00a0Koninklijk Belgisch Instituut voor Natuurwetenschappen;Departement Beheer van het MarieneEcosysteem; Beheerseenheid Mathematisch Model Noordzeeen Schelde-estuarium; Oostende- Els Monteyne "], "spatialCoverage": [" ScheldtEstuary"], "sponsor": ["N/A"], "size": ["N/A"], "sameAs": ["N/A"], "publication": ["N/A"], "provider": ["\u00c2\u00a0Koninklijk Belgisch Instituut voor Natuurwetenschappen;Departement Beheer van het MarieneEcosysteem; Beheerseenheid Mathematisch Model Noordzeeen Schelde-estuarium; Oostende- Els Monteyne "], "position": ["N/A"], "measurementTechnique": ["N/A"], "material": ["N/A"], "maintainer": ["N/A"], "locationCreated": ["N/A"], "issn": ["N/A"], "isPartOf": ["N/A"], "isBasedOn": ["N/A"], "isAccessibleForFree": ["N/A"], "includedInDataCatalog": ["N/A"], "editor": ["N/A"], "editEIDR": ["N/A"], "copyrightYear": ["N/A"], "copyrightNotice": ["N/A"], "copyrightHolder": ["N/A"], "contributor": ["N/A"], "contentReferenceTime": ["N/A"], "contentLocation": ["N/A"], "character": ["N/A"], "acquireLicensePage": ["N/A"], "accessModeSufficient": ["N/A"], "about": ["N/A"], "rights": ["N/A"], "relation": ["N/A"], "qualifiedRelation": ["N/A"], "qualifiedAttribution": ["N/A"], "previousVersion": ["N/A"], "nextVersion": ["N/A"], "landingPage": ["N/A"], "isReferencedBy": ["N/A"], "hasVersion": ["N/A"], "hasPolicy": ["N/A"], "hasCurrentVersion": ["N/A"], "useConstraints": ["N/A"], "status": ["N/A"], "spatialRepresentationType": ["N/A"], "scope": ["N/A"], "purpose": ["N/A"], "otherLocale": ["N/A"], "metadataProfile": ["N/A"], "metadataLinkage": ["N/A"], "metadataIdentifier": ["N/A"], "environmentDescription": ["N/A"], "contentInfo": ["N/A"], "ResearchInfrastructure": ["LifeWatch"], "EssentialVariables": ["N/A"], "potentialTopics": ["N/A"]}