{"url": ["https://metadatacatalogue.lifewatch.eu:/srv/api/records/oai:marineinfo.org:id:dataset:4495"], "name": ["Macrofaunal composition and zonation on sandy beaches at Gazi, Kanamai and Malindi Bay Kenya between April and December 1986"], "description": ["List of macrofauna species present in 4 zonesat the sandy beachesof Gazi, Kanamai and MalindiBay. Study was carried out from April-December 1986.The data were digitized by VLIZ from theoriginal report: Ruwa,R.K. (1987). Macrofaunal composition and zonation on sandybeaches at Gazi, Kanamai and Malindi Bay Kenya, in: Martens, E.E. (1987). Kenyan-Belgian Project in Marine Sciences: Second Quarterly Report. Pp. 81-93"], "datePublished": ["2021-12-02"], "language": ["en"], "creator": ["\u00c2\u00a0Kenya Marine and FisheriesResearch Institute MombasaCentre "], "metadataProvider": ["\u00c2\u00a0Flanders Marine Institute(VLIZ) BEhttps://www.vliz.be"], "contact": ["\u00c2\u00a0Vlaams Instituut voor de Zee BE "], "associatedParty": [" custodianSteward\u00c2\u00a0Vlaams Instituut voor de Zee BE "], "licenseInformation": [" Intellectual Rights This work is licensed under a Creative Commons Attribution (CC-BY) 4.0 License .\u00c2\u00a0 "], "downloadLink": ["https://metadatacatalogue.lifewatch.eu:/srv/eng/catalog.search#/metadata/oai:marineinfo.org:id:dataset:4495"], "keywords": ["ISW, Kenya, coast,Kanamai ISW, kenya, coast, kwale, gazi bay ISW, Kenya, coast, Malindi Bay Macrofauna Tide levels Zonation"], "geographicCoverage": ["Geographic Description ISW, Kenya > station Gazi Beach"], "westBoundingCoordinate": ["N/A"], "eastBoundingCoordinate": ["N/A"], "northBoundingCoordinate": ["N/A"], "southBoundingCoordinate": ["N/A"], "dateCreated": ["1986-04-01"], "temporalCoverageEndDate": ["1986-12-01"], "license": ["N/A"], "distribution": ["N/A"], "distributionInfo": ["N/A"], "identifier": ["https://metadatacatalogue.lifewatch.eu:/srv/eng/catalog.search#/metadata/oai:marineinfo.org:id:dataset:4495"], "accessibilitySummary": ["N/A"], "version": ["N/A"], "temporalCoverage": ["N/A"], "publisher": ["N/A"], "spatial": ["N/A"], "citation": ["N/A"], "genre": ["N/A"], "modificationDate": ["2021-12-02"], "image": ["N/A"], "thumbnailUrl": ["N/A"], "headline": ["Macrofaunal composition and zonation on sandy beaches at Gazi, Kanamai and Malindi Bay Kenya between April and December 1986"], "abstract": ["List of macrofauna species present in 4 zonesat the sandy beachesof Gazi, Kanamai and MalindiBay. Study was carried out from April-December 1986.The data were digitized by VLIZ from theoriginal report: Ruwa,R.K. (1987). Macrofaunal composition and zonation on sandybeaches at Gazi, Kanamai and Malindi Bay Kenya, in: Martens, E.E. (1987). Kenyan-Belgian Project in Marine Sciences: Second Quarterly Report. Pp. 81-93"], "theme": ["N/A"], "creditText": ["N/A"], "producer": ["\u00c2\u00a0Kenya Marine and FisheriesResearch Institute MombasaCentre "], "author": ["\u00c2\u00a0Kenya Marine and FisheriesResearch Institute MombasaCentre "], "spatialCoverage": [" Kenya > station Gazi Beach"], "sponsor": ["N/A"], "size": ["N/A"], "sameAs": ["N/A"], "publication": ["N/A"], "provider": ["\u00c2\u00a0Kenya Marine and FisheriesResearch Institute MombasaCentre "], "position": ["N/A"], "measurementTechnique": ["N/A"], "material": ["N/A"], "maintainer": ["N/A"], "locationCreated": ["N/A"], "issn": ["N/A"], "isPartOf": ["N/A"], "isBasedOn": ["N/A"], "isAccessibleForFree": ["N/A"], "includedInDataCatalog": ["N/A"], "editor": ["N/A"], "editEIDR": ["N/A"], "copyrightYear": ["N/A"], "copyrightNotice": ["N/A"], "copyrightHolder": ["N/A"], "contributor": ["N/A"], "contentReferenceTime": ["N/A"], "contentLocation": ["N/A"], "character": ["N/A"], "acquireLicensePage": ["N/A"], "accessModeSufficient": ["N/A"], "about": ["N/A"], "rights": ["N/A"], "relation": ["N/A"], "qualifiedRelation": ["N/A"], "qualifiedAttribution": ["N/A"], "previousVersion": ["N/A"], "nextVersion": ["N/A"], "landingPage": ["N/A"], "isReferencedBy": ["N/A"], "hasVersion": ["N/A"], "hasPolicy": ["N/A"], "hasCurrentVersion": ["N/A"], "useConstraints": ["N/A"], "status": ["N/A"], "spatialRepresentationType": ["N/A"], "scope": ["N/A"], "purpose": ["N/A"], "otherLocale": ["N/A"], "metadataProfile": ["N/A"], "metadataLinkage": ["N/A"], "metadataIdentifier": ["N/A"], "environmentDescription": ["N/A"], "contentInfo": ["N/A"], "ResearchInfrastructure": ["LifeWatch"], "EssentialVariables": ["N/A"], "potentialTopics": ["N/A"]}