{"url": ["https://metadatacatalogue.lifewatch.eu:/srv/api/records/oai:marineinfo.org:id:dataset:6543"], "name": ["F.M.Ghazzawi (1938) Plankton of the Egyptian waters. Two Cladocera from the plankton. Notes and Memories of the Hydrobiology and Fisheries Directorate of Egypt, Notes and Memories No 31"], "description": ["This paper presents the identification of two species, namelyPodon polyphemoides and Penilia avirostris by F.M.Ghazzawi, through plankton catches. It includesmicrophotographs and drawings of theabove mentioned species."], "datePublished": ["2021-12-02"], "language": ["en"], "creator": ["\u00c2\u00a0Hellenic Centre for Marine Research; Institute of Marine Biology, Biotechnology and Aquaculture- Dimitra Mavraki "], "metadataProvider": ["\u00c2\u00a0Flanders Marine Institute(VLIZ) BEhttps://www.vliz.be"], "contact": ["\u00c2\u00a0Hellenic Centre for Marine Research; Institute of Marine Biology, Biotechnology and Aquaculture- Stamatina Nikolopoulou "], "associatedParty": [" contentProvider\u00c2\u00a0Hellenic Centre for Marine Research; Institute of Marine Biology, Biotechnology and Aquaculture- Dimitra Mavraki "], "licenseInformation": [" Intellectual Rights To the extent possible underlaw, the publisher has waived all rights to these data and has dedicated them to the Public Domain (CC01.0) . Users may copy, modify,distribute and use the work,including for commercial purposes, without restriction.\u00c2\u00a0 "], "downloadLink": ["https://metadatacatalogue.lifewatch.eu:/srv/eng/catalog.search#/metadata/oai:marineinfo.org:id:dataset:6543"], "keywords": ["Cladocera"], "geographicCoverage": ["Geographic Description ISW, Egypt, Arab Rep., Suez Gulf"], "westBoundingCoordinate": ["N/A"], "eastBoundingCoordinate": ["N/A"], "northBoundingCoordinate": ["N/A"], "southBoundingCoordinate": ["N/A"], "dateCreated": ["N/A"], "temporalCoverageEndDate": ["N/A"], "license": ["N/A"], "distribution": ["N/A"], "distributionInfo": ["N/A"], "identifier": ["https://metadatacatalogue.lifewatch.eu:/srv/eng/catalog.search#/metadata/oai:marineinfo.org:id:dataset:6543"], "accessibilitySummary": ["N/A"], "version": ["N/A"], "temporalCoverage": ["N/A"], "publisher": ["N/A"], "spatial": ["N/A"], "citation": ["N/A"], "genre": ["N/A"], "modificationDate": ["2021-12-02"], "image": ["N/A"], "thumbnailUrl": ["N/A"], "headline": ["F.M.Ghazzawi (1938) Plankton of the Egyptian waters. Two Cladocera from the plankton. Notes and Memories of the Hydrobiology and Fisheries Directorate of Egypt, Notes and Memories No 31"], "abstract": ["This paper presents the identification of two species, namelyPodon polyphemoides and Penilia avirostris by F.M.Ghazzawi, through plankton catches. It includesmicrophotographs and drawings of theabove mentioned species."], "theme": ["N/A"], "creditText": ["N/A"], "producer": ["\u00c2\u00a0Hellenic Centre for Marine Research; Institute of Marine Biology, Biotechnology and Aquaculture- Dimitra Mavraki "], "author": ["\u00c2\u00a0Hellenic Centre for Marine Research; Institute of Marine Biology, Biotechnology and Aquaculture- Dimitra Mavraki "], "spatialCoverage": [" Egypt Arab Rep. Suez Gulf"], "sponsor": ["N/A"], "size": ["N/A"], "sameAs": ["N/A"], "publication": ["N/A"], "provider": ["\u00c2\u00a0Hellenic Centre for Marine Research; Institute of Marine Biology, Biotechnology and Aquaculture- Dimitra Mavraki "], "position": ["N/A"], "measurementTechnique": ["N/A"], "material": ["N/A"], "maintainer": ["N/A"], "locationCreated": ["N/A"], "issn": ["N/A"], "isPartOf": ["N/A"], "isBasedOn": ["N/A"], "isAccessibleForFree": ["N/A"], "includedInDataCatalog": ["N/A"], "editor": ["N/A"], "editEIDR": ["N/A"], "copyrightYear": ["N/A"], "copyrightNotice": ["N/A"], "copyrightHolder": ["N/A"], "contributor": ["N/A"], "contentReferenceTime": ["N/A"], "contentLocation": ["N/A"], "character": ["N/A"], "acquireLicensePage": ["N/A"], "accessModeSufficient": ["N/A"], "about": ["N/A"], "rights": ["N/A"], "relation": ["N/A"], "qualifiedRelation": ["N/A"], "qualifiedAttribution": ["N/A"], "previousVersion": ["N/A"], "nextVersion": ["N/A"], "landingPage": ["N/A"], "isReferencedBy": ["N/A"], "hasVersion": ["N/A"], "hasPolicy": ["N/A"], "hasCurrentVersion": ["N/A"], "useConstraints": ["N/A"], "status": ["N/A"], "spatialRepresentationType": ["N/A"], "scope": ["N/A"], "purpose": ["N/A"], "otherLocale": ["N/A"], "metadataProfile": ["N/A"], "metadataLinkage": ["N/A"], "metadataIdentifier": ["N/A"], "environmentDescription": ["N/A"], "contentInfo": ["N/A"], "ResearchInfrastructure": ["LifeWatch"], "EssentialVariables": ["N/A"], "potentialTopics": ["N/A"]}