{"url": ["https://metadatacatalogue.lifewatch.eu:/srv/api/records/oai:marineinfo.org:id:dataset:4241"], "name": ["Polychaete Study in Northeastern Mediterranean Coast of Egypt"], "description": ["Within the frame work, organized by the National Institute of Oceanography and Fisheries, Alexandria, Egypt, 15 quantitative samples were collected and analysed for Polychaetesusing a Van Veen grab on thesoft bottom, at depths ranging from 12m to 106 m. Sampleswere taken over twoseasons (spring and summer, 2008)during two trips to the Northeastern coast of the Egyptian Mediterranean waters at El Tina Bay, Balteem,Abokhashaba and Gamasa."], "datePublished": ["2021-12-02"], "language": ["en"], "creator": ["\u00c2\u00a0National Institute of Oceanography and Fisheries- Faiza Abd-Elnaby "], "metadataProvider": ["\u00c2\u00a0Flanders Marine Institute(VLIZ) BEhttps://www.vliz.be"], "contact": ["\u00c2\u00a0Hellenic Centre for MarineResearch- Christos Arvanitidis "], "associatedParty": [" pointOfContact\u00c2\u00a0National Institute of Oceanography and Fisheries- Faiza Abd-Elnaby "], "licenseInformation": [" Intellectual Rights This work is licensed under a Creative Commons Attribution (CC-BY) 4.0 License .\u00c2\u00a0 "], "downloadLink": ["https://metadatacatalogue.lifewatch.eu:/srv/eng/catalog.search#/metadata/oai:marineinfo.org:id:dataset:4241"], "keywords": ["Data Introduced species Marine Genomics New species Taxonomy"], "geographicCoverage": ["Geographic Description MED, Egypt, Arab Rep. > stationAbokhashaba, Balteem, Gamasa"], "westBoundingCoordinate": ["N/A"], "eastBoundingCoordinate": ["N/A"], "northBoundingCoordinate": ["N/A"], "southBoundingCoordinate": ["N/A"], "dateCreated": ["2008-03-01"], "temporalCoverageEndDate": ["2008-09-01"], "license": ["N/A"], "distribution": ["N/A"], "distributionInfo": ["N/A"], "identifier": ["https://metadatacatalogue.lifewatch.eu:/srv/eng/catalog.search#/metadata/oai:marineinfo.org:id:dataset:4241"], "accessibilitySummary": ["N/A"], "version": ["N/A"], "temporalCoverage": ["N/A"], "publisher": ["N/A"], "spatial": ["N/A"], "citation": ["N/A"], "genre": ["N/A"], "modificationDate": ["2021-12-02"], "image": ["N/A"], "thumbnailUrl": ["N/A"], "headline": ["Polychaete Study in Northeastern Mediterranean Coast of Egypt"], "abstract": ["Within the frame work, organized by the National Institute of Oceanography and Fisheries, Alexandria, Egypt, 15 quantitative samples were collected and analysed for Polychaetesusing a Van Veen grab on thesoft bottom, at depths ranging from 12m to 106 m. Sampleswere taken over twoseasons (spring and summer, 2008)during two trips to the Northeastern coast of the Egyptian Mediterranean waters at El Tina Bay, Balteem,Abokhashaba and Gamasa."], "theme": ["N/A"], "creditText": ["N/A"], "producer": ["\u00c2\u00a0National Institute of Oceanography and Fisheries- Faiza Abd-Elnaby "], "author": ["\u00c2\u00a0National Institute of Oceanography and Fisheries- Faiza Abd-Elnaby "], "spatialCoverage": [" Egypt Arab Rep. > stationAbokhashaba Balteem Gamasa"], "sponsor": ["N/A"], "size": ["N/A"], "sameAs": ["N/A"], "publication": ["N/A"], "provider": ["\u00c2\u00a0National Institute of Oceanography and Fisheries- Faiza Abd-Elnaby "], "position": ["N/A"], "measurementTechnique": ["N/A"], "material": ["N/A"], "maintainer": ["N/A"], "locationCreated": ["N/A"], "issn": ["N/A"], "isPartOf": ["N/A"], "isBasedOn": ["N/A"], "isAccessibleForFree": ["N/A"], "includedInDataCatalog": ["N/A"], "editor": ["N/A"], "editEIDR": ["N/A"], "copyrightYear": ["N/A"], "copyrightNotice": ["N/A"], "copyrightHolder": ["N/A"], "contributor": ["N/A"], "contentReferenceTime": ["N/A"], "contentLocation": ["N/A"], "character": ["N/A"], "acquireLicensePage": ["N/A"], "accessModeSufficient": ["N/A"], "about": ["N/A"], "rights": ["N/A"], "relation": ["N/A"], "qualifiedRelation": ["N/A"], "qualifiedAttribution": ["N/A"], "previousVersion": ["N/A"], "nextVersion": ["N/A"], "landingPage": ["N/A"], "isReferencedBy": ["N/A"], "hasVersion": ["N/A"], "hasPolicy": ["N/A"], "hasCurrentVersion": ["N/A"], "useConstraints": ["N/A"], "status": ["N/A"], "spatialRepresentationType": ["N/A"], "scope": ["N/A"], "purpose": ["N/A"], "otherLocale": ["N/A"], "metadataProfile": ["N/A"], "metadataLinkage": ["N/A"], "metadataIdentifier": ["N/A"], "environmentDescription": ["N/A"], "contentInfo": ["N/A"], "ResearchInfrastructure": ["LifeWatch"], "EssentialVariables": ["N/A"], "potentialTopics": ["N/A"]}