{"url": ["https://metadatacatalogue.lifewatch.eu:/geonetwork/api/records/oai:marineinfo.org:id:dataset:5829"], "name": ["Observatoire Pelagis aerial surveys 2002-2015"], "description": ["Original provider: Observatoire PELAGIS UMS 3462 University La Rochelle - CNRS Datasetcredits: Observatoire PELAGIS UMS 3462,University La Rochelle - CNRS -Agence des Aires Marines Prot\u00c3\u00a9g\u00c3\u00a9es - Direction de l'Eauet de la Biodiversit\u00c3\u00a9 Abstract: In order to establish a baseline map of cetaceansand other pelagic megafaunaacross the FrenchEEZ, the French agency for marineprotected areas (AAMP) decided to conduct a series of surveys allowing hotspots of abundance and diversity to be identified and a future monitoring scheme to be established. A dedicatedaerial survey methodology, following standard protocols, was preferred to ship surveys.The general design corresponds to published protocols prepared for smallcetaceans, but data for other marinemammals (large whales, sirenians), seabirds, sea-turtles, large teleosts and large elasmobranchs) are collected as well."], "datePublished": ["2021-12-02"], "language": ["en"], "creator": ["\u00c2\u00a0Universit\u00c3\u00a9 de La Rochelle;Observatoire Pelagis (UMS 3462)- H\u00c3\u00a9l\u00c3\u00a8ne Peltier "], "metadataProvider": ["\u00c2\u00a0Flanders Marine Institute(VLIZ) BEhttps://www.vliz.be"], "contact": ["\u00c2\u00a0Universit\u00c3\u00a9 de La Rochelle;Observatoire Pelagis (UMS 3462)- Olivier Van Canneyt "], "associatedParty": ["N/A"], "licenseInformation": [" Intellectual Rights This work is licensed under a Creative Commons Attribution NonCommercial (CC-BY-NC) 4.0 License .\u00c2\u00a0 "], "downloadLink": ["https://metadatacatalogue.lifewatch.eu:/srv/eng/catalog.search#/metadata/oai:marineinfo.org:id:dataset:5829"], "keywords": ["Aircraft Marine ecology Sea birds Sea turtles"], "geographicCoverage": ["Geographic Description World Oceans"], "westBoundingCoordinate": ["N/A"], "eastBoundingCoordinate": ["N/A"], "northBoundingCoordinate": ["N/A"], "southBoundingCoordinate": ["N/A"], "dateCreated": ["2002-08-03"], "temporalCoverageEndDate": ["2015-01-10"], "license": ["N/A"], "distribution": ["N/A"], "distributionInfo": ["N/A"], "identifier": ["https://metadatacatalogue.lifewatch.eu:/srv/eng/catalog.search#/metadata/oai:marineinfo.org:id:dataset:5829"], "accessibilitySummary": ["N/A"], "version": ["N/A"], "temporalCoverage": ["N/A"], "publisher": ["N/A"], "spatial": ["N/A"], "citation": ["N/A"], "genre": ["N/A"], "modificationDate": ["2021-12-02"], "image": ["N/A"], "thumbnailUrl": ["N/A"], "headline": ["Observatoire Pelagis aerial surveys 2002-2015"], "abstract": ["Original provider: Observatoire PELAGIS UMS 3462 University La Rochelle - CNRS Datasetcredits: Observatoire PELAGIS UMS 3462,University La Rochelle - CNRS -Agence des Aires Marines Prot\u00c3\u00a9g\u00c3\u00a9es - Direction de l'Eauet de la Biodiversit\u00c3\u00a9 Abstract: In order to establish a baseline map of cetaceansand other pelagic megafaunaacross the FrenchEEZ, the French agency for marineprotected areas (AAMP) decided to conduct a series of surveys allowing hotspots of abundance and diversity to be identified and a future monitoring scheme to be established. A dedicatedaerial survey methodology, following standard protocols, was preferred to ship surveys.The general design corresponds to published protocols prepared for smallcetaceans, but data for other marinemammals (large whales, sirenians), seabirds, sea-turtles, large teleosts and large elasmobranchs) are collected as well."], "theme": ["N/A"], "creditText": ["N/A"], "producer": ["\u00c2\u00a0Universit\u00c3\u00a9 de La Rochelle;Observatoire Pelagis (UMS 3462)- H\u00c3\u00a9l\u00c3\u00a8ne Peltier "], "author": ["\u00c2\u00a0Universit\u00c3\u00a9 de La Rochelle;Observatoire Pelagis (UMS 3462)- H\u00c3\u00a9l\u00c3\u00a8ne Peltier "], "spatialCoverage": [" World Oceans"], "sponsor": ["N/A"], "size": ["N/A"], "sameAs": ["N/A"], "publication": ["N/A"], "provider": ["\u00c2\u00a0Universit\u00c3\u00a9 de La Rochelle;Observatoire Pelagis (UMS 3462)- H\u00c3\u00a9l\u00c3\u00a8ne Peltier "], "position": ["N/A"], "measurementTechnique": ["N/A"], "material": ["N/A"], "maintainer": ["N/A"], "locationCreated": ["N/A"], "issn": ["N/A"], "isPartOf": ["N/A"], "isBasedOn": ["N/A"], "isAccessibleForFree": ["N/A"], "includedInDataCatalog": ["N/A"], "editor": ["N/A"], "editEIDR": ["N/A"], "copyrightYear": ["N/A"], "copyrightNotice": ["N/A"], "copyrightHolder": ["N/A"], "contributor": ["N/A"], "contentReferenceTime": ["N/A"], "contentLocation": ["N/A"], "character": ["N/A"], "acquireLicensePage": ["N/A"], "accessModeSufficient": ["N/A"], "about": ["N/A"], "rights": ["N/A"], "relation": ["N/A"], "qualifiedRelation": ["N/A"], "qualifiedAttribution": ["N/A"], "previousVersion": ["N/A"], "nextVersion": ["N/A"], "landingPage": ["N/A"], "isReferencedBy": ["N/A"], "hasVersion": ["N/A"], "hasPolicy": ["N/A"], "hasCurrentVersion": ["N/A"], "useConstraints": ["N/A"], "status": ["N/A"], "spatialRepresentationType": ["N/A"], "scope": ["N/A"], "purpose": ["N/A"], "otherLocale": ["N/A"], "metadataProfile": ["N/A"], "metadataLinkage": ["N/A"], "metadataIdentifier": ["N/A"], "environmentDescription": ["N/A"], "contentInfo": ["N/A"], "ResearchInfrastructure": ["LifeWatch"], "EssentialVariables": ["N/A"], "potentialTopics": ["N/A"]}