{"url": ["https://metadatacatalogue.lifewatch.eu:/geonetwork/api/records/oai:marineinfo.org:id:dataset:5824"], "name": ["Giant Devil Rays in the North-Western Mediterranean Sea"], "description": ["Original provider: Giuseppe Notarbartolo di Sciara, Tethys ResearchInstitute Dataset credits: TethysResearch Institute Abstract: The giant devilray&lt;i&gt;Mobulamobular&lt;/i&gt;, the only Mediterranean mobulid, is subject to mortality caused by directed and accidental captures infisheries throughout the region.Whilst the combination of human impacts, limited range anda low reproductive potential is not inconsistent with its endangeredlisting, there are insufficientdata to enable a quantitative assessment of trends. Without this, it is difficultto assess and prioritise threats and develop effective conservationactions."], "datePublished": ["2021-12-02"], "language": ["en"], "creator": ["\u00c2\u00a0Tethys Research Institute- Giuseppe Notarbartolo di Sciara "], "metadataProvider": ["\u00c2\u00a0Flanders Marine Institute(VLIZ) BEhttps://www.vliz.be"], "contact": ["\u00c2\u00a0Tethys Research Institute- Giuseppe Notarbartolo di Sciara "], "associatedParty": ["N/A"], "licenseInformation": [" Intellectual Rights This work is licensed under a Creative Commons Attribution NonCommercial (CC-BY-NC) 4.0 License .\u00c2\u00a0 "], "downloadLink": ["https://metadatacatalogue.lifewatch.eu:/srv/eng/catalog.search#/metadata/oai:marineinfo.org:id:dataset:5824"], "keywords": ["Distribution Mediterranean Sea Rays"], "geographicCoverage": ["Geographic Description MED, Mediterranean"], "westBoundingCoordinate": ["N/A"], "eastBoundingCoordinate": ["N/A"], "northBoundingCoordinate": ["N/A"], "southBoundingCoordinate": ["N/A"], "dateCreated": ["2009-07-21"], "temporalCoverageEndDate": ["2013-08-07"], "license": ["N/A"], "distribution": ["N/A"], "distributionInfo": ["N/A"], "identifier": ["https://metadatacatalogue.lifewatch.eu:/srv/eng/catalog.search#/metadata/oai:marineinfo.org:id:dataset:5824"], "accessibilitySummary": ["N/A"], "version": ["N/A"], "temporalCoverage": ["N/A"], "publisher": ["N/A"], "spatial": ["N/A"], "citation": ["N/A"], "genre": ["N/A"], "modificationDate": ["2021-12-02"], "image": ["N/A"], "thumbnailUrl": ["N/A"], "headline": ["Giant Devil Rays in the North-Western Mediterranean Sea"], "abstract": ["Original provider: Giuseppe Notarbartolo di Sciara, Tethys ResearchInstitute Dataset credits: TethysResearch Institute Abstract: The giant devilray&lt;i&gt;Mobulamobular&lt;/i&gt;, the only Mediterranean mobulid, is subject to mortality caused by directed and accidental captures infisheries throughout the region.Whilst the combination of human impacts, limited range anda low reproductive potential is not inconsistent with its endangeredlisting, there are insufficientdata to enable a quantitative assessment of trends. Without this, it is difficultto assess and prioritise threats and develop effective conservationactions."], "theme": ["N/A"], "creditText": ["N/A"], "producer": ["\u00c2\u00a0Tethys Research Institute- Giuseppe Notarbartolo di Sciara "], "author": ["\u00c2\u00a0Tethys Research Institute- Giuseppe Notarbartolo di Sciara "], "spatialCoverage": [" Mediterranean"], "sponsor": ["N/A"], "size": ["N/A"], "sameAs": ["N/A"], "publication": ["N/A"], "provider": ["\u00c2\u00a0Tethys Research Institute- Giuseppe Notarbartolo di Sciara "], "position": ["N/A"], "measurementTechnique": ["N/A"], "material": ["N/A"], "maintainer": ["N/A"], "locationCreated": ["N/A"], "issn": ["N/A"], "isPartOf": ["N/A"], "isBasedOn": ["N/A"], "isAccessibleForFree": ["N/A"], "includedInDataCatalog": ["N/A"], "editor": ["N/A"], "editEIDR": ["N/A"], "copyrightYear": ["N/A"], "copyrightNotice": ["N/A"], "copyrightHolder": ["N/A"], "contributor": ["N/A"], "contentReferenceTime": ["N/A"], "contentLocation": ["N/A"], "character": ["N/A"], "acquireLicensePage": ["N/A"], "accessModeSufficient": ["N/A"], "about": ["N/A"], "rights": ["N/A"], "relation": ["N/A"], "qualifiedRelation": ["N/A"], "qualifiedAttribution": ["N/A"], "previousVersion": ["N/A"], "nextVersion": ["N/A"], "landingPage": ["N/A"], "isReferencedBy": ["N/A"], "hasVersion": ["N/A"], "hasPolicy": ["N/A"], "hasCurrentVersion": ["N/A"], "useConstraints": ["N/A"], "status": ["N/A"], "spatialRepresentationType": ["N/A"], "scope": ["N/A"], "purpose": ["N/A"], "otherLocale": ["N/A"], "metadataProfile": ["N/A"], "metadataLinkage": ["N/A"], "metadataIdentifier": ["N/A"], "environmentDescription": ["N/A"], "contentInfo": ["N/A"], "ResearchInfrastructure": ["LifeWatch"], "EssentialVariables": ["N/A"], "potentialTopics": ["N/A"]}