{"url": ["https://metadatacatalogue.lifewatch.eu:/srv/api/records/oai:marineinfo.org:id:dataset:842"], "name": ["Size Indian Nematodes"], "description": ["Length and width measurements of 800 nematodes from the Indian Ocean.Four stations were sampled, eachwith two replicates.The sampling depths varied from 50 to 2000meters. The density (ind/m\u00c2\u00b2) and the SCOC (mmolO2/m\u00c2\u00b2/day) were calculated."], "datePublished": ["2021-12-02"], "language": ["en"], "creator": ["\u00c2\u00a0Royal Netherlands Academy of Arts and Sciences Netherlands Institute of Ecology NL "], "metadataProvider": ["\u00c2\u00a0Flanders Marine Institute(VLIZ) BEhttps://www.vliz.be"], "contact": ["\u00c2\u00a0Flanders Marine Institute(VLIZ) BEhttps://www.vliz.be"], "associatedParty": ["N/A"], "licenseInformation": [" Intellectual Rights This work is licensed under a Creative Commons Attribution (CC-BY) 4.0 License .\u00c2\u00a0 "], "downloadLink": ["https://metadatacatalogue.lifewatch.eu:/srv/eng/catalog.search#/metadata/oai:marineinfo.org:id:dataset:842"], "keywords": ["Deep sea Meiobenthos"], "geographicCoverage": ["Geographic Description EurOBIS calculated BBOX > station Bounding Box Bounding Box West Bounding Coordinate 40.23233333 East Bounding Coordinate 41.2755 North Bounding Coordinate -3.133 South Bounding Coordinate -3.159833333"], "westBoundingCoordinate": ["40.23233333"], "eastBoundingCoordinate": ["41.2755"], "northBoundingCoordinate": ["-3.133"], "southBoundingCoordinate": ["-3.159833333"], "dateCreated": ["N/A"], "temporalCoverageEndDate": ["N/A"], "license": ["N/A"], "distribution": ["N/A"], "distributionInfo": ["N/A"], "identifier": ["https://metadatacatalogue.lifewatch.eu:/srv/eng/catalog.search#/metadata/oai:marineinfo.org:id:dataset:842"], "accessibilitySummary": ["N/A"], "version": ["N/A"], "temporalCoverage": ["N/A"], "publisher": ["N/A"], "spatial": ["N/A"], "citation": ["N/A"], "genre": ["N/A"], "modificationDate": ["2021-12-02"], "image": ["N/A"], "thumbnailUrl": ["N/A"], "headline": ["Size Indian Nematodes"], "abstract": ["Length and width measurements of 800 nematodes from the Indian Ocean.Four stations were sampled, eachwith two replicates.The sampling depths varied from 50 to 2000meters. The density (ind/m\u00c2\u00b2) and the SCOC (mmolO2/m\u00c2\u00b2/day) were calculated."], "theme": ["N/A"], "creditText": ["N/A"], "producer": ["\u00c2\u00a0Royal Netherlands Academy of Arts and Sciences Netherlands Institute of Ecology NL "], "author": ["\u00c2\u00a0Royal Netherlands Academy of Arts and Sciences Netherlands Institute of Ecology NL "], "spatialCoverage": [" calculated BBOX > station Bounding Box Bounding Box West Bounding Coordinate 40.23233333 East Bounding Coordinate 41.2755 North Bounding Coordinate -3.133 South Bounding Coordinate -3.159833333"], "sponsor": ["N/A"], "size": ["N/A"], "sameAs": ["N/A"], "publication": ["N/A"], "provider": ["\u00c2\u00a0Royal Netherlands Academy of Arts and Sciences Netherlands Institute of Ecology NL "], "position": ["N/A"], "measurementTechnique": ["N/A"], "material": ["N/A"], "maintainer": ["N/A"], "locationCreated": ["N/A"], "issn": ["N/A"], "isPartOf": ["N/A"], "isBasedOn": ["N/A"], "isAccessibleForFree": ["N/A"], "includedInDataCatalog": ["N/A"], "editor": ["N/A"], "editEIDR": ["N/A"], "copyrightYear": ["N/A"], "copyrightNotice": ["N/A"], "copyrightHolder": ["N/A"], "contributor": ["N/A"], "contentReferenceTime": ["N/A"], "contentLocation": ["N/A"], "character": ["N/A"], "acquireLicensePage": ["N/A"], "accessModeSufficient": ["N/A"], "about": ["N/A"], "rights": ["N/A"], "relation": ["N/A"], "qualifiedRelation": ["N/A"], "qualifiedAttribution": ["N/A"], "previousVersion": ["N/A"], "nextVersion": ["N/A"], "landingPage": ["N/A"], "isReferencedBy": ["N/A"], "hasVersion": ["N/A"], "hasPolicy": ["N/A"], "hasCurrentVersion": ["N/A"], "useConstraints": ["N/A"], "status": ["N/A"], "spatialRepresentationType": ["N/A"], "scope": ["N/A"], "purpose": ["N/A"], "otherLocale": ["N/A"], "metadataProfile": ["N/A"], "metadataLinkage": ["N/A"], "metadataIdentifier": ["N/A"], "environmentDescription": ["N/A"], "contentInfo": ["N/A"], "ResearchInfrastructure": ["LifeWatch"], "EssentialVariables": ["N/A"], "potentialTopics": ["N/A"]}