{"url": ["https://metadatacatalogue.lifewatch.eu:/geonetwork/api/records/oai:marineinfo.org:id:dataset:6507"], "name": ["Plankton community in Juday-Bogorov (330\u00c2\u00b5m) net, Point B, Villefranche-sur-Mer, France"], "description": ["This series is part of the long term planktonicmonitoring of Villefranche-sur-mer,which is one of the oldestand richest in the world. It aims at describing the dynamics of the mesozooplanktoncommunity. The data collectionand processing has been funded by severalprojects over its lifetime. It is currently supported directly by the Institut de la Mer de Villefranche (IMEV), as part of itslong term monitoring effort. This dataset contains the planktonic organismscollected by a Juday-Bogorov net (330\u00ce\u00bcm mesh) and therefore coverorganisms from ~300\u00c2\u00b5m to ~2cm."], "datePublished": ["2021-12-02"], "language": ["en"], "creator": ["\u00c2\u00a0Sorbonne Universit\u00c3\u00a9; Sorbonne Universit\u00c3\u00a9/CNRS, Institut de la MerdeVillefranche "], "metadataProvider": ["\u00c2\u00a0Flanders Marine Institute(VLIZ) BEhttps://www.vliz.be"], "contact": ["\u00c2\u00a0Sorbonne Universit\u00c3\u00a9; Sorbonne Universit\u00c3\u00a9/CNRS,Laboratoire d'Oc\u00c3\u00a9anographie de Villefranche- Jean-Olivier Irisson "], "associatedParty": [" contentProvider\u00c2\u00a0Sorbonne Universit\u00c3\u00a9; Sorbonne Universit\u00c3\u00a9/CNRS, Institut de la MerdeVillefranche- Alain Bedo "], "licenseInformation": [" Intellectual Rights This work is licensed under a Creative Commons Attribution (CC-BY) 4.0 License .\u00c2\u00a0 "], "downloadLink": ["https://metadatacatalogue.lifewatch.eu:/srv/eng/catalog.search#/metadata/oai:marineinfo.org:id:dataset:6507"], "keywords": ["EcoTaxa Imaging ZooSCAN"], "geographicCoverage": ["Geographic Description EurOBIS calculated BBOX > station Bounding Box Bounding Box West Bounding Coordinate 7.3 East Bounding Coordinate 7.315667 North Bounding Coordinate 43.685 South Bounding Coordinate 43.683333"], "westBoundingCoordinate": ["7.3"], "eastBoundingCoordinate": ["7.315667"], "northBoundingCoordinate": ["43.685"], "southBoundingCoordinate": ["43.683333"], "dateCreated": ["2010-12-06"], "temporalCoverageEndDate": ["2018-12-12"], "license": ["https://ecotaxa.obs-vlfr.fr/api/collections/by_short_title?q=point-b-juday-zooscan"], "distribution": ["https://ecotaxa.obs-vlfr.fr/api/collections/by_short_title?q=point-b-juday-zooscan"], "distributionInfo": ["https://ecotaxa.obs-vlfr.fr/api/collections/by_short_title?q=point-b-juday-zooscan"], "identifier": ["https://metadatacatalogue.lifewatch.eu:/srv/eng/catalog.search#/metadata/oai:marineinfo.org:id:dataset:6507"], "accessibilitySummary": ["N/A"], "version": ["N/A"], "temporalCoverage": ["N/A"], "publisher": ["N/A"], "spatial": ["N/A"], "citation": ["N/A"], "genre": ["N/A"], "modificationDate": ["2021-12-02"], "image": ["N/A"], "thumbnailUrl": ["N/A"], "headline": ["Plankton community in Juday-Bogorov (330\u00c2\u00b5m) net, Point B, Villefranche-sur-Mer, France"], "abstract": ["This series is part of the long term planktonicmonitoring of Villefranche-sur-mer,which is one of the oldestand richest in the world. It aims at describing the dynamics of the mesozooplanktoncommunity. The data collectionand processing has been funded by severalprojects over its lifetime. It is currently supported directly by the Institut de la Mer de Villefranche (IMEV), as part of itslong term monitoring effort. This dataset contains the planktonic organismscollected by a Juday-Bogorov net (330\u00ce\u00bcm mesh) and therefore coverorganisms from ~300\u00c2\u00b5m to ~2cm."], "theme": ["N/A"], "creditText": ["N/A"], "producer": ["\u00c2\u00a0Sorbonne Universit\u00c3\u00a9; Sorbonne Universit\u00c3\u00a9/CNRS, Institut de la MerdeVillefranche "], "author": ["\u00c2\u00a0Sorbonne Universit\u00c3\u00a9; Sorbonne Universit\u00c3\u00a9/CNRS, Institut de la MerdeVillefranche "], "spatialCoverage": [" calculated BBOX > station Bounding Box Bounding Box West Bounding Coordinate 7.3 East Bounding Coordinate 7.315667 North Bounding Coordinate 43.685 South Bounding Coordinate 43.683333"], "sponsor": ["N/A"], "size": ["N/A"], "sameAs": ["N/A"], "publication": ["N/A"], "provider": ["\u00c2\u00a0Sorbonne Universit\u00c3\u00a9; Sorbonne Universit\u00c3\u00a9/CNRS, Institut de la MerdeVillefranche "], "position": ["N/A"], "measurementTechnique": ["N/A"], "material": ["N/A"], "maintainer": ["N/A"], "locationCreated": ["N/A"], "issn": ["N/A"], "isPartOf": ["N/A"], "isBasedOn": ["N/A"], "isAccessibleForFree": ["N/A"], "includedInDataCatalog": ["N/A"], "editor": ["N/A"], "editEIDR": ["N/A"], "copyrightYear": ["N/A"], "copyrightNotice": ["N/A"], "copyrightHolder": ["N/A"], "contributor": ["N/A"], "contentReferenceTime": ["N/A"], "contentLocation": ["N/A"], "character": ["N/A"], "acquireLicensePage": ["N/A"], "accessModeSufficient": ["N/A"], "about": ["N/A"], "rights": ["N/A"], "relation": ["N/A"], "qualifiedRelation": ["N/A"], "qualifiedAttribution": ["N/A"], "previousVersion": ["N/A"], "nextVersion": ["N/A"], "landingPage": ["N/A"], "isReferencedBy": ["N/A"], "hasVersion": ["N/A"], "hasPolicy": ["N/A"], "hasCurrentVersion": ["N/A"], "useConstraints": ["N/A"], "status": ["N/A"], "spatialRepresentationType": ["N/A"], "scope": ["N/A"], "purpose": ["N/A"], "otherLocale": ["N/A"], "metadataProfile": ["N/A"], "metadataLinkage": ["N/A"], "metadataIdentifier": ["N/A"], "environmentDescription": ["N/A"], "contentInfo": ["N/A"], "ResearchInfrastructure": ["LifeWatch"], "EssentialVariables": ["N/A"], "potentialTopics": ["N/A"]}