{"url": ["https://metadatacatalogue.lifewatch.eu:/geonetwork/api/records/oai:marineinfo.org:id:dataset:2750"], "name": ["PANGAEA - Data from Leibniz Institute of Marine Sciences"], "description": ["This dataset contains data from theLeibniz Institute of Marine Sciences. These data arederived from PANGAEA."], "datePublished": ["2021-12-02"], "language": ["en"], "creator": ["\u00c2\u00a0Christian-Albrechts-University Kiel Leibniz Institute of Marine Sciences DE "], "metadataProvider": ["\u00c2\u00a0Flanders Marine Institute(VLIZ) BEhttps://www.vliz.be"], "contact": ["\u00c2\u00a0Flanders Marine Institute(VLIZ) BEhttps://www.vliz.be"], "associatedParty": ["N/A"], "licenseInformation": [" Intellectual Rights This work is licensed under a Creative Commons Attribution (CC-BY) 4.0 License .\u00c2\u00a0 "], "downloadLink": ["https://metadatacatalogue.lifewatch.eu:/srv/eng/catalog.search#/metadata/oai:marineinfo.org:id:dataset:2750"], "keywords": ["N/A"], "geographicCoverage": ["Geographic Description EurOBIS calculated BBOX > station Bounding Box Bounding Box West Bounding Coordinate -79.9002 East Bounding Coordinate 176.887 North Bounding Coordinate 78.8553 South Bounding Coordinate -56.6812"], "westBoundingCoordinate": ["-79.9002"], "eastBoundingCoordinate": ["176.887"], "northBoundingCoordinate": ["78.8553"], "southBoundingCoordinate": ["-56.6812"], "dateCreated": ["1967-01-01"], "temporalCoverageEndDate": ["1998-01-01"], "license": ["N/A"], "distribution": ["N/A"], "distributionInfo": ["N/A"], "identifier": ["https://metadatacatalogue.lifewatch.eu:/srv/eng/catalog.search#/metadata/oai:marineinfo.org:id:dataset:2750"], "accessibilitySummary": ["N/A"], "version": ["N/A"], "temporalCoverage": ["N/A"], "publisher": ["N/A"], "spatial": ["N/A"], "citation": ["N/A"], "genre": ["N/A"], "modificationDate": ["2021-12-02"], "image": ["N/A"], "thumbnailUrl": ["N/A"], "headline": ["PANGAEA - Data from Leibniz Institute of Marine Sciences"], "abstract": ["This dataset contains data from theLeibniz Institute of Marine Sciences. These data arederived from PANGAEA."], "theme": ["N/A"], "creditText": ["N/A"], "producer": ["\u00c2\u00a0Christian-Albrechts-University Kiel Leibniz Institute of Marine Sciences DE "], "author": ["\u00c2\u00a0Christian-Albrechts-University Kiel Leibniz Institute of Marine Sciences DE "], "spatialCoverage": [" calculated BBOX > station Bounding Box Bounding Box West Bounding Coordinate -79.9002 East Bounding Coordinate 176.887 North Bounding Coordinate 78.8553 South Bounding Coordinate -56.6812"], "sponsor": ["N/A"], "size": ["N/A"], "sameAs": ["N/A"], "publication": ["N/A"], "provider": ["\u00c2\u00a0Christian-Albrechts-University Kiel Leibniz Institute of Marine Sciences DE "], "position": ["N/A"], "measurementTechnique": ["N/A"], "material": ["N/A"], "maintainer": ["N/A"], "locationCreated": ["N/A"], "issn": ["N/A"], "isPartOf": ["N/A"], "isBasedOn": ["N/A"], "isAccessibleForFree": ["N/A"], "includedInDataCatalog": ["N/A"], "editor": ["N/A"], "editEIDR": ["N/A"], "copyrightYear": ["N/A"], "copyrightNotice": ["N/A"], "copyrightHolder": ["N/A"], "contributor": ["N/A"], "contentReferenceTime": ["N/A"], "contentLocation": ["N/A"], "character": ["N/A"], "acquireLicensePage": ["N/A"], "accessModeSufficient": ["N/A"], "about": ["N/A"], "rights": ["N/A"], "relation": ["N/A"], "qualifiedRelation": ["N/A"], "qualifiedAttribution": ["N/A"], "previousVersion": ["N/A"], "nextVersion": ["N/A"], "landingPage": ["N/A"], "isReferencedBy": ["N/A"], "hasVersion": ["N/A"], "hasPolicy": ["N/A"], "hasCurrentVersion": ["N/A"], "useConstraints": ["N/A"], "status": ["N/A"], "spatialRepresentationType": ["N/A"], "scope": ["N/A"], "purpose": ["N/A"], "otherLocale": ["N/A"], "metadataProfile": ["N/A"], "metadataLinkage": ["N/A"], "metadataIdentifier": ["N/A"], "environmentDescription": ["N/A"], "contentInfo": ["N/A"], "ResearchInfrastructure": ["LifeWatch"], "EssentialVariables": ["N/A"], "potentialTopics": ["N/A"]}