{"url": ["https://metadatacatalogue.lifewatch.eu:/geonetwork/api/records/oai:marineinfo.org:id:dataset:5068"], "name": ["Ecological study of the fish fauna near the mouth of the Zwin in 1985 and 1986"], "description": ["Data on the composition of the diet of 3 fish species and total species list of the caught fish with annual and monthly densitiesand biomass for 1985and 1986 in front of the nature reserve of \"het Zwin\", in the neighbourhood of the Wester Scheldt estuary. The data were digitized by VLIZ fromthe original report: Van Landtschoote, E. (1986). Ecologisch onderzoekvan de visfauna indekustwateren ter hoogte van de Zwinmonding.BSc Thesis. Rijksuniversiteit Gent. Faculteit Wetenschappen. Laboratoriumvoor Morfologie en Systematiek der Dieren. Sectie Mariene Biologie: Gent. 109pp."], "datePublished": ["2021-12-02"], "language": ["en"], "creator": ["\u00c2\u00a0Universiteit Gent; Faculteit Wetenschappen; VakgroepBiologie Onderzoeksgroep Mariene Biologie BE "], "metadataProvider": ["\u00c2\u00a0Flanders Marine Institute(VLIZ) BEhttps://www.vliz.be"], "contact": ["\u00c2\u00a0Vlaams Instituut voor de Zee BE "], "associatedParty": [" custodianSteward\u00c2\u00a0Vlaams Instituut voor de Zee BE "], "licenseInformation": [" Intellectual Rights This work is licensed under a Creative Commons Attribution (CC-BY) 4.0 License .\u00c2\u00a0 "], "downloadLink": ["https://metadatacatalogue.lifewatch.eu:/geonetwork/eng/catalog.search#/metadata/oai:marineinfo.org:id:dataset:5068"], "keywords": ["Demersal fishes Stomach content"], "geographicCoverage": ["Geographic Description ANE, Belgium,Zwin Bounding Box West Bounding Coordinate 3.55278 East Bounding Coordinate 3.64206 North Bounding Coordinate 51.37387 South Bounding Coordinate 51.3711"], "westBoundingCoordinate": ["3.55278"], "eastBoundingCoordinate": ["3.64206"], "northBoundingCoordinate": ["51.37387"], "southBoundingCoordinate": ["51.3711"], "dateCreated": ["1985-01-01"], "temporalCoverageEndDate": ["1986-01-01"], "license": ["N/A"], "distribution": ["N/A"], "distributionInfo": ["N/A"], "identifier": ["https://metadatacatalogue.lifewatch.eu:/geonetwork/eng/catalog.search#/metadata/oai:marineinfo.org:id:dataset:5068"], "accessibilitySummary": ["N/A"], "version": ["N/A"], "temporalCoverage": ["N/A"], "publisher": ["N/A"], "spatial": ["N/A"], "citation": ["N/A"], "genre": ["N/A"], "modificationDate": ["2021-12-02"], "image": ["N/A"], "thumbnailUrl": ["N/A"], "headline": ["Ecological study of the fish fauna near the mouth of the Zwin in 1985 and 1986"], "abstract": ["Data on the composition of the diet of 3 fish species and total species list of the caught fish with annual and monthly densitiesand biomass for 1985and 1986 in front of the nature reserve of \"het Zwin\", in the neighbourhood of the Wester Scheldt estuary. The data were digitized by VLIZ fromthe original report: Van Landtschoote, E. (1986). Ecologisch onderzoekvan de visfauna indekustwateren ter hoogte van de Zwinmonding.BSc Thesis. Rijksuniversiteit Gent. Faculteit Wetenschappen. Laboratoriumvoor Morfologie en Systematiek der Dieren. Sectie Mariene Biologie: Gent. 109pp."], "theme": ["N/A"], "creditText": ["N/A"], "producer": ["\u00c2\u00a0Universiteit Gent; Faculteit Wetenschappen; VakgroepBiologie Onderzoeksgroep Mariene Biologie BE "], "author": ["\u00c2\u00a0Universiteit Gent; Faculteit Wetenschappen; VakgroepBiologie Onderzoeksgroep Mariene Biologie BE "], "spatialCoverage": [" BelgiumZwin Bounding Box West Bounding Coordinate 3.55278 East Bounding Coordinate 3.64206 North Bounding Coordinate 51.37387 South Bounding Coordinate 51.3711"], "sponsor": ["N/A"], "size": ["N/A"], "sameAs": ["N/A"], "publication": ["N/A"], "provider": ["\u00c2\u00a0Universiteit Gent; Faculteit Wetenschappen; VakgroepBiologie Onderzoeksgroep Mariene Biologie BE "], "position": ["N/A"], "measurementTechnique": ["N/A"], "material": ["N/A"], "maintainer": ["N/A"], "locationCreated": ["N/A"], "issn": ["N/A"], "isPartOf": ["N/A"], "isBasedOn": ["N/A"], "isAccessibleForFree": ["N/A"], "includedInDataCatalog": ["N/A"], "editor": ["N/A"], "editEIDR": ["N/A"], "copyrightYear": ["N/A"], "copyrightNotice": ["N/A"], "copyrightHolder": ["N/A"], "contributor": ["N/A"], "contentReferenceTime": ["N/A"], "contentLocation": ["N/A"], "character": ["N/A"], "acquireLicensePage": ["N/A"], "accessModeSufficient": ["N/A"], "about": ["N/A"], "rights": ["N/A"], "relation": ["N/A"], "qualifiedRelation": ["N/A"], "qualifiedAttribution": ["N/A"], "previousVersion": ["N/A"], "nextVersion": ["N/A"], "landingPage": ["N/A"], "isReferencedBy": ["N/A"], "hasVersion": ["N/A"], "hasPolicy": ["N/A"], "hasCurrentVersion": ["N/A"], "useConstraints": ["N/A"], "status": ["N/A"], "spatialRepresentationType": ["N/A"], "scope": ["N/A"], "purpose": ["N/A"], "otherLocale": ["N/A"], "metadataProfile": ["N/A"], "metadataLinkage": ["N/A"], "metadataIdentifier": ["N/A"], "environmentDescription": ["N/A"], "contentInfo": ["N/A"], "ResearchInfrastructure": ["LifeWatch"], "EssentialVariables": ["N/A"], "potentialTopics": ["N/A"]}