{"url": ["https://metadatacatalogue.lifewatch.eu:/geonetwork/api/records/oai:marineinfo.org:id:dataset:5147"], "name": ["Scleractinia distribution data from: Deep-sea fauna of European seas - an annotated species check-list of benthic invertebrates living deeper than 2000 m in the seas bordering Europe"], "description": ["An annotated check-list is given of Scleractinia species occurring deeper than 2000 m in the seas bordering Europe."], "datePublished": ["2021-12-02"], "language": ["en"], "creator": ["\u00c2\u00a0Russian Academy of Sciences; P. P. Shirshov Institute of Oceanology- Natalia Keller "], "metadataProvider": ["\u00c2\u00a0Flanders Marine Institute(VLIZ) BEhttps://www.vliz.be"], "contact": ["\u00c2\u00a0Russian Academy of Sciences; P. P. Shirshov Institute of Oceanology- Natalia Keller "], "associatedParty": ["N/A"], "licenseInformation": [" Intellectual Rights This work is licensed under a Creative Commons Attribution (CC-BY) 4.0 License .\u00c2\u00a0 "], "downloadLink": ["https://metadatacatalogue.lifewatch.eu:/geonetwork/eng/catalog.search#/metadata/oai:marineinfo.org:id:dataset:5147"], "keywords": ["N/A"], "geographicCoverage": ["Geographic Description ANE, Europe"], "westBoundingCoordinate": ["-52.05"], "eastBoundingCoordinate": ["10.33"], "northBoundingCoordinate": ["58.86"], "southBoundingCoordinate": ["30.01"], "dateCreated": ["1872-01-01"], "temporalCoverageEndDate": ["2014-01-01"], "license": ["N/A"], "distribution": ["N/A"], "distributionInfo": ["N/A"], "identifier": ["https://metadatacatalogue.lifewatch.eu:/geonetwork/eng/catalog.search#/metadata/oai:marineinfo.org:id:dataset:5147"], "accessibilitySummary": ["N/A"], "version": ["N/A"], "temporalCoverage": ["N/A"], "publisher": ["N/A"], "spatial": ["N/A"], "citation": ["N/A"], "genre": ["N/A"], "modificationDate": ["2021-12-02"], "image": ["N/A"], "thumbnailUrl": ["N/A"], "headline": ["Scleractinia distribution data from: Deep-sea fauna of European seas - an annotated species check-list of benthic invertebrates living deeper than 2000 m in the seas bordering Europe"], "abstract": ["An annotated check-list is given of Scleractinia species occurring deeper than 2000 m in the seas bordering Europe."], "theme": ["N/A"], "creditText": ["N/A"], "producer": ["\u00c2\u00a0Russian Academy of Sciences; P. P. Shirshov Institute of Oceanology- Natalia Keller "], "author": ["\u00c2\u00a0Russian Academy of Sciences; P. P. Shirshov Institute of Oceanology- Natalia Keller "], "spatialCoverage": [" Europe"], "sponsor": ["N/A"], "size": ["N/A"], "sameAs": ["N/A"], "publication": ["N/A"], "provider": ["\u00c2\u00a0Russian Academy of Sciences; P. P. Shirshov Institute of Oceanology- Natalia Keller "], "position": ["N/A"], "measurementTechnique": ["N/A"], "material": ["N/A"], "maintainer": ["N/A"], "locationCreated": ["N/A"], "issn": ["N/A"], "isPartOf": ["N/A"], "isBasedOn": ["N/A"], "isAccessibleForFree": ["N/A"], "includedInDataCatalog": ["N/A"], "editor": ["N/A"], "editEIDR": ["N/A"], "copyrightYear": ["N/A"], "copyrightNotice": ["N/A"], "copyrightHolder": ["N/A"], "contributor": ["N/A"], "contentReferenceTime": ["N/A"], "contentLocation": ["N/A"], "character": ["N/A"], "acquireLicensePage": ["N/A"], "accessModeSufficient": ["N/A"], "about": ["N/A"], "rights": ["N/A"], "relation": ["N/A"], "qualifiedRelation": ["N/A"], "qualifiedAttribution": ["N/A"], "previousVersion": ["N/A"], "nextVersion": ["N/A"], "landingPage": ["N/A"], "isReferencedBy": ["N/A"], "hasVersion": ["N/A"], "hasPolicy": ["N/A"], "hasCurrentVersion": ["N/A"], "useConstraints": ["N/A"], "status": ["N/A"], "spatialRepresentationType": ["N/A"], "scope": ["N/A"], "purpose": ["N/A"], "otherLocale": ["N/A"], "metadataProfile": ["N/A"], "metadataLinkage": ["N/A"], "metadataIdentifier": ["N/A"], "environmentDescription": ["N/A"], "contentInfo": ["N/A"], "ResearchInfrastructure": ["LifeWatch"], "EssentialVariables": ["N/A"], "potentialTopics": ["N/A"]}