{"url": ["https://metadatacatalogue.lifewatch.eu:/srv/api/records/oai:marineinfo.org:id:dataset:6449"], "name": ["Groundfish Survey Invertebrate Data"], "description": ["The Irish Groundfish Surveys is part of an annual International Bottom Trawl Survey (IBTS) programme co-ordinated by the International Council for the Exploration of the Sea(ICES). The survey is carriedout over 47 daysbetween October-December each year by the MarineInstitute and collectsdemersal trawl and ancillarydata in Irish watersto produce relative abundance indicesfor fisheries management in the NorthwestAtlantic Shelf waters."], "datePublished": ["2021-12-02"], "language": ["en"], "creator": ["\u00c2\u00a0Marine InstituteIreland IE "], "metadataProvider": ["\u00c2\u00a0Flanders Marine Institute(VLIZ) BEhttps://www.vliz.be"], "contact": ["\u00c2\u00a0Flanders Marine Institute(VLIZ) BEhttps://www.vliz.be"], "associatedParty": [" contentProvider\u00c2\u00a0Marine InstituteIreland IE "], "licenseInformation": [" Intellectual Rights This work is licensed under a Creative Commons Attribution (CC-BY) 4.0 License .\u00c2\u00a0 "], "downloadLink": ["https://metadatacatalogue.lifewatch.eu:/srv/eng/catalog.search#/metadata/oai:marineinfo.org:id:dataset:6449"], "keywords": ["Fishery surveys International Bottom Trawl Survey(IBTS) Trawls"], "geographicCoverage": ["Geographic Description ANE: Ireland, Irish Exclusive Economic Zone"], "westBoundingCoordinate": ["-12.3235"], "eastBoundingCoordinate": ["-5.2595"], "northBoundingCoordinate": ["56.467"], "southBoundingCoordinate": ["48.483"], "dateCreated": ["2003-01-01"], "temporalCoverageEndDate": ["2019-01-01"], "license": ["http://data.marine.ie/geonetwork/srv/eng/catalog.search#/metadata/ie.marine.data:dataset.4047"], "distribution": ["http://data.marine.ie/geonetwork/srv/eng/catalog.search#/metadata/ie.marine.data:dataset.4047"], "distributionInfo": ["http://data.marine.ie/geonetwork/srv/eng/catalog.search#/metadata/ie.marine.data:dataset.4047"], "identifier": ["https://metadatacatalogue.lifewatch.eu:/srv/eng/catalog.search#/metadata/oai:marineinfo.org:id:dataset:6449"], "accessibilitySummary": ["N/A"], "version": ["N/A"], "temporalCoverage": ["N/A"], "publisher": ["N/A"], "spatial": ["N/A"], "citation": ["N/A"], "genre": ["N/A"], "modificationDate": ["2021-12-02"], "image": ["N/A"], "thumbnailUrl": ["N/A"], "headline": ["Groundfish Survey Invertebrate Data"], "abstract": ["The Irish Groundfish Surveys is part of an annual International Bottom Trawl Survey (IBTS) programme co-ordinated by the International Council for the Exploration of the Sea(ICES). The survey is carriedout over 47 daysbetween October-December each year by the MarineInstitute and collectsdemersal trawl and ancillarydata in Irish watersto produce relative abundance indicesfor fisheries management in the NorthwestAtlantic Shelf waters."], "theme": ["N/A"], "creditText": ["N/A"], "producer": ["\u00c2\u00a0Marine InstituteIreland IE "], "author": ["\u00c2\u00a0Marine InstituteIreland IE "], "spatialCoverage": [" Ireland Irish Exclusive Economic Zone"], "sponsor": ["N/A"], "size": ["N/A"], "sameAs": ["N/A"], "publication": ["N/A"], "provider": ["\u00c2\u00a0Marine InstituteIreland IE "], "position": ["N/A"], "measurementTechnique": ["N/A"], "material": ["N/A"], "maintainer": ["N/A"], "locationCreated": ["N/A"], "issn": ["N/A"], "isPartOf": ["N/A"], "isBasedOn": ["N/A"], "isAccessibleForFree": ["N/A"], "includedInDataCatalog": ["N/A"], "editor": ["N/A"], "editEIDR": ["N/A"], "copyrightYear": ["N/A"], "copyrightNotice": ["N/A"], "copyrightHolder": ["N/A"], "contributor": ["N/A"], "contentReferenceTime": ["N/A"], "contentLocation": ["N/A"], "character": ["N/A"], "acquireLicensePage": ["N/A"], "accessModeSufficient": ["N/A"], "about": ["N/A"], "rights": ["N/A"], "relation": ["N/A"], "qualifiedRelation": ["N/A"], "qualifiedAttribution": ["N/A"], "previousVersion": ["N/A"], "nextVersion": ["N/A"], "landingPage": ["N/A"], "isReferencedBy": ["N/A"], "hasVersion": ["N/A"], "hasPolicy": ["N/A"], "hasCurrentVersion": ["N/A"], "useConstraints": ["N/A"], "status": ["N/A"], "spatialRepresentationType": ["N/A"], "scope": ["N/A"], "purpose": ["N/A"], "otherLocale": ["N/A"], "metadataProfile": ["N/A"], "metadataLinkage": ["N/A"], "metadataIdentifier": ["N/A"], "environmentDescription": ["N/A"], "contentInfo": ["N/A"], "ResearchInfrastructure": ["LifeWatch"], "EssentialVariables": ["N/A"], "potentialTopics": ["N/A"]}