{"url": ["https://metadatacatalogue.lifewatch.eu:/srv/api/records/oai:marineinfo.org:id:dataset:2203"], "name": ["Microzooplankton - Crustacea from the South Adriatic Sea"], "description": ["This dataset contains microzooplankton(Crustacea) data from the SouthAdriatic Sea from 2000."], "datePublished": ["2021-12-02"], "language": ["en"], "creator": ["\u00c2\u00a0National Interuniversity Consortium For MarineSciences Laboratory of Zoologyand Marine Biology IT "], "metadataProvider": ["\u00c2\u00a0Flanders Marine Institute(VLIZ) BEhttps://www.vliz.be"], "contact": ["\u00c2\u00a0University of Salento; Dipartimento di Scienze e TecnologieBiologiche e Ambientali; NationalInteruniversity Consortium For Marine Sciences;Laboratory of Zoology and MarineBiology- Genuario Belmonte "], "associatedParty": [" custodianSteward\u00c2\u00a0University of Salento; Dipartimento di Scienze e TecnologieBiologiche e Ambientali; NationalInteruniversity Consortium For Marine Sciences;Laboratory of Zoology and MarineBiology- Genuario Belmonte "], "licenseInformation": [" Intellectual Rights This work is licensed under a Creative Commons Attribution (CC-BY) 4.0 License .\u00c2\u00a0 "], "downloadLink": ["https://metadatacatalogue.lifewatch.eu:/geonetwork/eng/catalog.search#/metadata/oai:marineinfo.org:id:dataset:2203"], "keywords": ["Zooplankton"], "geographicCoverage": ["Geographic Description EurOBIS calculated BBOX > station Bounding Box Bounding Box West Bounding Coordinate 17.277361111111 East Bounding Coordinate 19.385416666667 North Bounding Coordinate 40.452777777778 South Bounding Coordinate 40.276666666667"], "westBoundingCoordinate": ["17.277361111111"], "eastBoundingCoordinate": ["19.385416666667"], "northBoundingCoordinate": ["40.452777777778"], "southBoundingCoordinate": ["40.276666666667"], "dateCreated": ["2000-03-01"], "temporalCoverageEndDate": ["2000-12-01"], "license": ["N/A"], "distribution": ["N/A"], "distributionInfo": ["N/A"], "identifier": ["https://metadatacatalogue.lifewatch.eu:/geonetwork/eng/catalog.search#/metadata/oai:marineinfo.org:id:dataset:2203"], "accessibilitySummary": ["N/A"], "version": ["N/A"], "temporalCoverage": ["N/A"], "publisher": ["N/A"], "spatial": ["N/A"], "citation": ["N/A"], "genre": ["N/A"], "modificationDate": ["2021-12-02"], "image": ["N/A"], "thumbnailUrl": ["N/A"], "headline": ["Microzooplankton - Crustacea from the South Adriatic Sea"], "abstract": ["This dataset contains microzooplankton(Crustacea) data from the SouthAdriatic Sea from 2000."], "theme": ["N/A"], "creditText": ["N/A"], "producer": ["\u00c2\u00a0National Interuniversity Consortium For MarineSciences Laboratory of Zoologyand Marine Biology IT "], "author": ["\u00c2\u00a0National Interuniversity Consortium For MarineSciences Laboratory of Zoologyand Marine Biology IT "], "spatialCoverage": [" calculated BBOX > station Bounding Box Bounding Box West Bounding Coordinate 17.277361111111 East Bounding Coordinate 19.385416666667 North Bounding Coordinate 40.452777777778 South Bounding Coordinate 40.276666666667"], "sponsor": ["N/A"], "size": ["N/A"], "sameAs": ["N/A"], "publication": ["N/A"], "provider": ["\u00c2\u00a0National Interuniversity Consortium For MarineSciences Laboratory of Zoologyand Marine Biology IT "], "position": ["N/A"], "measurementTechnique": ["N/A"], "material": ["N/A"], "maintainer": ["N/A"], "locationCreated": ["N/A"], "issn": ["N/A"], "isPartOf": ["N/A"], "isBasedOn": ["N/A"], "isAccessibleForFree": ["N/A"], "includedInDataCatalog": ["N/A"], "editor": ["N/A"], "editEIDR": ["N/A"], "copyrightYear": ["N/A"], "copyrightNotice": ["N/A"], "copyrightHolder": ["N/A"], "contributor": ["N/A"], "contentReferenceTime": ["N/A"], "contentLocation": ["N/A"], "character": ["N/A"], "acquireLicensePage": ["N/A"], "accessModeSufficient": ["N/A"], "about": ["N/A"], "rights": ["N/A"], "relation": ["N/A"], "qualifiedRelation": ["N/A"], "qualifiedAttribution": ["N/A"], "previousVersion": ["N/A"], "nextVersion": ["N/A"], "landingPage": ["N/A"], "isReferencedBy": ["N/A"], "hasVersion": ["N/A"], "hasPolicy": ["N/A"], "hasCurrentVersion": ["N/A"], "useConstraints": ["N/A"], "status": ["N/A"], "spatialRepresentationType": ["N/A"], "scope": ["N/A"], "purpose": ["N/A"], "otherLocale": ["N/A"], "metadataProfile": ["N/A"], "metadataLinkage": ["N/A"], "metadataIdentifier": ["N/A"], "environmentDescription": ["N/A"], "contentInfo": ["N/A"], "ResearchInfrastructure": ["LifeWatch"], "EssentialVariables": ["N/A"], "potentialTopics": ["N/A"]}