{"url": ["https://metadatacatalogue.lifewatch.eu:/srv/api/records/oai:marineinfo.org:id:dataset:6009"], "name": ["Dr.Karl Viets. 1935. The fishery grounds near Alexandria. IV. -Some Marine Mites From Alexandria. Notes and Memoirs No 11. Fisheries Research Directorate, Egypt"], "description": ["This is a historical dataset that was published in 1935 by Dr Karl Viets andconcerns of some marine mites collected from Egyptian littoralwaters near Alexandria. They collected during the floristical and faunistical survey of Adolf Steuer on the coasts near Alexandriamainly with the vessel \u00e2\u0080\u009cEl Hoot\u00e2\u0080\u009d.This dataset covers the time span of 9/9/1933 to 13/11/1933."], "datePublished": ["2021-12-02"], "language": ["en"], "creator": ["\u00c2\u00a0Aristotle University ofThessaloniki- Evangelia Avramidou "], "metadataProvider": ["\u00c2\u00a0Flanders Marine Institute(VLIZ) BEhttps://www.vliz.be"], "contact": ["\u00c2\u00a0Hellenic Centre for MarineResearch- Stamatina Nikolopoulou "], "associatedParty": ["N/A"], "licenseInformation": [" Intellectual Rights To the extent possible underlaw, the publisher has waived all rights to these data and has dedicated them to the Public Domain (CC01.0) . Users may copy, modify,distribute and use the work,including for commercial purposes, without restriction.\u00c2\u00a0 "], "downloadLink": ["https://metadatacatalogue.lifewatch.eu:/srv/eng/catalog.search#/metadata/oai:marineinfo.org:id:dataset:6009"], "keywords": ["Data Marine Genomics"], "geographicCoverage": ["Geographic Description MED, Egypt, Arab Rep.,Alexandria"], "westBoundingCoordinate": ["N/A"], "eastBoundingCoordinate": ["N/A"], "northBoundingCoordinate": ["N/A"], "southBoundingCoordinate": ["N/A"], "dateCreated": ["1933-09-09"], "temporalCoverageEndDate": ["1933-11-13"], "license": ["N/A"], "distribution": ["N/A"], "distributionInfo": ["N/A"], "identifier": ["https://metadatacatalogue.lifewatch.eu:/srv/eng/catalog.search#/metadata/oai:marineinfo.org:id:dataset:6009"], "accessibilitySummary": ["N/A"], "version": ["N/A"], "temporalCoverage": ["N/A"], "publisher": ["N/A"], "spatial": ["N/A"], "citation": ["N/A"], "genre": ["N/A"], "modificationDate": ["2021-12-02"], "image": ["N/A"], "thumbnailUrl": ["N/A"], "headline": ["Dr.Karl Viets. 1935. The fishery grounds near Alexandria. IV. -Some Marine Mites From Alexandria. Notes and Memoirs No 11. Fisheries Research Directorate, Egypt"], "abstract": ["This is a historical dataset that was published in 1935 by Dr Karl Viets andconcerns of some marine mites collected from Egyptian littoralwaters near Alexandria. They collected during the floristical and faunistical survey of Adolf Steuer on the coasts near Alexandriamainly with the vessel \u00e2\u0080\u009cEl Hoot\u00e2\u0080\u009d.This dataset covers the time span of 9/9/1933 to 13/11/1933."], "theme": ["N/A"], "creditText": ["N/A"], "producer": ["\u00c2\u00a0Aristotle University ofThessaloniki- Evangelia Avramidou "], "author": ["\u00c2\u00a0Aristotle University ofThessaloniki- Evangelia Avramidou "], "spatialCoverage": [" Egypt Arab Rep.Alexandria"], "sponsor": ["N/A"], "size": ["N/A"], "sameAs": ["N/A"], "publication": ["N/A"], "provider": ["\u00c2\u00a0Aristotle University ofThessaloniki- Evangelia Avramidou "], "position": ["N/A"], "measurementTechnique": ["N/A"], "material": ["N/A"], "maintainer": ["N/A"], "locationCreated": ["N/A"], "issn": ["N/A"], "isPartOf": ["N/A"], "isBasedOn": ["N/A"], "isAccessibleForFree": ["N/A"], "includedInDataCatalog": ["N/A"], "editor": ["N/A"], "editEIDR": ["N/A"], "copyrightYear": ["N/A"], "copyrightNotice": ["N/A"], "copyrightHolder": ["N/A"], "contributor": ["N/A"], "contentReferenceTime": ["N/A"], "contentLocation": ["N/A"], "character": ["N/A"], "acquireLicensePage": ["N/A"], "accessModeSufficient": ["N/A"], "about": ["N/A"], "rights": ["N/A"], "relation": ["N/A"], "qualifiedRelation": ["N/A"], "qualifiedAttribution": ["N/A"], "previousVersion": ["N/A"], "nextVersion": ["N/A"], "landingPage": ["N/A"], "isReferencedBy": ["N/A"], "hasVersion": ["N/A"], "hasPolicy": ["N/A"], "hasCurrentVersion": ["N/A"], "useConstraints": ["N/A"], "status": ["N/A"], "spatialRepresentationType": ["N/A"], "scope": ["N/A"], "purpose": ["N/A"], "otherLocale": ["N/A"], "metadataProfile": ["N/A"], "metadataLinkage": ["N/A"], "metadataIdentifier": ["N/A"], "environmentDescription": ["N/A"], "contentInfo": ["N/A"], "ResearchInfrastructure": ["LifeWatch"], "EssentialVariables": ["N/A"], "potentialTopics": ["N/A"]}