{"url": ["https://metadatacatalogue.lifewatch.eu:/geonetwork/api/records/oai:marineinfo.org:id:dataset:6401"], "name": ["North Atlantic and Arctic Isopoda sampled during the BIOICE project"], "description": ["The North Atlantic and Arctic Isopoda dataset containsthree parts: 1. Distribution records collected fromliterature; 2. Distribution records of specimenscollected by the BIOICE project(Benthic Invertebrates of Icelandic waters 1992-2004); 3. Distribution records of specimens collected by the IceAGE project (Icelandic marine animals: Genetics and Ecology, since 2011). This dataset contains distributiondata regarding the 2ndgroup, isopods occurrences sampledduring the BIOICE project"], "datePublished": ["2021-12-02"], "language": ["en"], "creator": ["\u00c2\u00a0Carl von Ossietzky University of Oldenburg- Angelina Eichsteller "], "metadataProvider": ["\u00c2\u00a0Flanders Marine Institute(VLIZ) BEhttps://www.vliz.be"], "contact": ["\u00c2\u00a0Icelandic Institute of NaturalHistory- Gudmundur Gudmundsson "], "associatedParty": [" pointOfContact\u00c2\u00a0Senckenberg am Meer- Angelika Brandt "], "licenseInformation": [" Intellectual Rights This work is licensed under a Creative Commons Attribution (CC-BY) 4.0 License .\u00c2\u00a0 "], "downloadLink": ["https://metadatacatalogue.lifewatch.eu:/geonetwork/eng/catalog.search#/metadata/oai:marineinfo.org:id:dataset:6401"], "keywords": ["Filter feeders Marine Predators Scavengers"], "geographicCoverage": ["Geographic Description ANE, FaeroeI."], "westBoundingCoordinate": ["-29.91266721"], "eastBoundingCoordinate": ["-7.917333024"], "northBoundingCoordinate": ["69.24950028"], "southBoundingCoordinate": ["60.0360804"], "dateCreated": ["1992-01-01"], "temporalCoverageEndDate": ["2004-01-01"], "license": ["N/A"], "distribution": ["N/A"], "distributionInfo": ["N/A"], "identifier": ["https://metadatacatalogue.lifewatch.eu:/geonetwork/eng/catalog.search#/metadata/oai:marineinfo.org:id:dataset:6401"], "accessibilitySummary": ["N/A"], "version": ["N/A"], "temporalCoverage": ["N/A"], "publisher": ["N/A"], "spatial": ["N/A"], "citation": ["N/A"], "genre": ["N/A"], "modificationDate": ["2021-12-02"], "image": ["N/A"], "thumbnailUrl": ["N/A"], "headline": ["North Atlantic and Arctic Isopoda sampled during the BIOICE project"], "abstract": ["The North Atlantic and Arctic Isopoda dataset containsthree parts: 1. Distribution records collected fromliterature; 2. Distribution records of specimenscollected by the BIOICE project(Benthic Invertebrates of Icelandic waters 1992-2004); 3. Distribution records of specimens collected by the IceAGE project (Icelandic marine animals: Genetics and Ecology, since 2011). This dataset contains distributiondata regarding the 2ndgroup, isopods occurrences sampledduring the BIOICE project"], "theme": ["N/A"], "creditText": ["N/A"], "producer": ["\u00c2\u00a0Carl von Ossietzky University of Oldenburg- Angelina Eichsteller "], "author": ["\u00c2\u00a0Carl von Ossietzky University of Oldenburg- Angelina Eichsteller "], "spatialCoverage": [" FaeroeI."], "sponsor": ["N/A"], "size": ["N/A"], "sameAs": ["N/A"], "publication": ["N/A"], "provider": ["\u00c2\u00a0Carl von Ossietzky University of Oldenburg- Angelina Eichsteller "], "position": ["N/A"], "measurementTechnique": ["N/A"], "material": ["N/A"], "maintainer": ["N/A"], "locationCreated": ["N/A"], "issn": ["N/A"], "isPartOf": ["N/A"], "isBasedOn": ["N/A"], "isAccessibleForFree": ["N/A"], "includedInDataCatalog": ["N/A"], "editor": ["N/A"], "editEIDR": ["N/A"], "copyrightYear": ["N/A"], "copyrightNotice": ["N/A"], "copyrightHolder": ["N/A"], "contributor": ["N/A"], "contentReferenceTime": ["N/A"], "contentLocation": ["N/A"], "character": ["N/A"], "acquireLicensePage": ["N/A"], "accessModeSufficient": ["N/A"], "about": ["N/A"], "rights": ["N/A"], "relation": ["N/A"], "qualifiedRelation": ["N/A"], "qualifiedAttribution": ["N/A"], "previousVersion": ["N/A"], "nextVersion": ["N/A"], "landingPage": ["N/A"], "isReferencedBy": ["N/A"], "hasVersion": ["N/A"], "hasPolicy": ["N/A"], "hasCurrentVersion": ["N/A"], "useConstraints": ["N/A"], "status": ["N/A"], "spatialRepresentationType": ["N/A"], "scope": ["N/A"], "purpose": ["N/A"], "otherLocale": ["N/A"], "metadataProfile": ["N/A"], "metadataLinkage": ["N/A"], "metadataIdentifier": ["N/A"], "environmentDescription": ["N/A"], "contentInfo": ["N/A"], "ResearchInfrastructure": ["LifeWatch"], "EssentialVariables": ["N/A"], "potentialTopics": ["N/A"]}