{"url": ["https://metadatacatalogue.lifewatch.eu:/srv/api/records/oai:marineinfo.org:id:dataset:4551"], "name": ["RAVON (NL) - Fish observations extracted from Redeke (1907)"], "description": ["Fish observations from the Zuiderzeeextracted from a report byRedeke(1907)."], "datePublished": ["2021-12-02"], "language": ["en"], "creator": ["\u00c2\u00a0Reptielen Amfibie\u00c3\u00abn Vissen OnderzoekNederland "], "metadataProvider": ["\u00c2\u00a0Flanders Marine Institute(VLIZ) BEhttps://www.vliz.be"], "contact": ["\u00c2\u00a0Reptielen Amfibie\u00c3\u00abn Vissen OnderzoekNederland- Martijn Schiphouwer "], "associatedParty": ["N/A"], "licenseInformation": [" Intellectual Rights This work is licensed under a Creative Commons Attribution (CC-BY) 4.0 License .\u00c2\u00a0 "], "downloadLink": ["https://metadatacatalogue.lifewatch.eu:/srv/eng/catalog.search#/metadata/oai:marineinfo.org:id:dataset:4551"], "keywords": ["Historical records"], "geographicCoverage": ["Geographic Description ANE, Netherlands > station Zuiderzee Area"], "westBoundingCoordinate": ["4.65826338"], "eastBoundingCoordinate": ["5.94744305"], "northBoundingCoordinate": ["53.269297"], "southBoundingCoordinate": ["52.27201399"], "dateCreated": ["1905-03-16"], "temporalCoverageEndDate": ["1906-10-13"], "license": ["N/A"], "distribution": ["N/A"], "distributionInfo": ["N/A"], "identifier": ["https://metadatacatalogue.lifewatch.eu:/srv/eng/catalog.search#/metadata/oai:marineinfo.org:id:dataset:4551"], "accessibilitySummary": ["N/A"], "version": ["N/A"], "temporalCoverage": ["N/A"], "publisher": ["N/A"], "spatial": ["N/A"], "citation": ["N/A"], "genre": ["N/A"], "modificationDate": ["2021-12-02"], "image": ["N/A"], "thumbnailUrl": ["N/A"], "headline": ["RAVON (NL) - Fish observations extracted from Redeke (1907)"], "abstract": ["Fish observations from the Zuiderzeeextracted from a report byRedeke(1907)."], "theme": ["N/A"], "creditText": ["N/A"], "producer": ["\u00c2\u00a0Reptielen Amfibie\u00c3\u00abn Vissen OnderzoekNederland "], "author": ["\u00c2\u00a0Reptielen Amfibie\u00c3\u00abn Vissen OnderzoekNederland "], "spatialCoverage": [" Netherlands > station Zuiderzee Area"], "sponsor": ["N/A"], "size": ["N/A"], "sameAs": ["N/A"], "publication": ["N/A"], "provider": ["\u00c2\u00a0Reptielen Amfibie\u00c3\u00abn Vissen OnderzoekNederland "], "position": ["N/A"], "measurementTechnique": ["N/A"], "material": ["N/A"], "maintainer": ["N/A"], "locationCreated": ["N/A"], "issn": ["N/A"], "isPartOf": ["N/A"], "isBasedOn": ["N/A"], "isAccessibleForFree": ["N/A"], "includedInDataCatalog": ["N/A"], "editor": ["N/A"], "editEIDR": ["N/A"], "copyrightYear": ["N/A"], "copyrightNotice": ["N/A"], "copyrightHolder": ["N/A"], "contributor": ["N/A"], "contentReferenceTime": ["N/A"], "contentLocation": ["N/A"], "character": ["N/A"], "acquireLicensePage": ["N/A"], "accessModeSufficient": ["N/A"], "about": ["N/A"], "rights": ["N/A"], "relation": ["N/A"], "qualifiedRelation": ["N/A"], "qualifiedAttribution": ["N/A"], "previousVersion": ["N/A"], "nextVersion": ["N/A"], "landingPage": ["N/A"], "isReferencedBy": ["N/A"], "hasVersion": ["N/A"], "hasPolicy": ["N/A"], "hasCurrentVersion": ["N/A"], "useConstraints": ["N/A"], "status": ["N/A"], "spatialRepresentationType": ["N/A"], "scope": ["N/A"], "purpose": ["N/A"], "otherLocale": ["N/A"], "metadataProfile": ["N/A"], "metadataLinkage": ["N/A"], "metadataIdentifier": ["N/A"], "environmentDescription": ["N/A"], "contentInfo": ["N/A"], "ResearchInfrastructure": ["LifeWatch"], "EssentialVariables": ["N/A"], "potentialTopics": ["N/A"]}