{"url": ["https://metadatacatalogue.lifewatch.eu:/geonetwork/api/records/oai:marineinfo.org:id:dataset:3143"], "name": ["HMAP Dataset 06: Newfoundland, 1675-1698"], "description": ["Fishermen, settlers and cod catchesin 17th-century Newfoundland."], "datePublished": ["2021-12-02"], "language": ["en"], "creator": ["\u00c2\u00a0Memorial University ofNewfoundland- Peter Pope "], "metadataProvider": ["\u00c2\u00a0Flanders Marine Institute(VLIZ) BEhttps://www.vliz.be"], "contact": ["\u00c2\u00a0Memorial University ofNewfoundland- Peter Pope "], "associatedParty": [" contentProvider\u00c2\u00a0Memorial University ofNewfoundland- Peter Pope "], "licenseInformation": [" Intellectual Rights This work is licensed under a Creative Commons Attribution (CC-BY) 4.0 License .\u00c2\u00a0 "], "downloadLink": ["https://metadatacatalogue.lifewatch.eu:/srv/eng/catalog.search#/metadata/oai:marineinfo.org:id:dataset:3143"], "keywords": ["Cod fisheries Fishing effort Historical records"], "geographicCoverage": ["Geographic Description ANW, Canada, Newfoundland"], "westBoundingCoordinate": ["-53.70000076294"], "eastBoundingCoordinate": ["-52.669998168945"], "northBoundingCoordinate": ["48.979999542236"], "southBoundingCoordinate": ["46.720001220703"], "dateCreated": ["1675-01-01"], "temporalCoverageEndDate": ["1698-01-01"], "license": ["https://hydra.hull.ac.uk/assets/hull:2157/content03"], "distribution": ["https://hydra.hull.ac.uk/assets/hull:2157/content03"], "distributionInfo": ["https://hydra.hull.ac.uk/assets/hull:2157/content03"], "identifier": ["https://metadatacatalogue.lifewatch.eu:/srv/eng/catalog.search#/metadata/oai:marineinfo.org:id:dataset:3143"], "accessibilitySummary": ["N/A"], "version": ["N/A"], "temporalCoverage": ["N/A"], "publisher": ["N/A"], "spatial": ["N/A"], "citation": ["N/A"], "genre": ["N/A"], "modificationDate": ["2021-12-02"], "image": ["N/A"], "thumbnailUrl": ["N/A"], "headline": ["HMAP Dataset 06: Newfoundland, 1675-1698"], "abstract": ["Fishermen, settlers and cod catchesin 17th-century Newfoundland."], "theme": ["N/A"], "creditText": ["N/A"], "producer": ["\u00c2\u00a0Memorial University ofNewfoundland- Peter Pope "], "author": ["\u00c2\u00a0Memorial University ofNewfoundland- Peter Pope "], "spatialCoverage": [" Canada Newfoundland"], "sponsor": ["N/A"], "size": ["N/A"], "sameAs": ["N/A"], "publication": ["N/A"], "provider": ["\u00c2\u00a0Memorial University ofNewfoundland- Peter Pope "], "position": ["N/A"], "measurementTechnique": ["N/A"], "material": ["N/A"], "maintainer": ["N/A"], "locationCreated": ["N/A"], "issn": ["N/A"], "isPartOf": ["N/A"], "isBasedOn": ["N/A"], "isAccessibleForFree": ["N/A"], "includedInDataCatalog": ["N/A"], "editor": ["N/A"], "editEIDR": ["N/A"], "copyrightYear": ["N/A"], "copyrightNotice": ["N/A"], "copyrightHolder": ["N/A"], "contributor": ["N/A"], "contentReferenceTime": ["N/A"], "contentLocation": ["N/A"], "character": ["N/A"], "acquireLicensePage": ["N/A"], "accessModeSufficient": ["N/A"], "about": ["N/A"], "rights": ["N/A"], "relation": ["N/A"], "qualifiedRelation": ["N/A"], "qualifiedAttribution": ["N/A"], "previousVersion": ["N/A"], "nextVersion": ["N/A"], "landingPage": ["N/A"], "isReferencedBy": ["N/A"], "hasVersion": ["N/A"], "hasPolicy": ["N/A"], "hasCurrentVersion": ["N/A"], "useConstraints": ["N/A"], "status": ["N/A"], "spatialRepresentationType": ["N/A"], "scope": ["N/A"], "purpose": ["N/A"], "otherLocale": ["N/A"], "metadataProfile": ["N/A"], "metadataLinkage": ["N/A"], "metadataIdentifier": ["N/A"], "environmentDescription": ["N/A"], "contentInfo": ["N/A"], "ResearchInfrastructure": ["LifeWatch"], "EssentialVariables": ["N/A"], "potentialTopics": ["N/A"]}