{"url": ["https://metadatacatalogue.lifewatch.eu:/geonetwork/api/records/oai:marineinfo.org:id:dataset:5043"], "name": ["Sponge faunas of exposed and sheltered reef flats in eastern Indonesia in 1984"], "description": ["List and counts of observed sponge fauna sampled on 4 locations in eastern Indonesia in September and October 1984. The data were digitized by VLIZ from theoriginalreport: Ichsan, A. (1989). A comparison of sponge faunas of exposed and sheltered reef flats in eastern Indonesia. MSc Thesis. Universiteit van Amsterdam: Amsterdam. 52 pp."], "datePublished": ["2021-12-02"], "language": ["en"], "creator": ["\u00c2\u00a0Universiteit van Amsterdam "], "metadataProvider": ["\u00c2\u00a0Flanders Marine Institute(VLIZ) BEhttps://www.vliz.be"], "contact": ["\u00c2\u00a0Vlaams Instituut voor de Zee BE "], "associatedParty": [" custodianSteward\u00c2\u00a0Vlaams Instituut voor de Zee BE "], "licenseInformation": [" Intellectual Rights This work is licensed under a Creative Commons Attribution (CC-BY) 4.0 License .\u00c2\u00a0 "], "downloadLink": ["https://metadatacatalogue.lifewatch.eu:/geonetwork/eng/catalog.search#/metadata/oai:marineinfo.org:id:dataset:5043"], "keywords": ["Reefs Sponges"], "geographicCoverage": ["Geographic Description Maisel Islands Bounding Box West Bounding Coordinate 127.51666666667 East Bounding Coordinate 127.51666666667 North Bounding Coordinate -5.4666667 South Bounding Coordinate -5.4666667"], "westBoundingCoordinate": ["127.51666666667"], "eastBoundingCoordinate": ["127.51666666667"], "northBoundingCoordinate": ["-5.4666667"], "southBoundingCoordinate": ["-5.4666667"], "dateCreated": ["1984-09-07"], "temporalCoverageEndDate": ["1984-10-01"], "license": ["N/A"], "distribution": ["N/A"], "distributionInfo": ["N/A"], "identifier": ["https://metadatacatalogue.lifewatch.eu:/geonetwork/eng/catalog.search#/metadata/oai:marineinfo.org:id:dataset:5043"], "accessibilitySummary": ["N/A"], "version": ["N/A"], "temporalCoverage": ["N/A"], "publisher": ["N/A"], "spatial": ["N/A"], "citation": ["N/A"], "genre": ["N/A"], "modificationDate": ["2021-12-02"], "image": ["N/A"], "thumbnailUrl": ["N/A"], "headline": ["Sponge faunas of exposed and sheltered reef flats in eastern Indonesia in 1984"], "abstract": ["List and counts of observed sponge fauna sampled on 4 locations in eastern Indonesia in September and October 1984. The data were digitized by VLIZ from theoriginalreport: Ichsan, A. (1989). A comparison of sponge faunas of exposed and sheltered reef flats in eastern Indonesia. MSc Thesis. Universiteit van Amsterdam: Amsterdam. 52 pp."], "theme": ["N/A"], "creditText": ["N/A"], "producer": ["\u00c2\u00a0Universiteit van Amsterdam "], "author": ["\u00c2\u00a0Universiteit van Amsterdam "], "spatialCoverage": [" Maisel Islands Bounding Box West Bounding Coordinate 127.51666666667 East Bounding Coordinate 127.51666666667 North Bounding Coordinate -5.4666667 South Bounding Coordinate -5.4666667"], "sponsor": ["N/A"], "size": ["N/A"], "sameAs": ["N/A"], "publication": ["N/A"], "provider": ["\u00c2\u00a0Universiteit van Amsterdam "], "position": ["N/A"], "measurementTechnique": ["N/A"], "material": ["N/A"], "maintainer": ["N/A"], "locationCreated": ["N/A"], "issn": ["N/A"], "isPartOf": ["N/A"], "isBasedOn": ["N/A"], "isAccessibleForFree": ["N/A"], "includedInDataCatalog": ["N/A"], "editor": ["N/A"], "editEIDR": ["N/A"], "copyrightYear": ["N/A"], "copyrightNotice": ["N/A"], "copyrightHolder": ["N/A"], "contributor": ["N/A"], "contentReferenceTime": ["N/A"], "contentLocation": ["N/A"], "character": ["N/A"], "acquireLicensePage": ["N/A"], "accessModeSufficient": ["N/A"], "about": ["N/A"], "rights": ["N/A"], "relation": ["N/A"], "qualifiedRelation": ["N/A"], "qualifiedAttribution": ["N/A"], "previousVersion": ["N/A"], "nextVersion": ["N/A"], "landingPage": ["N/A"], "isReferencedBy": ["N/A"], "hasVersion": ["N/A"], "hasPolicy": ["N/A"], "hasCurrentVersion": ["N/A"], "useConstraints": ["N/A"], "status": ["N/A"], "spatialRepresentationType": ["N/A"], "scope": ["N/A"], "purpose": ["N/A"], "otherLocale": ["N/A"], "metadataProfile": ["N/A"], "metadataLinkage": ["N/A"], "metadataIdentifier": ["N/A"], "environmentDescription": ["N/A"], "contentInfo": ["N/A"], "ResearchInfrastructure": ["LifeWatch"], "EssentialVariables": ["N/A"], "potentialTopics": ["N/A"]}