{"url": ["https://metadatacatalogue.lifewatch.eu:/srv/api/records/oai:marineinfo.org:id:dataset:4577"], "name": ["Zooplankton community and pelagic copepods in Tudor creek (Mombasa, Kenya) between 1984 and 1987"], "description": ["List of zooplankton taxa and copepoda species for 5 stations in Tudorcreek sampled between December 1984 and December 1987. The data were digitizedby VLIZ from theoriginal report: Okemwa, E. (1990). A studyof the pelagic copepods (Copepoda; Crustacea) in a tropicalmarine creek Tudor, Mombasa,Kenya, with a special reference to their community structure, biomass and productivity. PhD Thesis. VUB: Brussel. 225 pp."], "datePublished": ["2021-12-02"], "language": ["en"], "creator": ["\u00c2\u00a0Vrije Universiteit Brussel; Faculteit Wetenschappen;Vakgroep Biologie; Laboratorium voor Ecologie en Systematiek "], "metadataProvider": ["\u00c2\u00a0Flanders Marine Institute(VLIZ) BEhttps://www.vliz.be"], "contact": ["\u00c2\u00a0Vlaams Instituut voor de Zee BE "], "associatedParty": [" custodianSteward\u00c2\u00a0Vlaams Instituut voor de Zee BE "], "licenseInformation": [" Intellectual Rights This work is licensed under a Creative Commons Attribution (CC-BY) 4.0 License .\u00c2\u00a0 "], "downloadLink": ["https://metadatacatalogue.lifewatch.eu:/srv/eng/catalog.search#/metadata/oai:marineinfo.org:id:dataset:4577"], "keywords": ["N/A"], "geographicCoverage": ["Geographic Description ISW, Kenya, Mombasa, TudorCreek > station Station1 Bounding Box West Bounding Coordinate 39.68243 East Bounding Coordinate 39.68243 North Bounding Coordinate -4.061494 South Bounding Coordinate -4.061494"], "westBoundingCoordinate": ["39.68243"], "eastBoundingCoordinate": ["39.68243"], "northBoundingCoordinate": ["-4.061494"], "southBoundingCoordinate": ["-4.061494"], "dateCreated": ["1984-12-01"], "temporalCoverageEndDate": ["1987-12-01"], "license": ["N/A"], "distribution": ["N/A"], "distributionInfo": ["N/A"], "identifier": ["https://metadatacatalogue.lifewatch.eu:/srv/eng/catalog.search#/metadata/oai:marineinfo.org:id:dataset:4577"], "accessibilitySummary": ["N/A"], "version": ["N/A"], "temporalCoverage": ["N/A"], "publisher": ["N/A"], "spatial": ["N/A"], "citation": ["N/A"], "genre": ["N/A"], "modificationDate": ["2021-12-02"], "image": ["N/A"], "thumbnailUrl": ["N/A"], "headline": ["Zooplankton community and pelagic copepods in Tudor creek (Mombasa, Kenya) between 1984 and 1987"], "abstract": ["List of zooplankton taxa and copepoda species for 5 stations in Tudorcreek sampled between December 1984 and December 1987. The data were digitizedby VLIZ from theoriginal report: Okemwa, E. (1990). A studyof the pelagic copepods (Copepoda; Crustacea) in a tropicalmarine creek Tudor, Mombasa,Kenya, with a special reference to their community structure, biomass and productivity. PhD Thesis. VUB: Brussel. 225 pp."], "theme": ["N/A"], "creditText": ["N/A"], "producer": ["\u00c2\u00a0Vrije Universiteit Brussel; Faculteit Wetenschappen;Vakgroep Biologie; Laboratorium voor Ecologie en Systematiek "], "author": ["\u00c2\u00a0Vrije Universiteit Brussel; Faculteit Wetenschappen;Vakgroep Biologie; Laboratorium voor Ecologie en Systematiek "], "spatialCoverage": [" Kenya Mombasa TudorCreek > station Station1 Bounding Box West Bounding Coordinate 39.68243 East Bounding Coordinate 39.68243 North Bounding Coordinate -4.061494 South Bounding Coordinate -4.061494"], "sponsor": ["N/A"], "size": ["N/A"], "sameAs": ["N/A"], "publication": ["N/A"], "provider": ["\u00c2\u00a0Vrije Universiteit Brussel; Faculteit Wetenschappen;Vakgroep Biologie; Laboratorium voor Ecologie en Systematiek "], "position": ["N/A"], "measurementTechnique": ["N/A"], "material": ["N/A"], "maintainer": ["N/A"], "locationCreated": ["N/A"], "issn": ["N/A"], "isPartOf": ["N/A"], "isBasedOn": ["N/A"], "isAccessibleForFree": ["N/A"], "includedInDataCatalog": ["N/A"], "editor": ["N/A"], "editEIDR": ["N/A"], "copyrightYear": ["N/A"], "copyrightNotice": ["N/A"], "copyrightHolder": ["N/A"], "contributor": ["N/A"], "contentReferenceTime": ["N/A"], "contentLocation": ["N/A"], "character": ["N/A"], "acquireLicensePage": ["N/A"], "accessModeSufficient": ["N/A"], "about": ["N/A"], "rights": ["N/A"], "relation": ["N/A"], "qualifiedRelation": ["N/A"], "qualifiedAttribution": ["N/A"], "previousVersion": ["N/A"], "nextVersion": ["N/A"], "landingPage": ["N/A"], "isReferencedBy": ["N/A"], "hasVersion": ["N/A"], "hasPolicy": ["N/A"], "hasCurrentVersion": ["N/A"], "useConstraints": ["N/A"], "status": ["N/A"], "spatialRepresentationType": ["N/A"], "scope": ["N/A"], "purpose": ["N/A"], "otherLocale": ["N/A"], "metadataProfile": ["N/A"], "metadataLinkage": ["N/A"], "metadataIdentifier": ["N/A"], "environmentDescription": ["N/A"], "contentInfo": ["N/A"], "ResearchInfrastructure": ["LifeWatch"], "EssentialVariables": ["N/A"], "potentialTopics": ["N/A"]}