{"url": ["https://metadatacatalogue.lifewatch.eu:/geonetwork/api/records/oai:marineinfo.org:id:dataset:2694"], "name": ["Phytoplankton of the Ukrainian Black Sea shelf (1985-2005)"], "description": ["Species composition, abundance and biomass of the phytoplankton at selected depths fromthe seabed to the surface."], "datePublished": ["2021-12-02"], "language": ["en"], "creator": ["\u00c2\u00a0Odessa National I.I. MechnikovUniversity- Nataliia Dereziuk "], "metadataProvider": ["\u00c2\u00a0Flanders Marine Institute(VLIZ) BEhttps://www.vliz.be"], "contact": ["\u00c2\u00a0Odessa National I.I. MechnikovUniversity- Nataliia Dereziuk "], "associatedParty": [" contentProvider\u00c2\u00a0Odessa National I.I. MechnikovUniversity- Nataliia Dereziuk "], "licenseInformation": [" Intellectual Rights This work is licensed under a Creative Commons Attribution (CC-BY) 4.0 License .\u00c2\u00a0 "], "downloadLink": ["https://metadatacatalogue.lifewatch.eu:/geonetwork/eng/catalog.search#/metadata/oai:marineinfo.org:id:dataset:2694"], "keywords": ["Abundance Biomass Phytoplankton"], "geographicCoverage": ["Geographic Description EurOBIS calculated BBOX > station Bounding Box Bounding Box West Bounding Coordinate 28.1167 East Bounding Coordinate 41.0167 North Bounding Coordinate 47 South Bounding Coordinate 42"], "westBoundingCoordinate": ["28.1167"], "eastBoundingCoordinate": ["41.0167"], "northBoundingCoordinate": ["47"], "southBoundingCoordinate": ["42"], "dateCreated": ["1985-07-01"], "temporalCoverageEndDate": ["2005-01-19"], "license": ["N/A"], "distribution": ["N/A"], "distributionInfo": ["N/A"], "identifier": ["https://metadatacatalogue.lifewatch.eu:/geonetwork/eng/catalog.search#/metadata/oai:marineinfo.org:id:dataset:2694"], "accessibilitySummary": ["N/A"], "version": ["N/A"], "temporalCoverage": ["N/A"], "publisher": ["N/A"], "spatial": ["N/A"], "citation": ["N/A"], "genre": ["N/A"], "modificationDate": ["2021-12-02"], "image": ["N/A"], "thumbnailUrl": ["N/A"], "headline": ["Phytoplankton of the Ukrainian Black Sea shelf (1985-2005)"], "abstract": ["Species composition, abundance and biomass of the phytoplankton at selected depths fromthe seabed to the surface."], "theme": ["N/A"], "creditText": ["N/A"], "producer": ["\u00c2\u00a0Odessa National I.I. MechnikovUniversity- Nataliia Dereziuk "], "author": ["\u00c2\u00a0Odessa National I.I. MechnikovUniversity- Nataliia Dereziuk "], "spatialCoverage": [" calculated BBOX > station Bounding Box Bounding Box West Bounding Coordinate 28.1167 East Bounding Coordinate 41.0167 North Bounding Coordinate 47 South Bounding Coordinate 42"], "sponsor": ["N/A"], "size": ["N/A"], "sameAs": ["N/A"], "publication": ["N/A"], "provider": ["\u00c2\u00a0Odessa National I.I. MechnikovUniversity- Nataliia Dereziuk "], "position": ["N/A"], "measurementTechnique": ["N/A"], "material": ["N/A"], "maintainer": ["N/A"], "locationCreated": ["N/A"], "issn": ["N/A"], "isPartOf": ["N/A"], "isBasedOn": ["N/A"], "isAccessibleForFree": ["N/A"], "includedInDataCatalog": ["N/A"], "editor": ["N/A"], "editEIDR": ["N/A"], "copyrightYear": ["N/A"], "copyrightNotice": ["N/A"], "copyrightHolder": ["N/A"], "contributor": ["N/A"], "contentReferenceTime": ["N/A"], "contentLocation": ["N/A"], "character": ["N/A"], "acquireLicensePage": ["N/A"], "accessModeSufficient": ["N/A"], "about": ["N/A"], "rights": ["N/A"], "relation": ["N/A"], "qualifiedRelation": ["N/A"], "qualifiedAttribution": ["N/A"], "previousVersion": ["N/A"], "nextVersion": ["N/A"], "landingPage": ["N/A"], "isReferencedBy": ["N/A"], "hasVersion": ["N/A"], "hasPolicy": ["N/A"], "hasCurrentVersion": ["N/A"], "useConstraints": ["N/A"], "status": ["N/A"], "spatialRepresentationType": ["N/A"], "scope": ["N/A"], "purpose": ["N/A"], "otherLocale": ["N/A"], "metadataProfile": ["N/A"], "metadataLinkage": ["N/A"], "metadataIdentifier": ["N/A"], "environmentDescription": ["N/A"], "contentInfo": ["N/A"], "ResearchInfrastructure": ["LifeWatch"], "EssentialVariables": ["N/A"], "potentialTopics": ["N/A"]}