{"url": ["https://metadatacatalogue.lifewatch.eu:/srv/api/records/oai:marineinfo.org:id:dataset:4042"], "name": ["Phytoplankton data collected from the Black Sea during November 1957 (Cruise 2)"], "description": ["The data were collected by the IBSS staff at 18 stations in theBlack Sea during November 1957(Cruise 2). This dataset contains abundance data (individuals per liter) for phytoplankton taxa. No additionalmetadata is available."], "datePublished": ["2021-12-02"], "language": ["en"], "creator": ["\u00c2\u00a0National Academy of Sciences of UkraineInstitute of Biology of the Southern Seas UA "], "metadataProvider": ["\u00c2\u00a0Flanders Marine Institute(VLIZ) BEhttps://www.vliz.be"], "contact": ["\u00c2\u00a0National Academy of Sciences ofUkraine;Institute of Biology of the Southern Seas- Kseniia Skuratova "], "associatedParty": [" contentProvider\u00c2\u00a0National Academy of Sciences ofUkraine;Institute of Biology of the Southern Seas- Kseniia Skuratova "], "licenseInformation": [" Intellectual Rights This work is licensed under a Creative Commons Attribution (CC-BY) 4.0 License .\u00c2\u00a0 "], "downloadLink": ["https://metadatacatalogue.lifewatch.eu:/srv/eng/catalog.search#/metadata/oai:marineinfo.org:id:dataset:4042"], "keywords": ["N/A"], "geographicCoverage": ["Geographic Description EurOBIS calculated BBOX > station Bounding Box Bounding Box West Bounding Coordinate 28.98333 East Bounding Coordinate 33.28333 North Bounding Coordinate 45.11666 South Bounding Coordinate 41.58333"], "westBoundingCoordinate": ["28.98333"], "eastBoundingCoordinate": ["33.28333"], "northBoundingCoordinate": ["45.11666"], "southBoundingCoordinate": ["41.58333"], "dateCreated": ["1957-11-22"], "temporalCoverageEndDate": ["1957-11-26"], "license": ["N/A"], "distribution": ["N/A"], "distributionInfo": ["N/A"], "identifier": ["https://metadatacatalogue.lifewatch.eu:/srv/eng/catalog.search#/metadata/oai:marineinfo.org:id:dataset:4042"], "accessibilitySummary": ["N/A"], "version": ["N/A"], "temporalCoverage": ["N/A"], "publisher": ["N/A"], "spatial": ["N/A"], "citation": ["N/A"], "genre": ["N/A"], "modificationDate": ["2021-12-02"], "image": ["N/A"], "thumbnailUrl": ["N/A"], "headline": ["Phytoplankton data collected from the Black Sea during November 1957 (Cruise 2)"], "abstract": ["The data were collected by the IBSS staff at 18 stations in theBlack Sea during November 1957(Cruise 2). This dataset contains abundance data (individuals per liter) for phytoplankton taxa. No additionalmetadata is available."], "theme": ["N/A"], "creditText": ["N/A"], "producer": ["\u00c2\u00a0National Academy of Sciences of UkraineInstitute of Biology of the Southern Seas UA "], "author": ["\u00c2\u00a0National Academy of Sciences of UkraineInstitute of Biology of the Southern Seas UA "], "spatialCoverage": [" calculated BBOX > station Bounding Box Bounding Box West Bounding Coordinate 28.98333 East Bounding Coordinate 33.28333 North Bounding Coordinate 45.11666 South Bounding Coordinate 41.58333"], "sponsor": ["N/A"], "size": ["N/A"], "sameAs": ["N/A"], "publication": ["N/A"], "provider": ["\u00c2\u00a0National Academy of Sciences of UkraineInstitute of Biology of the Southern Seas UA "], "position": ["N/A"], "measurementTechnique": ["N/A"], "material": ["N/A"], "maintainer": ["N/A"], "locationCreated": ["N/A"], "issn": ["N/A"], "isPartOf": ["N/A"], "isBasedOn": ["N/A"], "isAccessibleForFree": ["N/A"], "includedInDataCatalog": ["N/A"], "editor": ["N/A"], "editEIDR": ["N/A"], "copyrightYear": ["N/A"], "copyrightNotice": ["N/A"], "copyrightHolder": ["N/A"], "contributor": ["N/A"], "contentReferenceTime": ["N/A"], "contentLocation": ["N/A"], "character": ["N/A"], "acquireLicensePage": ["N/A"], "accessModeSufficient": ["N/A"], "about": ["N/A"], "rights": ["N/A"], "relation": ["N/A"], "qualifiedRelation": ["N/A"], "qualifiedAttribution": ["N/A"], "previousVersion": ["N/A"], "nextVersion": ["N/A"], "landingPage": ["N/A"], "isReferencedBy": ["N/A"], "hasVersion": ["N/A"], "hasPolicy": ["N/A"], "hasCurrentVersion": ["N/A"], "useConstraints": ["N/A"], "status": ["N/A"], "spatialRepresentationType": ["N/A"], "scope": ["N/A"], "purpose": ["N/A"], "otherLocale": ["N/A"], "metadataProfile": ["N/A"], "metadataLinkage": ["N/A"], "metadataIdentifier": ["N/A"], "environmentDescription": ["N/A"], "contentInfo": ["N/A"], "ResearchInfrastructure": ["LifeWatch"], "EssentialVariables": ["N/A"], "potentialTopics": ["N/A"]}