{"url": ["https://metadatacatalogue.lifewatch.eu:/geonetwork/api/records/oai:marineinfo.org:id:dataset:6190"], "name": ["Infaunal abundance and biomass data from surveys of the East Antrim Maerl bed in 2004"], "description": ["This dataset contains information on infaunal abundance and biomass from sediment grabs in Red Bay, Co. Antrim in 2004 on theRV Lough Foyle. The data from this survey was used to help support the SpecialArea of Conservation (SAC) site designation for Red Bay, Co. Antrim. A day grab wasused to collect the samples, in total there were 20 samples taken and analysed. Particle Size Analysis(PSA) and Carbon & Nitrogen analysis was carried out on the sediments from the grab. The presence and absence of Maerl (alive or dead) was also recorded.The most abundant species found was Calcareasp. and the most frequently recorded was the polychaete Glyceralapidium."], "datePublished": ["2021-12-02"], "language": ["en"], "creator": ["\u00c2\u00a0Agri-Food and BiosciencesInstitute- Annika Clements "], "metadataProvider": ["\u00c2\u00a0Flanders Marine Institute(VLIZ) BEhttps://www.vliz.be"], "contact": ["\u00c2\u00a0Agri-Food and BiosciencesInstitute- Matt Service "], "associatedParty": [" contentProvider\u00c2\u00a0Marine Biological Association of theUK GB "], "licenseInformation": [" Intellectual Rights This work is licensed under a Creative Commons Attribution (CC-BY) 4.0 License .\u00c2\u00a0 "], "downloadLink": ["https://metadatacatalogue.lifewatch.eu:/geonetwork/eng/catalog.search#/metadata/oai:marineinfo.org:id:dataset:6190"], "keywords": ["Marine protected areas(MPAs)"], "geographicCoverage": ["Geographic Description ANE, British Isles, North Channel"], "westBoundingCoordinate": ["-6.026216667"], "eastBoundingCoordinate": ["-5.816283333"], "northBoundingCoordinate": ["55.12933333"], "southBoundingCoordinate": ["54.88778333"], "dateCreated": ["N/A"], "temporalCoverageEndDate": ["N/A"], "license": ["N/A"], "distribution": ["N/A"], "distributionInfo": ["N/A"], "identifier": ["https://metadatacatalogue.lifewatch.eu:/geonetwork/eng/catalog.search#/metadata/oai:marineinfo.org:id:dataset:6190"], "accessibilitySummary": ["N/A"], "version": ["N/A"], "temporalCoverage": ["N/A"], "publisher": ["N/A"], "spatial": ["N/A"], "citation": ["N/A"], "genre": ["N/A"], "modificationDate": ["2021-12-02"], "image": ["N/A"], "thumbnailUrl": ["N/A"], "headline": ["Infaunal abundance and biomass data from surveys of the East Antrim Maerl bed in 2004"], "abstract": ["This dataset contains information on infaunal abundance and biomass from sediment grabs in Red Bay, Co. Antrim in 2004 on theRV Lough Foyle. The data from this survey was used to help support the SpecialArea of Conservation (SAC) site designation for Red Bay, Co. Antrim. A day grab wasused to collect the samples, in total there were 20 samples taken and analysed. Particle Size Analysis(PSA) and Carbon & Nitrogen analysis was carried out on the sediments from the grab. The presence and absence of Maerl (alive or dead) was also recorded.The most abundant species found was Calcareasp. and the most frequently recorded was the polychaete Glyceralapidium."], "theme": ["N/A"], "creditText": ["N/A"], "producer": ["\u00c2\u00a0Agri-Food and BiosciencesInstitute- Annika Clements "], "author": ["\u00c2\u00a0Agri-Food and BiosciencesInstitute- Annika Clements "], "spatialCoverage": [" British Isles North Channel"], "sponsor": ["N/A"], "size": ["N/A"], "sameAs": ["N/A"], "publication": ["N/A"], "provider": ["\u00c2\u00a0Agri-Food and BiosciencesInstitute- Annika Clements "], "position": ["N/A"], "measurementTechnique": ["N/A"], "material": ["N/A"], "maintainer": ["N/A"], "locationCreated": ["N/A"], "issn": ["N/A"], "isPartOf": ["N/A"], "isBasedOn": ["N/A"], "isAccessibleForFree": ["N/A"], "includedInDataCatalog": ["N/A"], "editor": ["N/A"], "editEIDR": ["N/A"], "copyrightYear": ["N/A"], "copyrightNotice": ["N/A"], "copyrightHolder": ["N/A"], "contributor": ["N/A"], "contentReferenceTime": ["N/A"], "contentLocation": ["N/A"], "character": ["N/A"], "acquireLicensePage": ["N/A"], "accessModeSufficient": ["N/A"], "about": ["N/A"], "rights": ["N/A"], "relation": ["N/A"], "qualifiedRelation": ["N/A"], "qualifiedAttribution": ["N/A"], "previousVersion": ["N/A"], "nextVersion": ["N/A"], "landingPage": ["N/A"], "isReferencedBy": ["N/A"], "hasVersion": ["N/A"], "hasPolicy": ["N/A"], "hasCurrentVersion": ["N/A"], "useConstraints": ["N/A"], "status": ["N/A"], "spatialRepresentationType": ["N/A"], "scope": ["N/A"], "purpose": ["N/A"], "otherLocale": ["N/A"], "metadataProfile": ["N/A"], "metadataLinkage": ["N/A"], "metadataIdentifier": ["N/A"], "environmentDescription": ["N/A"], "contentInfo": ["N/A"], "ResearchInfrastructure": ["LifeWatch"], "EssentialVariables": ["N/A"], "potentialTopics": ["N/A"]}