{"url": ["https://metadatacatalogue.lifewatch.eu:/srv/api/records/oai:marineinfo.org:id:dataset:6426"], "name": ["2013 University of Plymouth Thanet Coast (UK) Special Area of Conservation (SAC) towed underwater video condition assessment of epibenthic communities and biotopes"], "description": ["This data set comprises of marine epibenthos (approx. 57 identified taxa derived of Algae, Annelida,Arthropoda, Bryozoa, Chordata, Cnidaria, Echinodermata, Mollusca, Porifera) datacollected in July 2013 from ThanetCoast (UK) Special Area of Conservation (SAC) using a high definition towed underwater video system. 12 areasweresurveyed, six inside the SAC and six outside the SAC. Three replicate 200 m x 0.5 m transectswere recorded in each area. Thesurvey was commissioned by Natural Englandas part of a condition assessment to reportthe extent and condition of habitats and biotopes, and to determinethecomposition of the benthicspeciespresent."], "datePublished": ["2021-12-02"], "language": ["en"], "creator": ["\u00c2\u00a0University of Plymouth;PlymouthPolytechnic- Emma Sheehan "], "metadataProvider": ["\u00c2\u00a0Flanders Marine Institute(VLIZ) BEhttps://www.vliz.be"], "contact": ["\u00c2\u00a0Flanders Marine Institute(VLIZ) BEhttps://www.vliz.be"], "associatedParty": ["N/A"], "licenseInformation": [" Intellectual Rights This work is licensed under a Creative Commons Attribution (CC-BY) 4.0 License .\u00c2\u00a0 "], "downloadLink": ["https://metadatacatalogue.lifewatch.eu:/srv/eng/catalog.search#/metadata/oai:marineinfo.org:id:dataset:6426"], "keywords": ["Benthos habitat assessment Marine protected areas(MPAs) special area of conservation Video observations"], "geographicCoverage": ["Geographic Description http://marineregions.org/mrgid/29307 > station Thanet Coast"], "westBoundingCoordinate": ["1.218575"], "eastBoundingCoordinate": ["1.475166666667"], "northBoundingCoordinate": ["51.402708333333"], "southBoundingCoordinate": ["51.31635"], "dateCreated": ["2013-07-01"], "temporalCoverageEndDate": ["2013-07-01"], "license": ["N/A"], "distribution": ["N/A"], "distributionInfo": ["N/A"], "identifier": ["https://metadatacatalogue.lifewatch.eu:/srv/eng/catalog.search#/metadata/oai:marineinfo.org:id:dataset:6426"], "accessibilitySummary": ["N/A"], "version": ["N/A"], "temporalCoverage": ["N/A"], "publisher": ["N/A"], "spatial": ["N/A"], "citation": ["N/A"], "genre": ["N/A"], "modificationDate": ["2021-12-02"], "image": ["N/A"], "thumbnailUrl": ["N/A"], "headline": ["2013 University of Plymouth Thanet Coast (UK) Special Area of Conservation (SAC) towed underwater video condition assessment of epibenthic communities and biotopes"], "abstract": ["This data set comprises of marine epibenthos (approx. 57 identified taxa derived of Algae, Annelida,Arthropoda, Bryozoa, Chordata, Cnidaria, Echinodermata, Mollusca, Porifera) datacollected in July 2013 from ThanetCoast (UK) Special Area of Conservation (SAC) using a high definition towed underwater video system. 12 areasweresurveyed, six inside the SAC and six outside the SAC. Three replicate 200 m x 0.5 m transectswere recorded in each area. Thesurvey was commissioned by Natural Englandas part of a condition assessment to reportthe extent and condition of habitats and biotopes, and to determinethecomposition of the benthicspeciespresent."], "theme": ["N/A"], "creditText": ["N/A"], "producer": ["\u00c2\u00a0University of Plymouth;PlymouthPolytechnic- Emma Sheehan "], "author": ["\u00c2\u00a0University of Plymouth;PlymouthPolytechnic- Emma Sheehan "], "spatialCoverage": [" http//marineregions.org/mrgid/29307 > station Thanet Coast"], "sponsor": ["N/A"], "size": ["N/A"], "sameAs": ["N/A"], "publication": ["N/A"], "provider": ["\u00c2\u00a0University of Plymouth;PlymouthPolytechnic- Emma Sheehan "], "position": ["N/A"], "measurementTechnique": ["N/A"], "material": ["N/A"], "maintainer": ["N/A"], "locationCreated": ["N/A"], "issn": ["N/A"], "isPartOf": ["N/A"], "isBasedOn": ["N/A"], "isAccessibleForFree": ["N/A"], "includedInDataCatalog": ["N/A"], "editor": ["N/A"], "editEIDR": ["N/A"], "copyrightYear": ["N/A"], "copyrightNotice": ["N/A"], "copyrightHolder": ["N/A"], "contributor": ["N/A"], "contentReferenceTime": ["N/A"], "contentLocation": ["N/A"], "character": ["N/A"], "acquireLicensePage": ["N/A"], "accessModeSufficient": ["N/A"], "about": ["N/A"], "rights": ["N/A"], "relation": ["N/A"], "qualifiedRelation": ["N/A"], "qualifiedAttribution": ["N/A"], "previousVersion": ["N/A"], "nextVersion": ["N/A"], "landingPage": ["N/A"], "isReferencedBy": ["N/A"], "hasVersion": ["N/A"], "hasPolicy": ["N/A"], "hasCurrentVersion": ["N/A"], "useConstraints": ["N/A"], "status": ["N/A"], "spatialRepresentationType": ["N/A"], "scope": ["N/A"], "purpose": ["N/A"], "otherLocale": ["N/A"], "metadataProfile": ["N/A"], "metadataLinkage": ["N/A"], "metadataIdentifier": ["N/A"], "environmentDescription": ["N/A"], "contentInfo": ["N/A"], "ResearchInfrastructure": ["LifeWatch"], "EssentialVariables": ["N/A"], "potentialTopics": ["N/A"]}