{"url": ["https://metadatacatalogue.lifewatch.eu:/geonetwork/api/records/oai:marineinfo.org:id:dataset:7865"], "name": ["Infauna from seagrass meadows in the coastal Bulgarian Black Sea (2013-2014)"], "description": ["Abundance (individuals/m2) and biomass (g/m2) of macrozoobenthic taxa from seagrass meadows along theSouthern Bulgarian Black Sea coast (BurgasBay), collected duringfield surveys of IBER-BAS in 2013-2014 as part of project PERSEUS. Due to thesampling method (hand corer), thedataset represents the infauna associated with the seagrasses. The dataset alsocontains measurements of several environmental parameters at the stations:sediment grain size (%gravel, sand, and silt/clay); sediment moisturecontent (%) and total organicmatter (% loss on ignition);temperature and salinity of the water."], "datePublished": ["2021-12-02"], "language": ["en"], "creator": ["\u00c2\u00a0Bulgarian Academy ofSciences- Stefania Klayn "], "metadataProvider": ["\u00c2\u00a0Flanders Marine Institute(VLIZ) BEhttps://www.vliz.be"], "contact": ["\u00c2\u00a0Bulgarian Academy ofSciences- Stefania Klayn "], "associatedParty": ["N/A"], "licenseInformation": [" Intellectual Rights To the extent possible underlaw, the publisher has waived all rights to these data and has dedicated them to the Public Domain (CC01.0) . Users may copy, modify,distribute and use the work,including for commercial purposes, without restriction.\u00c2\u00a0 "], "downloadLink": ["https://metadatacatalogue.lifewatch.eu:/srv/eng/catalog.search#/metadata/oai:marineinfo.org:id:dataset:7865"], "keywords": ["Abundance Biomass Burrowing organisms Coastal zone Community composition Marine invertebrates Sea grass"], "geographicCoverage": ["Geographic Description MED, BlackSea"], "westBoundingCoordinate": ["N/A"], "eastBoundingCoordinate": ["N/A"], "northBoundingCoordinate": ["N/A"], "southBoundingCoordinate": ["N/A"], "dateCreated": ["2013-01-01"], "temporalCoverageEndDate": ["2014-01-01"], "license": ["N/A"], "distribution": ["N/A"], "distributionInfo": ["N/A"], "identifier": ["https://metadatacatalogue.lifewatch.eu:/srv/eng/catalog.search#/metadata/oai:marineinfo.org:id:dataset:7865"], "accessibilitySummary": ["N/A"], "version": ["N/A"], "temporalCoverage": ["N/A"], "publisher": ["N/A"], "spatial": ["N/A"], "citation": ["N/A"], "genre": ["N/A"], "modificationDate": ["2021-12-02"], "image": ["N/A"], "thumbnailUrl": ["N/A"], "headline": ["Infauna from seagrass meadows in the coastal Bulgarian Black Sea (2013-2014)"], "abstract": ["Abundance (individuals/m2) and biomass (g/m2) of macrozoobenthic taxa from seagrass meadows along theSouthern Bulgarian Black Sea coast (BurgasBay), collected duringfield surveys of IBER-BAS in 2013-2014 as part of project PERSEUS. Due to thesampling method (hand corer), thedataset represents the infauna associated with the seagrasses. The dataset alsocontains measurements of several environmental parameters at the stations:sediment grain size (%gravel, sand, and silt/clay); sediment moisturecontent (%) and total organicmatter (% loss on ignition);temperature and salinity of the water."], "theme": ["N/A"], "creditText": ["N/A"], "producer": ["\u00c2\u00a0Bulgarian Academy ofSciences- Stefania Klayn "], "author": ["\u00c2\u00a0Bulgarian Academy ofSciences- Stefania Klayn "], "spatialCoverage": [" BlackSea"], "sponsor": ["N/A"], "size": ["N/A"], "sameAs": ["N/A"], "publication": ["N/A"], "provider": ["\u00c2\u00a0Bulgarian Academy ofSciences- Stefania Klayn "], "position": ["N/A"], "measurementTechnique": ["N/A"], "material": ["N/A"], "maintainer": ["N/A"], "locationCreated": ["N/A"], "issn": ["N/A"], "isPartOf": ["N/A"], "isBasedOn": ["N/A"], "isAccessibleForFree": ["N/A"], "includedInDataCatalog": ["N/A"], "editor": ["N/A"], "editEIDR": ["N/A"], "copyrightYear": ["N/A"], "copyrightNotice": ["N/A"], "copyrightHolder": ["N/A"], "contributor": ["N/A"], "contentReferenceTime": ["N/A"], "contentLocation": ["N/A"], "character": ["N/A"], "acquireLicensePage": ["N/A"], "accessModeSufficient": ["N/A"], "about": ["N/A"], "rights": ["N/A"], "relation": ["N/A"], "qualifiedRelation": ["N/A"], "qualifiedAttribution": ["N/A"], "previousVersion": ["N/A"], "nextVersion": ["N/A"], "landingPage": ["N/A"], "isReferencedBy": ["N/A"], "hasVersion": ["N/A"], "hasPolicy": ["N/A"], "hasCurrentVersion": ["N/A"], "useConstraints": ["N/A"], "status": ["N/A"], "spatialRepresentationType": ["N/A"], "scope": ["N/A"], "purpose": ["N/A"], "otherLocale": ["N/A"], "metadataProfile": ["N/A"], "metadataLinkage": ["N/A"], "metadataIdentifier": ["N/A"], "environmentDescription": ["N/A"], "contentInfo": ["N/A"], "ResearchInfrastructure": ["LifeWatch"], "EssentialVariables": ["N/A"], "potentialTopics": ["N/A"]}