{"url": ["https://metadatacatalogue.lifewatch.eu:/geonetwork/api/records/oai:marineinfo.org:id:dataset:2752"], "name": ["PANGAEA - Data from T\u00c3\u00bcbingen University"], "description": ["Compilation of paleoceanographicdatasets from the T\u00c3\u00bcbingenUniversity. Data availableon: <ul> <li> Distribution of diatoms, coccolithophoresand planktic foraminifera in the ArabianSea <li> Benthic foraminifera of the RedSea <li> Benthic foraminifera in sapropels of the eastern MediterraneanSea <li> Planktic foraminifers and hydrography of the eastern and northern Caribbean Sea <li> Planktic foraminiferalsedimentation and the marine calcitebudget <li> Lower Albian benthicforaminifera"], "datePublished": ["2021-12-02"], "language": ["en"], "creator": ["\u00c2\u00a0Eberhard Karls University of T\u00c3\u00bcbingen DE "], "metadataProvider": ["\u00c2\u00a0Flanders Marine Institute(VLIZ) BEhttps://www.vliz.be"], "contact": ["\u00c2\u00a0Eberhard Karls University of T\u00c3\u00bcbingen DE "], "associatedParty": [" custodianSteward\u00c2\u00a0Eberhard Karls University of T\u00c3\u00bcbingen DE "], "licenseInformation": [" Intellectual Rights This work is licensed under a Creative Commons Attribution (CC-BY) 4.0 License .\u00c2\u00a0 "], "downloadLink": ["https://metadatacatalogue.lifewatch.eu:/srv/eng/catalog.search#/metadata/oai:marineinfo.org:id:dataset:2752"], "keywords": ["N/A"], "geographicCoverage": ["Geographic Description Caribbean Region"], "westBoundingCoordinate": ["-79.1509"], "eastBoundingCoordinate": ["68.6069"], "northBoundingCoordinate": ["77.0786"], "southBoundingCoordinate": ["-21.23"], "dateCreated": ["N/A"], "temporalCoverageEndDate": ["N/A"], "license": ["N/A"], "distribution": ["N/A"], "distributionInfo": ["N/A"], "identifier": ["https://metadatacatalogue.lifewatch.eu:/srv/eng/catalog.search#/metadata/oai:marineinfo.org:id:dataset:2752"], "accessibilitySummary": ["N/A"], "version": ["N/A"], "temporalCoverage": ["N/A"], "publisher": ["N/A"], "spatial": ["N/A"], "citation": ["N/A"], "genre": ["N/A"], "modificationDate": ["2021-12-02"], "image": ["N/A"], "thumbnailUrl": ["N/A"], "headline": ["PANGAEA - Data from T\u00c3\u00bcbingen University"], "abstract": ["Compilation of paleoceanographicdatasets from the T\u00c3\u00bcbingenUniversity. Data availableon: <ul> <li> Distribution of diatoms, coccolithophoresand planktic foraminifera in the ArabianSea <li> Benthic foraminifera of the RedSea <li> Benthic foraminifera in sapropels of the eastern MediterraneanSea <li> Planktic foraminifers and hydrography of the eastern and northern Caribbean Sea <li> Planktic foraminiferalsedimentation and the marine calcitebudget <li> Lower Albian benthicforaminifera"], "theme": ["N/A"], "creditText": ["N/A"], "producer": ["\u00c2\u00a0Eberhard Karls University of T\u00c3\u00bcbingen DE "], "author": ["\u00c2\u00a0Eberhard Karls University of T\u00c3\u00bcbingen DE "], "spatialCoverage": [" Caribbean Region"], "sponsor": ["N/A"], "size": ["N/A"], "sameAs": ["N/A"], "publication": ["N/A"], "provider": ["\u00c2\u00a0Eberhard Karls University of T\u00c3\u00bcbingen DE "], "position": ["N/A"], "measurementTechnique": ["N/A"], "material": ["N/A"], "maintainer": ["N/A"], "locationCreated": ["N/A"], "issn": ["N/A"], "isPartOf": ["N/A"], "isBasedOn": ["N/A"], "isAccessibleForFree": ["N/A"], "includedInDataCatalog": ["N/A"], "editor": ["N/A"], "editEIDR": ["N/A"], "copyrightYear": ["N/A"], "copyrightNotice": ["N/A"], "copyrightHolder": ["N/A"], "contributor": ["N/A"], "contentReferenceTime": ["N/A"], "contentLocation": ["N/A"], "character": ["N/A"], "acquireLicensePage": ["N/A"], "accessModeSufficient": ["N/A"], "about": ["N/A"], "rights": ["N/A"], "relation": ["N/A"], "qualifiedRelation": ["N/A"], "qualifiedAttribution": ["N/A"], "previousVersion": ["N/A"], "nextVersion": ["N/A"], "landingPage": ["N/A"], "isReferencedBy": ["N/A"], "hasVersion": ["N/A"], "hasPolicy": ["N/A"], "hasCurrentVersion": ["N/A"], "useConstraints": ["N/A"], "status": ["N/A"], "spatialRepresentationType": ["N/A"], "scope": ["N/A"], "purpose": ["N/A"], "otherLocale": ["N/A"], "metadataProfile": ["N/A"], "metadataLinkage": ["N/A"], "metadataIdentifier": ["N/A"], "environmentDescription": ["N/A"], "contentInfo": ["N/A"], "ResearchInfrastructure": ["LifeWatch"], "EssentialVariables": ["N/A"], "potentialTopics": ["N/A"]}