{"url": ["https://metadatacatalogue.lifewatch.eu:/geonetwork/api/records/oai:marineinfo.org:id:dataset:598"], "name": ["Benthos Cretan Continental Shelf"], "description": ["This dataset is part of a nationalproject on the consequences of the NavarinoOil spill, in 1994 at the GialovaLagoon, Ionian Sea. The Cretancoasts were studied from May 1987, inorder to assess the level of theirenvironmental degradation due to touristic and other anthropogenic activities"], "datePublished": ["2021-12-02"], "language": ["en"], "creator": ["\u00c2\u00a0Hellenic Centre for Marine Research; Institute of Marine Biology, Biotechnology and Aquaculture- Costas Dounas "], "metadataProvider": ["\u00c2\u00a0Flanders Marine Institute(VLIZ) BEhttps://www.vliz.be"], "contact": ["\u00c2\u00a0Hellenic Centre for MarineResearch- Sarah Faulwetter "], "associatedParty": ["N/A"], "licenseInformation": [" Intellectual Rights This work is licensed under a Creative Commons Attribution (CC-BY) 4.0 License .\u00c2\u00a0 "], "downloadLink": ["https://metadatacatalogue.lifewatch.eu:/srv/eng/catalog.search#/metadata/oai:marineinfo.org:id:dataset:598"], "keywords": ["Benthic fauna Biogeography Data Marine Genomics"], "geographicCoverage": ["Geographic Description EurOBIS calculated BBOX > station Bounding Box Bounding Box West Bounding Coordinate 24.155555725098 East Bounding Coordinate 26.163888931274 North Bounding Coordinate 35.491664886475 South Bounding Coordinate 35"], "westBoundingCoordinate": ["24.155555725098"], "eastBoundingCoordinate": ["26.163888931274"], "northBoundingCoordinate": ["35.491664886475"], "southBoundingCoordinate": ["35"], "dateCreated": ["1988-01-01"], "temporalCoverageEndDate": ["1988-01-01"], "license": ["N/A"], "distribution": ["N/A"], "distributionInfo": ["N/A"], "identifier": ["https://metadatacatalogue.lifewatch.eu:/srv/eng/catalog.search#/metadata/oai:marineinfo.org:id:dataset:598"], "accessibilitySummary": ["N/A"], "version": ["N/A"], "temporalCoverage": ["N/A"], "publisher": ["N/A"], "spatial": ["N/A"], "citation": ["N/A"], "genre": ["N/A"], "modificationDate": ["2021-12-02"], "image": ["N/A"], "thumbnailUrl": ["N/A"], "headline": ["Benthos Cretan Continental Shelf"], "abstract": ["This dataset is part of a nationalproject on the consequences of the NavarinoOil spill, in 1994 at the GialovaLagoon, Ionian Sea. The Cretancoasts were studied from May 1987, inorder to assess the level of theirenvironmental degradation due to touristic and other anthropogenic activities"], "theme": ["N/A"], "creditText": ["N/A"], "producer": ["\u00c2\u00a0Hellenic Centre for Marine Research; Institute of Marine Biology, Biotechnology and Aquaculture- Costas Dounas "], "author": ["\u00c2\u00a0Hellenic Centre for Marine Research; Institute of Marine Biology, Biotechnology and Aquaculture- Costas Dounas "], "spatialCoverage": [" calculated BBOX > station Bounding Box Bounding Box West Bounding Coordinate 24.155555725098 East Bounding Coordinate 26.163888931274 North Bounding Coordinate 35.491664886475 South Bounding Coordinate 35"], "sponsor": ["N/A"], "size": ["N/A"], "sameAs": ["N/A"], "publication": ["N/A"], "provider": ["\u00c2\u00a0Hellenic Centre for Marine Research; Institute of Marine Biology, Biotechnology and Aquaculture- Costas Dounas "], "position": ["N/A"], "measurementTechnique": ["N/A"], "material": ["N/A"], "maintainer": ["N/A"], "locationCreated": ["N/A"], "issn": ["N/A"], "isPartOf": ["N/A"], "isBasedOn": ["N/A"], "isAccessibleForFree": ["N/A"], "includedInDataCatalog": ["N/A"], "editor": ["N/A"], "editEIDR": ["N/A"], "copyrightYear": ["N/A"], "copyrightNotice": ["N/A"], "copyrightHolder": ["N/A"], "contributor": ["N/A"], "contentReferenceTime": ["N/A"], "contentLocation": ["N/A"], "character": ["N/A"], "acquireLicensePage": ["N/A"], "accessModeSufficient": ["N/A"], "about": ["N/A"], "rights": ["N/A"], "relation": ["N/A"], "qualifiedRelation": ["N/A"], "qualifiedAttribution": ["N/A"], "previousVersion": ["N/A"], "nextVersion": ["N/A"], "landingPage": ["N/A"], "isReferencedBy": ["N/A"], "hasVersion": ["N/A"], "hasPolicy": ["N/A"], "hasCurrentVersion": ["N/A"], "useConstraints": ["N/A"], "status": ["N/A"], "spatialRepresentationType": ["N/A"], "scope": ["N/A"], "purpose": ["N/A"], "otherLocale": ["N/A"], "metadataProfile": ["N/A"], "metadataLinkage": ["N/A"], "metadataIdentifier": ["N/A"], "environmentDescription": ["N/A"], "contentInfo": ["N/A"], "ResearchInfrastructure": ["LifeWatch"], "EssentialVariables": ["N/A"], "potentialTopics": ["N/A"]}