{"url": ["https://metadatacatalogue.lifewatch.eu:/srv/api/records/oai:marineinfo.org:id:dataset:213"], "name": ["REDIT 1"], "description": ["The main aim of the REDIT I campaign was to assessthe geographical extend of the distributionof the polychaetous Serpulid Ditrupa arietina.Nevertheless, all macrofauna >1mm was identified."], "datePublished": ["2021-12-02"], "language": ["en"], "creator": ["\u00c2\u00a0Observatoire Oc\u00c3\u00a9anologique de Banyuls-Sur-MerLaboratoire d'Oc\u00c3\u00a9anographie Biologique FR "], "metadataProvider": ["\u00c2\u00a0Flanders Marine Institute(VLIZ) BEhttps://www.vliz.be"], "contact": ["\u00c2\u00a0Observatoire Oc\u00c3\u00a9anologique de Banyuls-Sur-Mer;Laboratoire d'Oc\u00c3\u00a9anographie Biologique- Fran\u00c3\u00a7ois Charles "], "associatedParty": [" pointOfContact\u00c2\u00a0Observatoire Oc\u00c3\u00a9anologique de Banyuls-Sur-Mer;Laboratoire d'Oc\u00c3\u00a9anographie Biologique- Jo\u00c3\u00a3o Carlos Ferreira Gil "], "licenseInformation": [" Intellectual Rights This work is licensed under a Creative Commons Attribution (CC-BY) 4.0 License .\u00c2\u00a0 "], "downloadLink": ["https://metadatacatalogue.lifewatch.eu:/srv/eng/catalog.search#/metadata/oai:marineinfo.org:id:dataset:213"], "keywords": ["Biogeography Data Marine Genomics Taxonomy"], "geographicCoverage": ["Geographic Description EurOBIS calculated BBOX > station Bounding Box Bounding Box West Bounding Coordinate 3.045 East Bounding Coordinate 4.7489 North Bounding Coordinate 43.491 South Bounding Coordinate 42.557"], "westBoundingCoordinate": ["3.045"], "eastBoundingCoordinate": ["4.7489"], "northBoundingCoordinate": ["43.491"], "southBoundingCoordinate": ["42.557"], "dateCreated": ["1998-09-24"], "temporalCoverageEndDate": ["1998-10-21"], "license": ["N/A"], "distribution": ["N/A"], "distributionInfo": ["N/A"], "identifier": ["https://metadatacatalogue.lifewatch.eu:/srv/eng/catalog.search#/metadata/oai:marineinfo.org:id:dataset:213"], "accessibilitySummary": ["N/A"], "version": ["N/A"], "temporalCoverage": ["N/A"], "publisher": ["N/A"], "spatial": ["N/A"], "citation": ["N/A"], "genre": ["N/A"], "modificationDate": ["2021-12-02"], "image": ["N/A"], "thumbnailUrl": ["N/A"], "headline": ["REDIT 1"], "abstract": ["The main aim of the REDIT I campaign was to assessthe geographical extend of the distributionof the polychaetous Serpulid Ditrupa arietina.Nevertheless, all macrofauna >1mm was identified."], "theme": ["N/A"], "creditText": ["N/A"], "producer": ["\u00c2\u00a0Observatoire Oc\u00c3\u00a9anologique de Banyuls-Sur-MerLaboratoire d'Oc\u00c3\u00a9anographie Biologique FR "], "author": ["\u00c2\u00a0Observatoire Oc\u00c3\u00a9anologique de Banyuls-Sur-MerLaboratoire d'Oc\u00c3\u00a9anographie Biologique FR "], "spatialCoverage": [" calculated BBOX > station Bounding Box Bounding Box West Bounding Coordinate 3.045 East Bounding Coordinate 4.7489 North Bounding Coordinate 43.491 South Bounding Coordinate 42.557"], "sponsor": ["N/A"], "size": ["N/A"], "sameAs": ["N/A"], "publication": ["N/A"], "provider": ["\u00c2\u00a0Observatoire Oc\u00c3\u00a9anologique de Banyuls-Sur-MerLaboratoire d'Oc\u00c3\u00a9anographie Biologique FR "], "position": ["N/A"], "measurementTechnique": ["N/A"], "material": ["N/A"], "maintainer": ["N/A"], "locationCreated": ["N/A"], "issn": ["N/A"], "isPartOf": ["N/A"], "isBasedOn": ["N/A"], "isAccessibleForFree": ["N/A"], "includedInDataCatalog": ["N/A"], "editor": ["N/A"], "editEIDR": ["N/A"], "copyrightYear": ["N/A"], "copyrightNotice": ["N/A"], "copyrightHolder": ["N/A"], "contributor": ["N/A"], "contentReferenceTime": ["N/A"], "contentLocation": ["N/A"], "character": ["N/A"], "acquireLicensePage": ["N/A"], "accessModeSufficient": ["N/A"], "about": ["N/A"], "rights": ["N/A"], "relation": ["N/A"], "qualifiedRelation": ["N/A"], "qualifiedAttribution": ["N/A"], "previousVersion": ["N/A"], "nextVersion": ["N/A"], "landingPage": ["N/A"], "isReferencedBy": ["N/A"], "hasVersion": ["N/A"], "hasPolicy": ["N/A"], "hasCurrentVersion": ["N/A"], "useConstraints": ["N/A"], "status": ["N/A"], "spatialRepresentationType": ["N/A"], "scope": ["N/A"], "purpose": ["N/A"], "otherLocale": ["N/A"], "metadataProfile": ["N/A"], "metadataLinkage": ["N/A"], "metadataIdentifier": ["N/A"], "environmentDescription": ["N/A"], "contentInfo": ["N/A"], "ResearchInfrastructure": ["LifeWatch"], "EssentialVariables": ["N/A"], "potentialTopics": ["N/A"]}