{"url": ["https://metadatacatalogue.lifewatch.eu:/srv/api/records/oai:marineinfo.org:id:dataset:5514"], "name": ["LifeWatch observatory data: reference collection of unique observations in the Belgian Part of the North Sea"], "description": ["In the framework of the Lifewatch marineobservatory nine fixed stations on the Belgian Part of the North Sea (BPNS) are visited on a monthly basis,and 17 fixed stations on a seasonal basis,using the RV SimonStevin. This dataset holds records of uniqueobservations in the Belgian Part of the North Sea, which are not collected on a continous base('loose observations') anddo not fit into any ofthe other described LifeWatch Datasets."], "datePublished": ["2021-12-02"], "language": ["en"], "creator": ["\u00c2\u00a0Vlaams Instituut voor de Zee BE "], "metadataProvider": ["\u00c2\u00a0Flanders Marine Institute(VLIZ) BEhttps://www.vliz.be"], "contact": ["\u00c2\u00a0Vlaams Instituut voor de Zee BE "], "associatedParty": [" custodianSteward\u00c2\u00a0Vlaams Instituut voor de Zee BE "], "licenseInformation": [" Intellectual Rights This work is licensed under a Creative Commons Attribution (CC-BY) 4.0 License .\u00c2\u00a0 "], "downloadLink": ["https://metadatacatalogue.lifewatch.eu:/geonetwork/eng/catalog.search#/metadata/oai:marineinfo.org:id:dataset:5514"], "keywords": ["Data Marine Genomics"], "geographicCoverage": ["Geographic Description ANE, Belgium, Belgian Continental Shelf (BCS) > stationLW01 Bounding Box West Bounding Coordinate 2.256 East Bounding Coordinate 2.256 North Bounding Coordinate 51.5687 South Bounding Coordinate 51.5687"], "westBoundingCoordinate": ["2.256"], "eastBoundingCoordinate": ["2.256"], "northBoundingCoordinate": ["51.5687"], "southBoundingCoordinate": ["51.5687"], "dateCreated": ["N/A"], "temporalCoverageEndDate": ["N/A"], "license": ["N/A"], "distribution": ["N/A"], "distributionInfo": ["N/A"], "identifier": ["https://metadatacatalogue.lifewatch.eu:/geonetwork/eng/catalog.search#/metadata/oai:marineinfo.org:id:dataset:5514"], "accessibilitySummary": ["N/A"], "version": ["N/A"], "temporalCoverage": ["N/A"], "publisher": ["N/A"], "spatial": ["N/A"], "citation": ["N/A"], "genre": ["N/A"], "modificationDate": ["2021-12-02"], "image": ["N/A"], "thumbnailUrl": ["N/A"], "headline": ["LifeWatch observatory data: reference collection of unique observations in the Belgian Part of the North Sea"], "abstract": ["In the framework of the Lifewatch marineobservatory nine fixed stations on the Belgian Part of the North Sea (BPNS) are visited on a monthly basis,and 17 fixed stations on a seasonal basis,using the RV SimonStevin. This dataset holds records of uniqueobservations in the Belgian Part of the North Sea, which are not collected on a continous base('loose observations') anddo not fit into any ofthe other described LifeWatch Datasets."], "theme": ["N/A"], "creditText": ["N/A"], "producer": ["\u00c2\u00a0Vlaams Instituut voor de Zee BE "], "author": ["\u00c2\u00a0Vlaams Instituut voor de Zee BE "], "spatialCoverage": [" Belgium Belgian Continental Shelf (BCS) > stationLW01 Bounding Box West Bounding Coordinate 2.256 East Bounding Coordinate 2.256 North Bounding Coordinate 51.5687 South Bounding Coordinate 51.5687"], "sponsor": ["N/A"], "size": ["N/A"], "sameAs": ["N/A"], "publication": ["N/A"], "provider": ["\u00c2\u00a0Vlaams Instituut voor de Zee BE "], "position": ["N/A"], "measurementTechnique": ["N/A"], "material": ["N/A"], "maintainer": ["N/A"], "locationCreated": ["N/A"], "issn": ["N/A"], "isPartOf": ["N/A"], "isBasedOn": ["N/A"], "isAccessibleForFree": ["N/A"], "includedInDataCatalog": ["N/A"], "editor": ["N/A"], "editEIDR": ["N/A"], "copyrightYear": ["N/A"], "copyrightNotice": ["N/A"], "copyrightHolder": ["N/A"], "contributor": ["N/A"], "contentReferenceTime": ["N/A"], "contentLocation": ["N/A"], "character": ["N/A"], "acquireLicensePage": ["N/A"], "accessModeSufficient": ["N/A"], "about": ["N/A"], "rights": ["N/A"], "relation": ["N/A"], "qualifiedRelation": ["N/A"], "qualifiedAttribution": ["N/A"], "previousVersion": ["N/A"], "nextVersion": ["N/A"], "landingPage": ["N/A"], "isReferencedBy": ["N/A"], "hasVersion": ["N/A"], "hasPolicy": ["N/A"], "hasCurrentVersion": ["N/A"], "useConstraints": ["N/A"], "status": ["N/A"], "spatialRepresentationType": ["N/A"], "scope": ["N/A"], "purpose": ["N/A"], "otherLocale": ["N/A"], "metadataProfile": ["N/A"], "metadataLinkage": ["N/A"], "metadataIdentifier": ["N/A"], "environmentDescription": ["N/A"], "contentInfo": ["N/A"], "ResearchInfrastructure": ["LifeWatch"], "EssentialVariables": ["N/A"], "potentialTopics": ["N/A"]}