{"url": ["https://metadatacatalogue.lifewatch.eu:/srv/api/records/oai:marineinfo.org:id:dataset:1865"], "name": ["Spatial Ecological Analysis of Megavertebrate Populations"], "description": ["The Spatial Ecological Analysis of Marine Megavertebrate Populations (SEAMAP) initiative, a node of theOceanBiodiversity Information System (OBIS), has developed a digital databaseof geo-referenced marine mammal, seabird and sea turtle distribution and abundancedata."], "datePublished": ["2021-12-02"], "language": ["en"], "creator": ["\u00c2\u00a0Flanders Marine Institute(VLIZ) BEhttps://www.vliz.be"], "metadataProvider": ["\u00c2\u00a0Flanders Marine Institute(VLIZ) BEhttps://www.vliz.be"], "contact": ["\u00c2\u00a0Duke University- Patrick Halpin "], "associatedParty": [" custodianSteward\u00c2\u00a0Duke University- Patrick Halpin "], "licenseInformation": [" Intellectual Rights Restricted\u00c2\u00a0 "], "downloadLink": ["https://metadatacatalogue.lifewatch.eu:/srv/eng/catalog.search#/metadata/oai:marineinfo.org:id:dataset:1865"], "keywords": ["Marine birds Marine mammals Sea turtles"], "geographicCoverage": ["Geographic Description PS, SouthernOcean Bounding Box West Bounding Coordinate 180 East Bounding Coordinate 180 North Bounding Coordinate 60 South Bounding Coordinate 90"], "westBoundingCoordinate": ["180"], "eastBoundingCoordinate": ["180"], "northBoundingCoordinate": ["60"], "southBoundingCoordinate": ["90"], "dateCreated": ["N/A"], "temporalCoverageEndDate": ["N/A"], "license": ["http://seamap.env.duke.edu/"], "distribution": ["http://seamap.env.duke.edu/"], "distributionInfo": ["http://seamap.env.duke.edu/"], "identifier": ["https://metadatacatalogue.lifewatch.eu:/srv/eng/catalog.search#/metadata/oai:marineinfo.org:id:dataset:1865"], "accessibilitySummary": ["N/A"], "version": ["N/A"], "temporalCoverage": ["N/A"], "publisher": ["N/A"], "spatial": ["N/A"], "citation": ["N/A"], "genre": ["N/A"], "modificationDate": ["2021-12-02"], "image": ["N/A"], "thumbnailUrl": ["N/A"], "headline": ["Spatial Ecological Analysis of Megavertebrate Populations"], "abstract": ["The Spatial Ecological Analysis of Marine Megavertebrate Populations (SEAMAP) initiative, a node of theOceanBiodiversity Information System (OBIS), has developed a digital databaseof geo-referenced marine mammal, seabird and sea turtle distribution and abundancedata."], "theme": ["N/A"], "creditText": ["N/A"], "producer": ["\u00c2\u00a0Flanders Marine Institute(VLIZ) BEhttps://www.vliz.be"], "author": ["\u00c2\u00a0Flanders Marine Institute(VLIZ) BEhttps://www.vliz.be"], "spatialCoverage": [" PS SouthernOcean Bounding Box West Bounding Coordinate 180 East Bounding Coordinate 180 North Bounding Coordinate 60 South Bounding Coordinate 90"], "sponsor": ["N/A"], "size": ["N/A"], "sameAs": ["N/A"], "publication": ["N/A"], "provider": ["\u00c2\u00a0Flanders Marine Institute(VLIZ) BEhttps://www.vliz.be"], "position": ["N/A"], "measurementTechnique": ["N/A"], "material": ["N/A"], "maintainer": ["N/A"], "locationCreated": ["N/A"], "issn": ["N/A"], "isPartOf": ["N/A"], "isBasedOn": ["N/A"], "isAccessibleForFree": ["N/A"], "includedInDataCatalog": ["N/A"], "editor": ["N/A"], "editEIDR": ["N/A"], "copyrightYear": ["N/A"], "copyrightNotice": ["N/A"], "copyrightHolder": ["N/A"], "contributor": ["N/A"], "contentReferenceTime": ["N/A"], "contentLocation": ["N/A"], "character": ["N/A"], "acquireLicensePage": ["N/A"], "accessModeSufficient": ["N/A"], "about": ["N/A"], "rights": ["N/A"], "relation": ["N/A"], "qualifiedRelation": ["N/A"], "qualifiedAttribution": ["N/A"], "previousVersion": ["N/A"], "nextVersion": ["N/A"], "landingPage": ["N/A"], "isReferencedBy": ["N/A"], "hasVersion": ["N/A"], "hasPolicy": ["N/A"], "hasCurrentVersion": ["N/A"], "useConstraints": ["N/A"], "status": ["N/A"], "spatialRepresentationType": ["N/A"], "scope": ["N/A"], "purpose": ["N/A"], "otherLocale": ["N/A"], "metadataProfile": ["N/A"], "metadataLinkage": ["N/A"], "metadataIdentifier": ["N/A"], "environmentDescription": ["N/A"], "contentInfo": ["N/A"], "ResearchInfrastructure": ["LifeWatch"], "EssentialVariables": ["N/A"], "potentialTopics": ["N/A"]}