{"url": ["https://metadatacatalogue.lifewatch.eu:/srv/api/records/oai:marineinfo.org:id:dataset:1832"], "name": ["Historical data on invertebrates from the Baltic Sea and Gdansk Bay"], "description": ["Historical benthic dredge samplesfrom the southern baltic and the Gulf of Gdansk"], "datePublished": ["2021-12-02"], "language": ["en"], "creator": ["\u00c2\u00a0Christian-Albrechts-University Kiel Leibniz Institute of Marine Sciences DE "], "metadataProvider": ["\u00c2\u00a0Flanders Marine Institute(VLIZ) BEhttps://www.vliz.be"], "contact": ["\u00c2\u00a0Christian-Albrechts-University Kiel; Leibniz Institute of Marine Sciences- Dirk Fleischer "], "associatedParty": [" pointOfContact\u00c2\u00a0Christian-Albrechts-University Kiel; Leibniz Institute of Marine Sciences- Heye Rumohr "], "licenseInformation": [" Intellectual Rights This work is licensed under a Creative Commons Attribution (CC-BY) 4.0 License .\u00c2\u00a0 "], "downloadLink": ["https://metadatacatalogue.lifewatch.eu:/srv/eng/catalog.search#/metadata/oai:marineinfo.org:id:dataset:1832"], "keywords": ["Benthos"], "geographicCoverage": ["Geographic Description ANE, Baltic"], "westBoundingCoordinate": ["11.32868"], "eastBoundingCoordinate": ["19.498"], "northBoundingCoordinate": ["55.498"], "southBoundingCoordinate": ["54.0498"], "dateCreated": ["1880-07-01"], "temporalCoverageEndDate": ["1881-08-01"], "license": ["N/A"], "distribution": ["N/A"], "distributionInfo": ["N/A"], "identifier": ["https://metadatacatalogue.lifewatch.eu:/srv/eng/catalog.search#/metadata/oai:marineinfo.org:id:dataset:1832"], "accessibilitySummary": ["N/A"], "version": ["N/A"], "temporalCoverage": ["N/A"], "publisher": ["N/A"], "spatial": ["N/A"], "citation": ["N/A"], "genre": ["N/A"], "modificationDate": ["2021-12-02"], "image": ["N/A"], "thumbnailUrl": ["N/A"], "headline": ["Historical data on invertebrates from the Baltic Sea and Gdansk Bay"], "abstract": ["Historical benthic dredge samplesfrom the southern baltic and the Gulf of Gdansk"], "theme": ["N/A"], "creditText": ["N/A"], "producer": ["\u00c2\u00a0Christian-Albrechts-University Kiel Leibniz Institute of Marine Sciences DE "], "author": ["\u00c2\u00a0Christian-Albrechts-University Kiel Leibniz Institute of Marine Sciences DE "], "spatialCoverage": [" Baltic"], "sponsor": ["N/A"], "size": ["N/A"], "sameAs": ["N/A"], "publication": ["N/A"], "provider": ["\u00c2\u00a0Christian-Albrechts-University Kiel Leibniz Institute of Marine Sciences DE "], "position": ["N/A"], "measurementTechnique": ["N/A"], "material": ["N/A"], "maintainer": ["N/A"], "locationCreated": ["N/A"], "issn": ["N/A"], "isPartOf": ["N/A"], "isBasedOn": ["N/A"], "isAccessibleForFree": ["N/A"], "includedInDataCatalog": ["N/A"], "editor": ["N/A"], "editEIDR": ["N/A"], "copyrightYear": ["N/A"], "copyrightNotice": ["N/A"], "copyrightHolder": ["N/A"], "contributor": ["N/A"], "contentReferenceTime": ["N/A"], "contentLocation": ["N/A"], "character": ["N/A"], "acquireLicensePage": ["N/A"], "accessModeSufficient": ["N/A"], "about": ["N/A"], "rights": ["N/A"], "relation": ["N/A"], "qualifiedRelation": ["N/A"], "qualifiedAttribution": ["N/A"], "previousVersion": ["N/A"], "nextVersion": ["N/A"], "landingPage": ["N/A"], "isReferencedBy": ["N/A"], "hasVersion": ["N/A"], "hasPolicy": ["N/A"], "hasCurrentVersion": ["N/A"], "useConstraints": ["N/A"], "status": ["N/A"], "spatialRepresentationType": ["N/A"], "scope": ["N/A"], "purpose": ["N/A"], "otherLocale": ["N/A"], "metadataProfile": ["N/A"], "metadataLinkage": ["N/A"], "metadataIdentifier": ["N/A"], "environmentDescription": ["N/A"], "contentInfo": ["N/A"], "ResearchInfrastructure": ["LifeWatch"], "EssentialVariables": ["N/A"], "potentialTopics": ["N/A"]}