{"url": ["https://metadatacatalogue.lifewatch.eu:/srv/api/records/oai:marineinfo.org:id:dataset:4510"], "name": ["Typhloplanoida from the southern hemisphere (Zanzibar, Kenya, Kerguelen, Australia and Weddell Sea)"], "description": ["List of Typhloplanoida with type localitiesfound in Zanzibar, Kenya, Kerguelen,Australia and the Weddell sea between 1985 and 1997. The data were digitized by VLIZfrom the original report: Vermin, W. (1998).Typhloplanoida (Turbellaria, Plathelminthes) van het zuidelijk halfrond.BSc Thesis. Universiteit Gent: Gent. 75, figurespp."], "datePublished": ["2021-12-02"], "language": ["en"], "creator": ["\u00c2\u00a0Limburgs UniversitairCentrum- Ernest Schockaert "], "metadataProvider": ["\u00c2\u00a0Flanders Marine Institute(VLIZ) BEhttps://www.vliz.be"], "contact": ["\u00c2\u00a0Vlaams Instituut voor de Zee BE "], "associatedParty": [" custodianSteward\u00c2\u00a0Vlaams Instituut voor de Zee BE "], "licenseInformation": [" Intellectual Rights This work is licensed under a Creative Commons Attribution (CC-BY) 4.0 License .\u00c2\u00a0 "], "downloadLink": ["https://metadatacatalogue.lifewatch.eu:/geonetwork/eng/catalog.search#/metadata/oai:marineinfo.org:id:dataset:4510"], "keywords": ["Type localities"], "geographicCoverage": ["Geographic Description ISEW, Australia"], "westBoundingCoordinate": ["N/A"], "eastBoundingCoordinate": ["N/A"], "northBoundingCoordinate": ["N/A"], "southBoundingCoordinate": ["N/A"], "dateCreated": ["1985-01-01"], "temporalCoverageEndDate": ["1997-01-01"], "license": ["N/A"], "distribution": ["N/A"], "distributionInfo": ["N/A"], "identifier": ["https://metadatacatalogue.lifewatch.eu:/geonetwork/eng/catalog.search#/metadata/oai:marineinfo.org:id:dataset:4510"], "accessibilitySummary": ["N/A"], "version": ["N/A"], "temporalCoverage": ["N/A"], "publisher": ["N/A"], "spatial": ["N/A"], "citation": ["N/A"], "genre": ["N/A"], "modificationDate": ["2021-12-02"], "image": ["N/A"], "thumbnailUrl": ["N/A"], "headline": ["Typhloplanoida from the southern hemisphere (Zanzibar, Kenya, Kerguelen, Australia and Weddell Sea)"], "abstract": ["List of Typhloplanoida with type localitiesfound in Zanzibar, Kenya, Kerguelen,Australia and the Weddell sea between 1985 and 1997. The data were digitized by VLIZfrom the original report: Vermin, W. (1998).Typhloplanoida (Turbellaria, Plathelminthes) van het zuidelijk halfrond.BSc Thesis. Universiteit Gent: Gent. 75, figurespp."], "theme": ["N/A"], "creditText": ["N/A"], "producer": ["\u00c2\u00a0Limburgs UniversitairCentrum- Ernest Schockaert "], "author": ["\u00c2\u00a0Limburgs UniversitairCentrum- Ernest Schockaert "], "spatialCoverage": [" ISEW Australia"], "sponsor": ["N/A"], "size": ["N/A"], "sameAs": ["N/A"], "publication": ["N/A"], "provider": ["\u00c2\u00a0Limburgs UniversitairCentrum- Ernest Schockaert "], "position": ["N/A"], "measurementTechnique": ["N/A"], "material": ["N/A"], "maintainer": ["N/A"], "locationCreated": ["N/A"], "issn": ["N/A"], "isPartOf": ["N/A"], "isBasedOn": ["N/A"], "isAccessibleForFree": ["N/A"], "includedInDataCatalog": ["N/A"], "editor": ["N/A"], "editEIDR": ["N/A"], "copyrightYear": ["N/A"], "copyrightNotice": ["N/A"], "copyrightHolder": ["N/A"], "contributor": ["N/A"], "contentReferenceTime": ["N/A"], "contentLocation": ["N/A"], "character": ["N/A"], "acquireLicensePage": ["N/A"], "accessModeSufficient": ["N/A"], "about": ["N/A"], "rights": ["N/A"], "relation": ["N/A"], "qualifiedRelation": ["N/A"], "qualifiedAttribution": ["N/A"], "previousVersion": ["N/A"], "nextVersion": ["N/A"], "landingPage": ["N/A"], "isReferencedBy": ["N/A"], "hasVersion": ["N/A"], "hasPolicy": ["N/A"], "hasCurrentVersion": ["N/A"], "useConstraints": ["N/A"], "status": ["N/A"], "spatialRepresentationType": ["N/A"], "scope": ["N/A"], "purpose": ["N/A"], "otherLocale": ["N/A"], "metadataProfile": ["N/A"], "metadataLinkage": ["N/A"], "metadataIdentifier": ["N/A"], "environmentDescription": ["N/A"], "contentInfo": ["N/A"], "ResearchInfrastructure": ["LifeWatch"], "EssentialVariables": ["N/A"], "potentialTopics": ["N/A"]}