{"url": ["https://metadatacatalogue.lifewatch.eu:/geonetwork/api/records/oai:marineinfo.org:id:dataset:4613"], "name": ["Harpacticoida from a field survey in the White Sea in 2000"], "description": ["Data originated from a field studyonharpacticoida carried out in theChernaya River estuary of Kandalaksha(White Sea) in July - October 2000. The aim of the studywas to assess the colonizationpatterns of Harpacticoida according todifferent sediment conditions."], "datePublished": ["2021-12-02"], "language": ["en"], "creator": ["\u00c2\u00a0Lomonosov Moscow StateUniversity "], "metadataProvider": ["\u00c2\u00a0Flanders Marine Institute(VLIZ) BEhttps://www.vliz.be"], "contact": ["\u00c2\u00a0Moscow State University;Department of Hydrobiology- Andrey Azovsky "], "associatedParty": ["N/A"], "licenseInformation": [" Intellectual Rights This work is licensed under a Creative Commons Attribution (CC-BY) 4.0 License .\u00c2\u00a0 "], "downloadLink": ["https://metadatacatalogue.lifewatch.eu:/srv/eng/catalog.search#/metadata/oai:marineinfo.org:id:dataset:4613"], "keywords": ["N/A"], "geographicCoverage": ["Geographic Description EurOBIS calculated BBOX > station Bounding Box Bounding Box West Bounding Coordinate 32.93 East Bounding Coordinate 32.93 North Bounding Coordinate 66.52 South Bounding Coordinate 66.52"], "westBoundingCoordinate": ["32.93"], "eastBoundingCoordinate": ["32.93"], "northBoundingCoordinate": ["66.52"], "southBoundingCoordinate": ["66.52"], "dateCreated": ["2000-07-01"], "temporalCoverageEndDate": ["2000-10-01"], "license": ["N/A"], "distribution": ["N/A"], "distributionInfo": ["N/A"], "identifier": ["https://metadatacatalogue.lifewatch.eu:/srv/eng/catalog.search#/metadata/oai:marineinfo.org:id:dataset:4613"], "accessibilitySummary": ["N/A"], "version": ["N/A"], "temporalCoverage": ["N/A"], "publisher": ["N/A"], "spatial": ["N/A"], "citation": ["N/A"], "genre": ["N/A"], "modificationDate": ["2021-12-02"], "image": ["N/A"], "thumbnailUrl": ["N/A"], "headline": ["Harpacticoida from a field survey in the White Sea in 2000"], "abstract": ["Data originated from a field studyonharpacticoida carried out in theChernaya River estuary of Kandalaksha(White Sea) in July - October 2000. The aim of the studywas to assess the colonizationpatterns of Harpacticoida according todifferent sediment conditions."], "theme": ["N/A"], "creditText": ["N/A"], "producer": ["\u00c2\u00a0Lomonosov Moscow StateUniversity "], "author": ["\u00c2\u00a0Lomonosov Moscow StateUniversity "], "spatialCoverage": [" calculated BBOX > station Bounding Box Bounding Box West Bounding Coordinate 32.93 East Bounding Coordinate 32.93 North Bounding Coordinate 66.52 South Bounding Coordinate 66.52"], "sponsor": ["N/A"], "size": ["N/A"], "sameAs": ["N/A"], "publication": ["N/A"], "provider": ["\u00c2\u00a0Lomonosov Moscow StateUniversity "], "position": ["N/A"], "measurementTechnique": ["N/A"], "material": ["N/A"], "maintainer": ["N/A"], "locationCreated": ["N/A"], "issn": ["N/A"], "isPartOf": ["N/A"], "isBasedOn": ["N/A"], "isAccessibleForFree": ["N/A"], "includedInDataCatalog": ["N/A"], "editor": ["N/A"], "editEIDR": ["N/A"], "copyrightYear": ["N/A"], "copyrightNotice": ["N/A"], "copyrightHolder": ["N/A"], "contributor": ["N/A"], "contentReferenceTime": ["N/A"], "contentLocation": ["N/A"], "character": ["N/A"], "acquireLicensePage": ["N/A"], "accessModeSufficient": ["N/A"], "about": ["N/A"], "rights": ["N/A"], "relation": ["N/A"], "qualifiedRelation": ["N/A"], "qualifiedAttribution": ["N/A"], "previousVersion": ["N/A"], "nextVersion": ["N/A"], "landingPage": ["N/A"], "isReferencedBy": ["N/A"], "hasVersion": ["N/A"], "hasPolicy": ["N/A"], "hasCurrentVersion": ["N/A"], "useConstraints": ["N/A"], "status": ["N/A"], "spatialRepresentationType": ["N/A"], "scope": ["N/A"], "purpose": ["N/A"], "otherLocale": ["N/A"], "metadataProfile": ["N/A"], "metadataLinkage": ["N/A"], "metadataIdentifier": ["N/A"], "environmentDescription": ["N/A"], "contentInfo": ["N/A"], "ResearchInfrastructure": ["LifeWatch"], "EssentialVariables": ["N/A"], "potentialTopics": ["N/A"]}