{"url": ["https://metadatacatalogue.lifewatch.eu:/geonetwork/api/records/oai:marineinfo.org:id:dataset:5180"], "name": ["Meiobenthos of 5 mangrove vegetation types at Gazi Bay (Kenya) in August 1989"], "description": ["Vertical distribution data of meiobenthos at <i>Avicennia</i>,<i>Bruguiera</i>,<i>Ceriops</i>, <i>Rhizophora</i> and <i>Sonneratia</i> and abiotic factorsof the sediment sampled on the 7th of August1989 in Gazi Bay (Kenya).The data were digitized by VLIZ fromthe original report: Vanhove, S. (1990). Studie van de benthische meiofauna van vijf mangrove-vegetatietypes van Gazi Bay (Kenia)= Study of the meiobenthos of 5 mangrove vegetation types in Gazi Bay, Kenya. MSc Thesis. University of Gent:Faculty of Sciences: Gent. IX, 146, deel 2 tabellen en figuren pp."], "datePublished": ["2021-12-02"], "language": ["en"], "creator": ["\u00c2\u00a0Universiteit Gent; Faculteit Wetenschappen; Vakgroep Biologie "], "metadataProvider": ["\u00c2\u00a0Flanders Marine Institute(VLIZ) BEhttps://www.vliz.be"], "contact": ["\u00c2\u00a0Vlaams Instituut voor de Zee BE "], "associatedParty": [" custodianSteward\u00c2\u00a0Vlaams Instituut voor de Zee BE "], "licenseInformation": [" Intellectual Rights This work is licensed under a Creative Commons Attribution (CC-BY) 4.0 License .\u00c2\u00a0 "], "downloadLink": ["https://metadatacatalogue.lifewatch.eu:/geonetwork/eng/catalog.search#/metadata/oai:marineinfo.org:id:dataset:5180"], "keywords": ["Mangroves Meiobenthos Nutrients Sediment analysis Vegetation types Vertical distribution"], "geographicCoverage": ["Geographic Description ISW, Kenya, GaziBay"], "westBoundingCoordinate": ["N/A"], "eastBoundingCoordinate": ["N/A"], "northBoundingCoordinate": ["N/A"], "southBoundingCoordinate": ["N/A"], "dateCreated": ["1989-08-07"], "temporalCoverageEndDate": ["1989-08-07"], "license": ["N/A"], "distribution": ["N/A"], "distributionInfo": ["N/A"], "identifier": ["https://metadatacatalogue.lifewatch.eu:/geonetwork/eng/catalog.search#/metadata/oai:marineinfo.org:id:dataset:5180"], "accessibilitySummary": ["N/A"], "version": ["N/A"], "temporalCoverage": ["N/A"], "publisher": ["N/A"], "spatial": ["N/A"], "citation": ["N/A"], "genre": ["N/A"], "modificationDate": ["2021-12-02"], "image": ["N/A"], "thumbnailUrl": ["N/A"], "headline": ["Meiobenthos of 5 mangrove vegetation types at Gazi Bay (Kenya) in August 1989"], "abstract": ["Vertical distribution data of meiobenthos at <i>Avicennia</i>,<i>Bruguiera</i>,<i>Ceriops</i>, <i>Rhizophora</i> and <i>Sonneratia</i> and abiotic factorsof the sediment sampled on the 7th of August1989 in Gazi Bay (Kenya).The data were digitized by VLIZ fromthe original report: Vanhove, S. (1990). Studie van de benthische meiofauna van vijf mangrove-vegetatietypes van Gazi Bay (Kenia)= Study of the meiobenthos of 5 mangrove vegetation types in Gazi Bay, Kenya. MSc Thesis. University of Gent:Faculty of Sciences: Gent. IX, 146, deel 2 tabellen en figuren pp."], "theme": ["N/A"], "creditText": ["N/A"], "producer": ["\u00c2\u00a0Universiteit Gent; Faculteit Wetenschappen; Vakgroep Biologie "], "author": ["\u00c2\u00a0Universiteit Gent; Faculteit Wetenschappen; Vakgroep Biologie "], "spatialCoverage": [" Kenya GaziBay"], "sponsor": ["N/A"], "size": ["N/A"], "sameAs": ["N/A"], "publication": ["N/A"], "provider": ["\u00c2\u00a0Universiteit Gent; Faculteit Wetenschappen; Vakgroep Biologie "], "position": ["N/A"], "measurementTechnique": ["N/A"], "material": ["N/A"], "maintainer": ["N/A"], "locationCreated": ["N/A"], "issn": ["N/A"], "isPartOf": ["N/A"], "isBasedOn": ["N/A"], "isAccessibleForFree": ["N/A"], "includedInDataCatalog": ["N/A"], "editor": ["N/A"], "editEIDR": ["N/A"], "copyrightYear": ["N/A"], "copyrightNotice": ["N/A"], "copyrightHolder": ["N/A"], "contributor": ["N/A"], "contentReferenceTime": ["N/A"], "contentLocation": ["N/A"], "character": ["N/A"], "acquireLicensePage": ["N/A"], "accessModeSufficient": ["N/A"], "about": ["N/A"], "rights": ["N/A"], "relation": ["N/A"], "qualifiedRelation": ["N/A"], "qualifiedAttribution": ["N/A"], "previousVersion": ["N/A"], "nextVersion": ["N/A"], "landingPage": ["N/A"], "isReferencedBy": ["N/A"], "hasVersion": ["N/A"], "hasPolicy": ["N/A"], "hasCurrentVersion": ["N/A"], "useConstraints": ["N/A"], "status": ["N/A"], "spatialRepresentationType": ["N/A"], "scope": ["N/A"], "purpose": ["N/A"], "otherLocale": ["N/A"], "metadataProfile": ["N/A"], "metadataLinkage": ["N/A"], "metadataIdentifier": ["N/A"], "environmentDescription": ["N/A"], "contentInfo": ["N/A"], "ResearchInfrastructure": ["LifeWatch"], "EssentialVariables": ["N/A"], "potentialTopics": ["N/A"]}