{"url": ["https://metadatacatalogue.lifewatch.eu:/geonetwork/api/records/oai:marineinfo.org:id:dataset:3163"], "name": ["Continuous Plankton Recorder Dataset (NOAA) - Phytoplankton"], "description": ["Continuous Phytoplankton Recorder Survey by NOAA in the Northwest Atlantic, the Gulf of Maine and the Mid AtlanticBight."], "datePublished": ["2021-12-02"], "language": ["en"], "creator": ["\u00c2\u00a0National Oceanic and AtmosphericAdministration- Chris Melrose "], "metadataProvider": ["\u00c2\u00a0Flanders Marine Institute(VLIZ) BEhttps://www.vliz.be"], "contact": ["\u00c2\u00a0National Oceanic and AtmosphericAdministration- Chris Melrose "], "associatedParty": [" publisher\u00c2\u00a0The Sir Alister Hardy Foundationfor Ocean Science TheLaboratory "], "licenseInformation": [" Intellectual Rights Restricted\u00c2\u00a0 "], "downloadLink": ["https://metadatacatalogue.lifewatch.eu:/geonetwork/eng/catalog.search#/metadata/oai:marineinfo.org:id:dataset:3163"], "keywords": ["Biological monitoring Plankton surveys"], "geographicCoverage": ["Geographic Description ANW, North WestAtlantic Bounding Box West Bounding Coordinate -74 East Bounding Coordinate -65 North Bounding Coordinate 43.5 South Bounding Coordinate 37"], "westBoundingCoordinate": ["-74"], "eastBoundingCoordinate": ["-65"], "northBoundingCoordinate": ["43.5"], "southBoundingCoordinate": ["37"], "dateCreated": ["1961-07-16"], "temporalCoverageEndDate": ["2010-07-11"], "license": ["N/A"], "distribution": ["N/A"], "distributionInfo": ["N/A"], "identifier": ["https://metadatacatalogue.lifewatch.eu:/geonetwork/eng/catalog.search#/metadata/oai:marineinfo.org:id:dataset:3163"], "accessibilitySummary": ["N/A"], "version": ["N/A"], "temporalCoverage": ["N/A"], "publisher": ["N/A"], "spatial": ["N/A"], "citation": ["N/A"], "genre": ["N/A"], "modificationDate": ["2021-12-02"], "image": ["N/A"], "thumbnailUrl": ["N/A"], "headline": ["Continuous Plankton Recorder Dataset (NOAA) - Phytoplankton"], "abstract": ["Continuous Phytoplankton Recorder Survey by NOAA in the Northwest Atlantic, the Gulf of Maine and the Mid AtlanticBight."], "theme": ["N/A"], "creditText": ["N/A"], "producer": ["\u00c2\u00a0National Oceanic and AtmosphericAdministration- Chris Melrose "], "author": ["\u00c2\u00a0National Oceanic and AtmosphericAdministration- Chris Melrose "], "spatialCoverage": [" North WestAtlantic Bounding Box West Bounding Coordinate -74 East Bounding Coordinate -65 North Bounding Coordinate 43.5 South Bounding Coordinate 37"], "sponsor": ["N/A"], "size": ["N/A"], "sameAs": ["N/A"], "publication": ["N/A"], "provider": ["\u00c2\u00a0National Oceanic and AtmosphericAdministration- Chris Melrose "], "position": ["N/A"], "measurementTechnique": ["N/A"], "material": ["N/A"], "maintainer": ["N/A"], "locationCreated": ["N/A"], "issn": ["N/A"], "isPartOf": ["N/A"], "isBasedOn": ["N/A"], "isAccessibleForFree": ["N/A"], "includedInDataCatalog": ["N/A"], "editor": ["N/A"], "editEIDR": ["N/A"], "copyrightYear": ["N/A"], "copyrightNotice": ["N/A"], "copyrightHolder": ["N/A"], "contributor": ["N/A"], "contentReferenceTime": ["N/A"], "contentLocation": ["N/A"], "character": ["N/A"], "acquireLicensePage": ["N/A"], "accessModeSufficient": ["N/A"], "about": ["N/A"], "rights": ["N/A"], "relation": ["N/A"], "qualifiedRelation": ["N/A"], "qualifiedAttribution": ["N/A"], "previousVersion": ["N/A"], "nextVersion": ["N/A"], "landingPage": ["N/A"], "isReferencedBy": ["N/A"], "hasVersion": ["N/A"], "hasPolicy": ["N/A"], "hasCurrentVersion": ["N/A"], "useConstraints": ["N/A"], "status": ["N/A"], "spatialRepresentationType": ["N/A"], "scope": ["N/A"], "purpose": ["N/A"], "otherLocale": ["N/A"], "metadataProfile": ["N/A"], "metadataLinkage": ["N/A"], "metadataIdentifier": ["N/A"], "environmentDescription": ["N/A"], "contentInfo": ["N/A"], "ResearchInfrastructure": ["LifeWatch"], "EssentialVariables": ["N/A"], "potentialTopics": ["N/A"]}