{"url": ["https://metadatacatalogue.lifewatch.eu:/srv/api/records/oai:marineinfo.org:id:dataset:668"], "name": ["Size of Atlantic nematodes"], "description": ["In the framework of the OMEX-programme(Ocean Margin Exchange, CEC-MAST II), datawerecollected on the metazoan meiobenthos along the continental slope of the GobanSpur."], "datePublished": ["2021-12-02"], "language": ["en"], "creator": ["\u00c2\u00a0Koninklijk Nederlands Instituut voorOnderzoek der Zee NIOZYerseke NL "], "metadataProvider": ["\u00c2\u00a0Flanders Marine Institute(VLIZ) BEhttps://www.vliz.be"], "contact": ["\u00c2\u00a0Flanders Marine Institute(VLIZ) BEhttps://www.vliz.be"], "associatedParty": ["N/A"], "licenseInformation": [" Intellectual Rights This work is licensed under a Creative Commons Attribution (CC-BY) 4.0 License .\u00c2\u00a0 "], "downloadLink": ["https://metadatacatalogue.lifewatch.eu:/srv/eng/catalog.search#/metadata/oai:marineinfo.org:id:dataset:668"], "keywords": ["Deep sea Meiobenthos"], "geographicCoverage": ["Geographic Description ANE, Atlantic, GobanSpur"], "westBoundingCoordinate": ["-11.73666667"], "eastBoundingCoordinate": ["-8.62"], "northBoundingCoordinate": ["44.16666667"], "southBoundingCoordinate": ["39.51266667"], "dateCreated": ["1994-05-23"], "temporalCoverageEndDate": ["1999-05-26"], "license": ["N/A"], "distribution": ["N/A"], "distributionInfo": ["N/A"], "identifier": ["https://metadatacatalogue.lifewatch.eu:/srv/eng/catalog.search#/metadata/oai:marineinfo.org:id:dataset:668"], "accessibilitySummary": ["N/A"], "version": ["N/A"], "temporalCoverage": ["N/A"], "publisher": ["N/A"], "spatial": ["N/A"], "citation": ["N/A"], "genre": ["N/A"], "modificationDate": ["2021-12-02"], "image": ["N/A"], "thumbnailUrl": ["N/A"], "headline": ["Size of Atlantic nematodes"], "abstract": ["In the framework of the OMEX-programme(Ocean Margin Exchange, CEC-MAST II), datawerecollected on the metazoan meiobenthos along the continental slope of the GobanSpur."], "theme": ["N/A"], "creditText": ["N/A"], "producer": ["\u00c2\u00a0Koninklijk Nederlands Instituut voorOnderzoek der Zee NIOZYerseke NL "], "author": ["\u00c2\u00a0Koninklijk Nederlands Instituut voorOnderzoek der Zee NIOZYerseke NL "], "spatialCoverage": [" Atlantic GobanSpur"], "sponsor": ["N/A"], "size": ["N/A"], "sameAs": ["N/A"], "publication": ["N/A"], "provider": ["\u00c2\u00a0Koninklijk Nederlands Instituut voorOnderzoek der Zee NIOZYerseke NL "], "position": ["N/A"], "measurementTechnique": ["N/A"], "material": ["N/A"], "maintainer": ["N/A"], "locationCreated": ["N/A"], "issn": ["N/A"], "isPartOf": ["N/A"], "isBasedOn": ["N/A"], "isAccessibleForFree": ["N/A"], "includedInDataCatalog": ["N/A"], "editor": ["N/A"], "editEIDR": ["N/A"], "copyrightYear": ["N/A"], "copyrightNotice": ["N/A"], "copyrightHolder": ["N/A"], "contributor": ["N/A"], "contentReferenceTime": ["N/A"], "contentLocation": ["N/A"], "character": ["N/A"], "acquireLicensePage": ["N/A"], "accessModeSufficient": ["N/A"], "about": ["N/A"], "rights": ["N/A"], "relation": ["N/A"], "qualifiedRelation": ["N/A"], "qualifiedAttribution": ["N/A"], "previousVersion": ["N/A"], "nextVersion": ["N/A"], "landingPage": ["N/A"], "isReferencedBy": ["N/A"], "hasVersion": ["N/A"], "hasPolicy": ["N/A"], "hasCurrentVersion": ["N/A"], "useConstraints": ["N/A"], "status": ["N/A"], "spatialRepresentationType": ["N/A"], "scope": ["N/A"], "purpose": ["N/A"], "otherLocale": ["N/A"], "metadataProfile": ["N/A"], "metadataLinkage": ["N/A"], "metadataIdentifier": ["N/A"], "environmentDescription": ["N/A"], "contentInfo": ["N/A"], "ResearchInfrastructure": ["LifeWatch"], "EssentialVariables": ["N/A"], "potentialTopics": ["N/A"]}