{"url": ["https://metadatacatalogue.lifewatch.eu:/srv/api/records/oai:marineinfo.org:id:dataset:4440"], "name": ["IMR Herring larvae monitoring"], "description": ["Abundance and distribution of herringlarvae are investigated using Gulf III and T-80plankton samplers on surveys conducted in March/April along the Norwegiancoast."], "datePublished": ["2021-12-02"], "language": ["en"], "creator": ["\u00c2\u00a0Institute of MarineResearch- Erling K\u00c3\u00a5re Stenevik "], "metadataProvider": ["\u00c2\u00a0Flanders Marine Institute(VLIZ) BEhttps://www.vliz.be"], "contact": ["\u00c2\u00a0Institute of MarineResearch- Erling K\u00c3\u00a5re Stenevik "], "associatedParty": [" custodianSteward\u00c2\u00a0Institute of MarineResearch "], "licenseInformation": [" Intellectual Rights This work is licensed under a Creative Commons Attribution (CC-BY) 4.0 License .\u00c2\u00a0 "], "downloadLink": ["https://metadatacatalogue.lifewatch.eu:/srv/eng/catalog.search#/metadata/oai:marineinfo.org:id:dataset:4440"], "keywords": ["Fish larvae"], "geographicCoverage": ["Geographic Description ANE, NorwegianSea"], "westBoundingCoordinate": ["3.6667"], "eastBoundingCoordinate": ["20"], "northBoundingCoordinate": ["70.6667"], "southBoundingCoordinate": ["58.05"], "dateCreated": ["N/A"], "temporalCoverageEndDate": ["N/A"], "license": ["N/A"], "distribution": ["N/A"], "distributionInfo": ["N/A"], "identifier": ["https://metadatacatalogue.lifewatch.eu:/srv/eng/catalog.search#/metadata/oai:marineinfo.org:id:dataset:4440"], "accessibilitySummary": ["N/A"], "version": ["N/A"], "temporalCoverage": ["N/A"], "publisher": ["N/A"], "spatial": ["N/A"], "citation": ["N/A"], "genre": ["N/A"], "modificationDate": ["2021-12-02"], "image": ["N/A"], "thumbnailUrl": ["N/A"], "headline": ["IMR Herring larvae monitoring"], "abstract": ["Abundance and distribution of herringlarvae are investigated using Gulf III and T-80plankton samplers on surveys conducted in March/April along the Norwegiancoast."], "theme": ["N/A"], "creditText": ["N/A"], "producer": ["\u00c2\u00a0Institute of MarineResearch- Erling K\u00c3\u00a5re Stenevik "], "author": ["\u00c2\u00a0Institute of MarineResearch- Erling K\u00c3\u00a5re Stenevik "], "spatialCoverage": [" NorwegianSea"], "sponsor": ["N/A"], "size": ["N/A"], "sameAs": ["N/A"], "publication": ["N/A"], "provider": ["\u00c2\u00a0Institute of MarineResearch- Erling K\u00c3\u00a5re Stenevik "], "position": ["N/A"], "measurementTechnique": ["N/A"], "material": ["N/A"], "maintainer": ["N/A"], "locationCreated": ["N/A"], "issn": ["N/A"], "isPartOf": ["N/A"], "isBasedOn": ["N/A"], "isAccessibleForFree": ["N/A"], "includedInDataCatalog": ["N/A"], "editor": ["N/A"], "editEIDR": ["N/A"], "copyrightYear": ["N/A"], "copyrightNotice": ["N/A"], "copyrightHolder": ["N/A"], "contributor": ["N/A"], "contentReferenceTime": ["N/A"], "contentLocation": ["N/A"], "character": ["N/A"], "acquireLicensePage": ["N/A"], "accessModeSufficient": ["N/A"], "about": ["N/A"], "rights": ["N/A"], "relation": ["N/A"], "qualifiedRelation": ["N/A"], "qualifiedAttribution": ["N/A"], "previousVersion": ["N/A"], "nextVersion": ["N/A"], "landingPage": ["N/A"], "isReferencedBy": ["N/A"], "hasVersion": ["N/A"], "hasPolicy": ["N/A"], "hasCurrentVersion": ["N/A"], "useConstraints": ["N/A"], "status": ["N/A"], "spatialRepresentationType": ["N/A"], "scope": ["N/A"], "purpose": ["N/A"], "otherLocale": ["N/A"], "metadataProfile": ["N/A"], "metadataLinkage": ["N/A"], "metadataIdentifier": ["N/A"], "environmentDescription": ["N/A"], "contentInfo": ["N/A"], "ResearchInfrastructure": ["LifeWatch"], "EssentialVariables": ["N/A"], "potentialTopics": ["N/A"]}