{"url": ["https://metadatacatalogue.lifewatch.eu:/srv/api/records/oai:marineinfo.org:id:dataset:5482"], "name": ["Periphytal turbellarians in the Bay of Calvi (Corsica) sampled in 1982 and 1983"], "description": ["Occurrence (presence/absence) of Turbellaria on algae and <i>Posidoniaoceanica</i> sampled between 06 May1982 and 22 November 1983 at Calvi Bay (Corsica).The data were digitized by VLIZ from theoriginalreport: Martens, P.M. (1983). Periphytale Turbellaria in de Baaivan Calvi, in: FKFO Project2.9007.82.Systematiek en ecologie van mariene organismen: verslag over het tweede werkingsjaar 1983. pp. 71-73."], "datePublished": ["2021-12-02"], "language": ["en"], "creator": ["\u00c2\u00a0Limburgs UniversitairCentrum "], "metadataProvider": ["\u00c2\u00a0Flanders Marine Institute(VLIZ) BEhttps://www.vliz.be"], "contact": ["\u00c2\u00a0Vlaams Instituut voor de Zee BE "], "associatedParty": [" custodianSteward\u00c2\u00a0Vlaams Instituut voor de Zee BE "], "licenseInformation": [" Intellectual Rights This work is licensed under a Creative Commons Attribution (CC-BY) 4.0 License .\u00c2\u00a0 "], "downloadLink": ["https://metadatacatalogue.lifewatch.eu:/srv/eng/catalog.search#/metadata/oai:marineinfo.org:id:dataset:5482"], "keywords": ["Periphyton"], "geographicCoverage": ["Geographic Description EurOBIS calculated BBOX > station Bounding Box Bounding Box West Bounding Coordinate 8.72566 East Bounding Coordinate 8.73959 North Bounding Coordinate 42.58439 South Bounding Coordinate 42.56879"], "westBoundingCoordinate": ["8.72566"], "eastBoundingCoordinate": ["8.73959"], "northBoundingCoordinate": ["42.58439"], "southBoundingCoordinate": ["42.56879"], "dateCreated": ["1982-05-06"], "temporalCoverageEndDate": ["1983-11-22"], "license": ["N/A"], "distribution": ["N/A"], "distributionInfo": ["N/A"], "identifier": ["https://metadatacatalogue.lifewatch.eu:/srv/eng/catalog.search#/metadata/oai:marineinfo.org:id:dataset:5482"], "accessibilitySummary": ["N/A"], "version": ["N/A"], "temporalCoverage": ["N/A"], "publisher": ["N/A"], "spatial": ["N/A"], "citation": ["N/A"], "genre": ["N/A"], "modificationDate": ["2021-12-02"], "image": ["N/A"], "thumbnailUrl": ["N/A"], "headline": ["Periphytal turbellarians in the Bay of Calvi (Corsica) sampled in 1982 and 1983"], "abstract": ["Occurrence (presence/absence) of Turbellaria on algae and <i>Posidoniaoceanica</i> sampled between 06 May1982 and 22 November 1983 at Calvi Bay (Corsica).The data were digitized by VLIZ from theoriginalreport: Martens, P.M. (1983). Periphytale Turbellaria in de Baaivan Calvi, in: FKFO Project2.9007.82.Systematiek en ecologie van mariene organismen: verslag over het tweede werkingsjaar 1983. pp. 71-73."], "theme": ["N/A"], "creditText": ["N/A"], "producer": ["\u00c2\u00a0Limburgs UniversitairCentrum "], "author": ["\u00c2\u00a0Limburgs UniversitairCentrum "], "spatialCoverage": [" calculated BBOX > station Bounding Box Bounding Box West Bounding Coordinate 8.72566 East Bounding Coordinate 8.73959 North Bounding Coordinate 42.58439 South Bounding Coordinate 42.56879"], "sponsor": ["N/A"], "size": ["N/A"], "sameAs": ["N/A"], "publication": ["N/A"], "provider": ["\u00c2\u00a0Limburgs UniversitairCentrum "], "position": ["N/A"], "measurementTechnique": ["N/A"], "material": ["N/A"], "maintainer": ["N/A"], "locationCreated": ["N/A"], "issn": ["N/A"], "isPartOf": ["N/A"], "isBasedOn": ["N/A"], "isAccessibleForFree": ["N/A"], "includedInDataCatalog": ["N/A"], "editor": ["N/A"], "editEIDR": ["N/A"], "copyrightYear": ["N/A"], "copyrightNotice": ["N/A"], "copyrightHolder": ["N/A"], "contributor": ["N/A"], "contentReferenceTime": ["N/A"], "contentLocation": ["N/A"], "character": ["N/A"], "acquireLicensePage": ["N/A"], "accessModeSufficient": ["N/A"], "about": ["N/A"], "rights": ["N/A"], "relation": ["N/A"], "qualifiedRelation": ["N/A"], "qualifiedAttribution": ["N/A"], "previousVersion": ["N/A"], "nextVersion": ["N/A"], "landingPage": ["N/A"], "isReferencedBy": ["N/A"], "hasVersion": ["N/A"], "hasPolicy": ["N/A"], "hasCurrentVersion": ["N/A"], "useConstraints": ["N/A"], "status": ["N/A"], "spatialRepresentationType": ["N/A"], "scope": ["N/A"], "purpose": ["N/A"], "otherLocale": ["N/A"], "metadataProfile": ["N/A"], "metadataLinkage": ["N/A"], "metadataIdentifier": ["N/A"], "environmentDescription": ["N/A"], "contentInfo": ["N/A"], "ResearchInfrastructure": ["LifeWatch"], "EssentialVariables": ["N/A"], "potentialTopics": ["N/A"]}