{"url": ["https://metadatacatalogue.lifewatch.eu:/srv/api/records/oai:marineinfo.org:id:dataset:4667"], "name": ["Romanian Black Sea Phytoplankton data from 1956 - 1960"], "description": ["Phytoplankton data collected in the Black Sea between1956 and 1960 and processed by Hilarius Skolkaand Nicolae Bodeanu. This dataset contains abundance data (cellsper liter) and biomass(mg/m3) for individual phytoplankton taxa. Samples were taken by 1L Nansen bottle at standard depths. The standard sedimentation technique for samples preparation (Morozova-Vodianitkaia, 1954) was used."], "datePublished": ["2021-12-02"], "language": ["en"], "creator": ["\u00c2\u00a0National Institute for Marine Research and Development \"Grigore Antipa\" Constanta- Laura Boicenco "], "metadataProvider": ["\u00c2\u00a0Flanders Marine Institute(VLIZ) BEhttps://www.vliz.be"], "contact": ["\u00c2\u00a0National Institute for Marine Research and Development \"Grigore Antipa\" Constanta- Laura Boicenco "], "associatedParty": ["N/A"], "licenseInformation": [" Intellectual Rights This work is licensed under a Creative Commons Attribution (CC-BY) 4.0 License .\u00c2\u00a0 "], "downloadLink": ["https://metadatacatalogue.lifewatch.eu:/srv/eng/catalog.search#/metadata/oai:marineinfo.org:id:dataset:4667"], "keywords": ["N/A"], "geographicCoverage": ["Geographic Description Black Sea Plate"], "westBoundingCoordinate": ["28.61"], "eastBoundingCoordinate": ["32.9"], "northBoundingCoordinate": ["45.31"], "southBoundingCoordinate": ["43.8"], "dateCreated": ["1956-11-11"], "temporalCoverageEndDate": ["1960-12-30"], "license": ["N/A"], "distribution": ["N/A"], "distributionInfo": ["N/A"], "identifier": ["https://metadatacatalogue.lifewatch.eu:/srv/eng/catalog.search#/metadata/oai:marineinfo.org:id:dataset:4667"], "accessibilitySummary": ["N/A"], "version": ["N/A"], "temporalCoverage": ["N/A"], "publisher": ["N/A"], "spatial": ["N/A"], "citation": ["N/A"], "genre": ["N/A"], "modificationDate": ["2021-12-02"], "image": ["N/A"], "thumbnailUrl": ["N/A"], "headline": ["Romanian Black Sea Phytoplankton data from 1956 - 1960"], "abstract": ["Phytoplankton data collected in the Black Sea between1956 and 1960 and processed by Hilarius Skolkaand Nicolae Bodeanu. This dataset contains abundance data (cellsper liter) and biomass(mg/m3) for individual phytoplankton taxa. Samples were taken by 1L Nansen bottle at standard depths. The standard sedimentation technique for samples preparation (Morozova-Vodianitkaia, 1954) was used."], "theme": ["N/A"], "creditText": ["N/A"], "producer": ["\u00c2\u00a0National Institute for Marine Research and Development \"Grigore Antipa\" Constanta- Laura Boicenco "], "author": ["\u00c2\u00a0National Institute for Marine Research and Development \"Grigore Antipa\" Constanta- Laura Boicenco "], "spatialCoverage": [" Black Sea Plate"], "sponsor": ["N/A"], "size": ["N/A"], "sameAs": ["N/A"], "publication": ["N/A"], "provider": ["\u00c2\u00a0National Institute for Marine Research and Development \"Grigore Antipa\" Constanta- Laura Boicenco "], "position": ["N/A"], "measurementTechnique": ["N/A"], "material": ["N/A"], "maintainer": ["N/A"], "locationCreated": ["N/A"], "issn": ["N/A"], "isPartOf": ["N/A"], "isBasedOn": ["N/A"], "isAccessibleForFree": ["N/A"], "includedInDataCatalog": ["N/A"], "editor": ["N/A"], "editEIDR": ["N/A"], "copyrightYear": ["N/A"], "copyrightNotice": ["N/A"], "copyrightHolder": ["N/A"], "contributor": ["N/A"], "contentReferenceTime": ["N/A"], "contentLocation": ["N/A"], "character": ["N/A"], "acquireLicensePage": ["N/A"], "accessModeSufficient": ["N/A"], "about": ["N/A"], "rights": ["N/A"], "relation": ["N/A"], "qualifiedRelation": ["N/A"], "qualifiedAttribution": ["N/A"], "previousVersion": ["N/A"], "nextVersion": ["N/A"], "landingPage": ["N/A"], "isReferencedBy": ["N/A"], "hasVersion": ["N/A"], "hasPolicy": ["N/A"], "hasCurrentVersion": ["N/A"], "useConstraints": ["N/A"], "status": ["N/A"], "spatialRepresentationType": ["N/A"], "scope": ["N/A"], "purpose": ["N/A"], "otherLocale": ["N/A"], "metadataProfile": ["N/A"], "metadataLinkage": ["N/A"], "metadataIdentifier": ["N/A"], "environmentDescription": ["N/A"], "contentInfo": ["N/A"], "ResearchInfrastructure": ["LifeWatch"], "EssentialVariables": ["N/A"], "potentialTopics": ["N/A"]}