{"url": ["https://metadatacatalogue.lifewatch.eu:/srv/api/records/oai:marineinfo.org:id:dataset:5434"], "name": ["Trawl-survey data from the \u00e2\u0080\u009cexpedition Hvar\u00e2\u0080\u009d in the Adriatic Sea (Mediterranean) collected in 1948-1949"], "description": ["The \u00e2\u0080\u009cexpedition HVAR\u00e2\u0080\u009d (1948-1949), organised by the Institute ofOceanography and Fisheries of Split (IOF, Croatia), was the firstlarge-scalefishery-independent trawl-survey ever performed in the Adriatic Sea. The surveywas conducted with the motorboat\u00e2\u0080\u009cHvar\u00e2\u0080\u009d (250 HP;LOA = 25 m) in the territorial waters of the former Yugoslavia (currently territorial waters of the Republics of Slovenia, Croatia, Bosniaand Herzegovina and Montenegro) and Albania,and in the internationalwaters to approximately 20 nauticalmiles off the Italiancoast."], "datePublished": ["2021-12-02"], "language": ["en"], "creator": ["\u00c2\u00a0Italian National Institute for EnvironmentalProtection and Research; Branch office Chioggia "], "metadataProvider": ["\u00c2\u00a0Flanders Marine Institute(VLIZ) BEhttps://www.vliz.be"], "contact": ["\u00c2\u00a0Italian National Institute for EnvironmentalProtection and Research; Branch office Chioggia- Tomaso Fortibuoni "], "associatedParty": [" pointOfContact\u00c2\u00a0Italian National Institute for EnvironmentalProtection and Research; Branch office Chioggia- Otello Giovanardi "], "licenseInformation": [" Intellectual Rights This work is licensed under a Creative Commons Attribution (CC-BY) 4.0 License .\u00c2\u00a0 "], "downloadLink": ["https://metadatacatalogue.lifewatch.eu:/geonetwork/eng/catalog.search#/metadata/oai:marineinfo.org:id:dataset:5434"], "keywords": ["Demersal trawl Historical records Marine HistoricalEcology"], "geographicCoverage": ["Geographic Description EurOBIS calculated BBOX > station Bounding Box Bounding Box West Bounding Coordinate 13.11 East Bounding Coordinate 19.53 North Bounding Coordinate 45.3 South Bounding Coordinate 40.13"], "westBoundingCoordinate": ["13.11"], "eastBoundingCoordinate": ["19.53"], "northBoundingCoordinate": ["45.3"], "southBoundingCoordinate": ["40.13"], "dateCreated": ["1948-01-08"], "temporalCoverageEndDate": ["1949-03-31"], "license": ["N/A"], "distribution": ["N/A"], "distributionInfo": ["N/A"], "identifier": ["https://metadatacatalogue.lifewatch.eu:/geonetwork/eng/catalog.search#/metadata/oai:marineinfo.org:id:dataset:5434"], "accessibilitySummary": ["N/A"], "version": ["N/A"], "temporalCoverage": ["N/A"], "publisher": ["N/A"], "spatial": ["N/A"], "citation": ["N/A"], "genre": ["N/A"], "modificationDate": ["2021-12-02"], "image": ["N/A"], "thumbnailUrl": ["N/A"], "headline": ["Trawl-survey data from the \u00e2\u0080\u009cexpedition Hvar\u00e2\u0080\u009d in the Adriatic Sea (Mediterranean) collected in 1948-1949"], "abstract": ["The \u00e2\u0080\u009cexpedition HVAR\u00e2\u0080\u009d (1948-1949), organised by the Institute ofOceanography and Fisheries of Split (IOF, Croatia), was the firstlarge-scalefishery-independent trawl-survey ever performed in the Adriatic Sea. The surveywas conducted with the motorboat\u00e2\u0080\u009cHvar\u00e2\u0080\u009d (250 HP;LOA = 25 m) in the territorial waters of the former Yugoslavia (currently territorial waters of the Republics of Slovenia, Croatia, Bosniaand Herzegovina and Montenegro) and Albania,and in the internationalwaters to approximately 20 nauticalmiles off the Italiancoast."], "theme": ["N/A"], "creditText": ["N/A"], "producer": ["\u00c2\u00a0Italian National Institute for EnvironmentalProtection and Research; Branch office Chioggia "], "author": ["\u00c2\u00a0Italian National Institute for EnvironmentalProtection and Research; Branch office Chioggia "], "spatialCoverage": [" calculated BBOX > station Bounding Box Bounding Box West Bounding Coordinate 13.11 East Bounding Coordinate 19.53 North Bounding Coordinate 45.3 South Bounding Coordinate 40.13"], "sponsor": ["N/A"], "size": ["N/A"], "sameAs": ["N/A"], "publication": ["N/A"], "provider": ["\u00c2\u00a0Italian National Institute for EnvironmentalProtection and Research; Branch office Chioggia "], "position": ["N/A"], "measurementTechnique": ["N/A"], "material": ["N/A"], "maintainer": ["N/A"], "locationCreated": ["N/A"], "issn": ["N/A"], "isPartOf": ["N/A"], "isBasedOn": ["N/A"], "isAccessibleForFree": ["N/A"], "includedInDataCatalog": ["N/A"], "editor": ["N/A"], "editEIDR": ["N/A"], "copyrightYear": ["N/A"], "copyrightNotice": ["N/A"], "copyrightHolder": ["N/A"], "contributor": ["N/A"], "contentReferenceTime": ["N/A"], "contentLocation": ["N/A"], "character": ["N/A"], "acquireLicensePage": ["N/A"], "accessModeSufficient": ["N/A"], "about": ["N/A"], "rights": ["N/A"], "relation": ["N/A"], "qualifiedRelation": ["N/A"], "qualifiedAttribution": ["N/A"], "previousVersion": ["N/A"], "nextVersion": ["N/A"], "landingPage": ["N/A"], "isReferencedBy": ["N/A"], "hasVersion": ["N/A"], "hasPolicy": ["N/A"], "hasCurrentVersion": ["N/A"], "useConstraints": ["N/A"], "status": ["N/A"], "spatialRepresentationType": ["N/A"], "scope": ["N/A"], "purpose": ["N/A"], "otherLocale": ["N/A"], "metadataProfile": ["N/A"], "metadataLinkage": ["N/A"], "metadataIdentifier": ["N/A"], "environmentDescription": ["N/A"], "contentInfo": ["N/A"], "ResearchInfrastructure": ["LifeWatch"], "EssentialVariables": ["N/A"], "potentialTopics": ["N/A"]}