{"url": ["https://metadatacatalogue.lifewatch.eu:/geonetwork/api/records/oai:marineinfo.org:id:dataset:6193"], "name": ["Abundance and biomass of benthic infauna from mud grabs in the Irish sea as part of a mud habitat project from 2014-2015"], "description": ["This dataset contains information on infaunal abundanceand biomass from sediment grabs from the WesternIrish Sea collected in 2014 and 2015 from theRVCorystes. This survey was carried out toassess the presence, extent and the condition of subtidal mudhabitats in the Western Irish Sea. A 0.1m2day grab was used to obtain the sediment and infaunalsamples. In total there were85 grab samplestaken and this was also supplemented with underwater video towsof the area for nephrops(Nephrops norvegicus) but this information is not includedin this dataset. Particle Size analysis(PSA) of the sediment was also carried out along withCarbon & Nitrogen (C & N) analysis. The mostabundant species found was the Bivalve Abra albaand the most frequently recorded species was theBivalve Abra nitida."], "datePublished": ["2021-12-02"], "language": ["en"], "creator": ["\u00c2\u00a0Agri-Food and BiosciencesInstitute- Annika Clements "], "metadataProvider": ["\u00c2\u00a0Flanders Marine Institute(VLIZ) BEhttps://www.vliz.be"], "contact": ["\u00c2\u00a0Agri-Food and BiosciencesInstitute- Annika Clements "], "associatedParty": [" contentProvider\u00c2\u00a0Marine Biological Association of theUK GB "], "licenseInformation": [" Intellectual Rights This work is licensed under a Creative Commons Attribution (CC-BY) 4.0 License .\u00c2\u00a0 "], "downloadLink": ["https://metadatacatalogue.lifewatch.eu:/geonetwork/eng/catalog.search#/metadata/oai:marineinfo.org:id:dataset:6193"], "keywords": ["N/A"], "geographicCoverage": ["Geographic Description ANE, IrishSea"], "westBoundingCoordinate": ["-5.56895"], "eastBoundingCoordinate": ["-4.936666666667"], "northBoundingCoordinate": ["54.176633"], "southBoundingCoordinate": ["53.7296"], "dateCreated": ["2014-11-24"], "temporalCoverageEndDate": ["2015-06-14"], "license": ["N/A"], "distribution": ["N/A"], "distributionInfo": ["N/A"], "identifier": ["https://metadatacatalogue.lifewatch.eu:/geonetwork/eng/catalog.search#/metadata/oai:marineinfo.org:id:dataset:6193"], "accessibilitySummary": ["N/A"], "version": ["N/A"], "temporalCoverage": ["N/A"], "publisher": ["N/A"], "spatial": ["N/A"], "citation": ["N/A"], "genre": ["N/A"], "modificationDate": ["2021-12-02"], "image": ["N/A"], "thumbnailUrl": ["N/A"], "headline": ["Abundance and biomass of benthic infauna from mud grabs in the Irish sea as part of a mud habitat project from 2014-2015"], "abstract": ["This dataset contains information on infaunal abundanceand biomass from sediment grabs from the WesternIrish Sea collected in 2014 and 2015 from theRVCorystes. This survey was carried out toassess the presence, extent and the condition of subtidal mudhabitats in the Western Irish Sea. A 0.1m2day grab was used to obtain the sediment and infaunalsamples. In total there were85 grab samplestaken and this was also supplemented with underwater video towsof the area for nephrops(Nephrops norvegicus) but this information is not includedin this dataset. Particle Size analysis(PSA) of the sediment was also carried out along withCarbon & Nitrogen (C & N) analysis. The mostabundant species found was the Bivalve Abra albaand the most frequently recorded species was theBivalve Abra nitida."], "theme": ["N/A"], "creditText": ["N/A"], "producer": ["\u00c2\u00a0Agri-Food and BiosciencesInstitute- Annika Clements "], "author": ["\u00c2\u00a0Agri-Food and BiosciencesInstitute- Annika Clements "], "spatialCoverage": [" IrishSea"], "sponsor": ["N/A"], "size": ["N/A"], "sameAs": ["N/A"], "publication": ["N/A"], "provider": ["\u00c2\u00a0Agri-Food and BiosciencesInstitute- Annika Clements "], "position": ["N/A"], "measurementTechnique": ["N/A"], "material": ["N/A"], "maintainer": ["N/A"], "locationCreated": ["N/A"], "issn": ["N/A"], "isPartOf": ["N/A"], "isBasedOn": ["N/A"], "isAccessibleForFree": ["N/A"], "includedInDataCatalog": ["N/A"], "editor": ["N/A"], "editEIDR": ["N/A"], "copyrightYear": ["N/A"], "copyrightNotice": ["N/A"], "copyrightHolder": ["N/A"], "contributor": ["N/A"], "contentReferenceTime": ["N/A"], "contentLocation": ["N/A"], "character": ["N/A"], "acquireLicensePage": ["N/A"], "accessModeSufficient": ["N/A"], "about": ["N/A"], "rights": ["N/A"], "relation": ["N/A"], "qualifiedRelation": ["N/A"], "qualifiedAttribution": ["N/A"], "previousVersion": ["N/A"], "nextVersion": ["N/A"], "landingPage": ["N/A"], "isReferencedBy": ["N/A"], "hasVersion": ["N/A"], "hasPolicy": ["N/A"], "hasCurrentVersion": ["N/A"], "useConstraints": ["N/A"], "status": ["N/A"], "spatialRepresentationType": ["N/A"], "scope": ["N/A"], "purpose": ["N/A"], "otherLocale": ["N/A"], "metadataProfile": ["N/A"], "metadataLinkage": ["N/A"], "metadataIdentifier": ["N/A"], "environmentDescription": ["N/A"], "contentInfo": ["N/A"], "ResearchInfrastructure": ["LifeWatch"], "EssentialVariables": ["N/A"], "potentialTopics": ["N/A"]}