{"url": ["https://metadatacatalogue.lifewatch.eu:/geonetwork/api/records/oai:marineinfo.org:id:dataset:5531"], "name": ["LifeWatch observatory data: permanent Cetacean passive acoustic sensor network in the Belgian part of the North Sea"], "description": ["As part of the Belgian LifeWatch observatory, a permanentCetacean passive acoustic networkis established in the Belgian Part of the NorthSea. The sensor network uses C-PODs (Chelonia Limited) to register the presence of harbour porpoise (<i>Phocoena phocoena</i>) in the neighbourhood. Click trains of harbourporpoises are detected and classified using the CPODsoftware and highand moderate quality click trains are selected. <p>The dataset is publishedyearly in the highest time resolution, perminute.</p>"], "datePublished": ["2021-12-02"], "language": ["en"], "creator": ["\u00c2\u00a0Vlaams Instituut voor de Zee BE "], "metadataProvider": ["\u00c2\u00a0Flanders Marine Institute(VLIZ) BEhttps://www.vliz.be"], "contact": ["\u00c2\u00a0Vlaams Instituut voor de Zee BE "], "associatedParty": [" custodianSteward\u00c2\u00a0Vlaams Instituut voor de Zee BE "], "licenseInformation": [" Intellectual Rights This work is licensed under a Creative Commons Attribution (CC-BY) 4.0 License .\u00c2\u00a0 "], "downloadLink": ["https://metadatacatalogue.lifewatch.eu:/geonetwork/eng/catalog.search#/metadata/oai:marineinfo.org:id:dataset:5531"], "keywords": ["C-PODs Echolocation Harbour porpoises LifeWatch Marine mammals Passive acoustic monitoring"], "geographicCoverage": ["Geographic Description ANE, Belgium, Belgian Continental Shelf (BCS) > station bpns-WenduinebankWest Bounding Box West Bounding Coordinate 2.812594 East Bounding Coordinate 2.812594 North Bounding Coordinate 51.2871667 South Bounding Coordinate 51.2871667"], "westBoundingCoordinate": ["2.812594"], "eastBoundingCoordinate": ["2.812594"], "northBoundingCoordinate": ["51.2871667"], "southBoundingCoordinate": ["51.2871667"], "dateCreated": ["N/A"], "temporalCoverageEndDate": ["N/A"], "license": ["https://lifewatch.be/en/cetacean-passive-acoustic-network"], "distribution": ["https://lifewatch.be/en/cetacean-passive-acoustic-network"], "distributionInfo": ["https://lifewatch.be/en/cetacean-passive-acoustic-network"], "identifier": ["https://metadatacatalogue.lifewatch.eu:/geonetwork/eng/catalog.search#/metadata/oai:marineinfo.org:id:dataset:5531"], "accessibilitySummary": ["N/A"], "version": ["N/A"], "temporalCoverage": ["N/A"], "publisher": ["N/A"], "spatial": ["N/A"], "citation": ["N/A"], "genre": ["N/A"], "modificationDate": ["2021-12-02"], "image": ["N/A"], "thumbnailUrl": ["N/A"], "headline": ["LifeWatch observatory data: permanent Cetacean passive acoustic sensor network in the Belgian part of the North Sea"], "abstract": ["As part of the Belgian LifeWatch observatory, a permanentCetacean passive acoustic networkis established in the Belgian Part of the NorthSea. The sensor network uses C-PODs (Chelonia Limited) to register the presence of harbour porpoise (<i>Phocoena phocoena</i>) in the neighbourhood. Click trains of harbourporpoises are detected and classified using the CPODsoftware and highand moderate quality click trains are selected. <p>The dataset is publishedyearly in the highest time resolution, perminute.</p>"], "theme": ["N/A"], "creditText": ["N/A"], "producer": ["\u00c2\u00a0Vlaams Instituut voor de Zee BE "], "author": ["\u00c2\u00a0Vlaams Instituut voor de Zee BE "], "spatialCoverage": [" Belgium Belgian Continental Shelf (BCS) > station bpns-WenduinebankWest Bounding Box West Bounding Coordinate 2.812594 East Bounding Coordinate 2.812594 North Bounding Coordinate 51.2871667 South Bounding Coordinate 51.2871667"], "sponsor": ["N/A"], "size": ["N/A"], "sameAs": ["N/A"], "publication": ["N/A"], "provider": ["\u00c2\u00a0Vlaams Instituut voor de Zee BE "], "position": ["N/A"], "measurementTechnique": ["N/A"], "material": ["N/A"], "maintainer": ["N/A"], "locationCreated": ["N/A"], "issn": ["N/A"], "isPartOf": ["N/A"], "isBasedOn": ["N/A"], "isAccessibleForFree": ["N/A"], "includedInDataCatalog": ["N/A"], "editor": ["N/A"], "editEIDR": ["N/A"], "copyrightYear": ["N/A"], "copyrightNotice": ["N/A"], "copyrightHolder": ["N/A"], "contributor": ["N/A"], "contentReferenceTime": ["N/A"], "contentLocation": ["N/A"], "character": ["N/A"], "acquireLicensePage": ["N/A"], "accessModeSufficient": ["N/A"], "about": ["N/A"], "rights": ["N/A"], "relation": ["N/A"], "qualifiedRelation": ["N/A"], "qualifiedAttribution": ["N/A"], "previousVersion": ["N/A"], "nextVersion": ["N/A"], "landingPage": ["N/A"], "isReferencedBy": ["N/A"], "hasVersion": ["N/A"], "hasPolicy": ["N/A"], "hasCurrentVersion": ["N/A"], "useConstraints": ["N/A"], "status": ["N/A"], "spatialRepresentationType": ["N/A"], "scope": ["N/A"], "purpose": ["N/A"], "otherLocale": ["N/A"], "metadataProfile": ["N/A"], "metadataLinkage": ["N/A"], "metadataIdentifier": ["N/A"], "environmentDescription": ["N/A"], "contentInfo": ["N/A"], "ResearchInfrastructure": ["LifeWatch"], "EssentialVariables": ["N/A"], "potentialTopics": ["N/A"]}