{"url": ["https://metadatacatalogue.lifewatch.eu:/geonetwork/api/records/oai:marineinfo.org:id:dataset:6352"], "name": ["Cymodocea nodosa in the slovenian coastal area"], "description": ["Cymodocea nodosa sampling in the Slovenian coast in 2009-2010. This dataset containslength of the photosynthetic part of the leaf and abundanceof Cymodocea nodosa. 10 samples were collected at each of the 10 locations. In each sample, the length of the photosynthetic partwas measured for 60 adult/intermediate leaves for a correct assessment of the Mediterranean meadows which is of greatimportance for the implementation of the Water Framework Directive (WFD),the Marine Strategy Framework Directive (MSFD), and theHabitat Directive (HD)"], "datePublished": ["2021-12-02"], "language": ["en"], "creator": ["\u00c2\u00a0National Institute of Biology;Marine Biological StationPiran- Martina Orlando-Bonaca "], "metadataProvider": ["\u00c2\u00a0Flanders Marine Institute(VLIZ) BEhttps://www.vliz.be"], "contact": ["\u00c2\u00a0National Institute of Biology- Branko Cermelj "], "associatedParty": ["N/A"], "licenseInformation": [" Intellectual Rights To the extent possible underlaw, the publisher has waived all rights to these data and has dedicated them to the Public Domain (CC01.0) . Users may copy, modify,distribute and use the work,including for commercial purposes, without restriction.\u00c2\u00a0 "], "downloadLink": ["https://metadatacatalogue.lifewatch.eu:/srv/eng/catalog.search#/metadata/oai:marineinfo.org:id:dataset:6352"], "keywords": ["Algae and seagrasses"], "geographicCoverage": ["Geographic Description EurOBIS calculated BBOX > station Bounding Box Bounding Box West Bounding Coordinate 13.5682 East Bounding Coordinate 13.719883333333 North Bounding Coordinate 45.59415 South Bounding Coordinate 45.482016666667"], "westBoundingCoordinate": ["13.5682"], "eastBoundingCoordinate": ["13.719883333333"], "northBoundingCoordinate": ["45.59415"], "southBoundingCoordinate": ["45.482016666667"], "dateCreated": ["2009-01-01"], "temporalCoverageEndDate": ["2010-01-01"], "license": ["https://www.emodnet-ingestion.eu/submissions/submissions_details.php?menu=39&tpd=443&step=00825"], "distribution": ["https://www.emodnet-ingestion.eu/submissions/submissions_details.php?menu=39&tpd=443&step=00825"], "distributionInfo": ["https://www.emodnet-ingestion.eu/submissions/submissions_details.php?menu=39&tpd=443&step=00825"], "identifier": ["https://metadatacatalogue.lifewatch.eu:/srv/eng/catalog.search#/metadata/oai:marineinfo.org:id:dataset:6352"], "accessibilitySummary": ["N/A"], "version": ["N/A"], "temporalCoverage": ["N/A"], "publisher": ["N/A"], "spatial": ["N/A"], "citation": ["N/A"], "genre": ["N/A"], "modificationDate": ["2021-12-02"], "image": ["N/A"], "thumbnailUrl": ["N/A"], "headline": ["Cymodocea nodosa in the slovenian coastal area"], "abstract": ["Cymodocea nodosa sampling in the Slovenian coast in 2009-2010. This dataset containslength of the photosynthetic part of the leaf and abundanceof Cymodocea nodosa. 10 samples were collected at each of the 10 locations. In each sample, the length of the photosynthetic partwas measured for 60 adult/intermediate leaves for a correct assessment of the Mediterranean meadows which is of greatimportance for the implementation of the Water Framework Directive (WFD),the Marine Strategy Framework Directive (MSFD), and theHabitat Directive (HD)"], "theme": ["N/A"], "creditText": ["N/A"], "producer": ["\u00c2\u00a0National Institute of Biology;Marine Biological StationPiran- Martina Orlando-Bonaca "], "author": ["\u00c2\u00a0National Institute of Biology;Marine Biological StationPiran- Martina Orlando-Bonaca "], "spatialCoverage": [" calculated BBOX > station Bounding Box Bounding Box West Bounding Coordinate 13.5682 East Bounding Coordinate 13.719883333333 North Bounding Coordinate 45.59415 South Bounding Coordinate 45.482016666667"], "sponsor": ["N/A"], "size": ["N/A"], "sameAs": ["N/A"], "publication": ["N/A"], "provider": ["\u00c2\u00a0National Institute of Biology;Marine Biological StationPiran- Martina Orlando-Bonaca "], "position": ["N/A"], "measurementTechnique": ["N/A"], "material": ["N/A"], "maintainer": ["N/A"], "locationCreated": ["N/A"], "issn": ["N/A"], "isPartOf": ["N/A"], "isBasedOn": ["N/A"], "isAccessibleForFree": ["N/A"], "includedInDataCatalog": ["N/A"], "editor": ["N/A"], "editEIDR": ["N/A"], "copyrightYear": ["N/A"], "copyrightNotice": ["N/A"], "copyrightHolder": ["N/A"], "contributor": ["N/A"], "contentReferenceTime": ["N/A"], "contentLocation": ["N/A"], "character": ["N/A"], "acquireLicensePage": ["N/A"], "accessModeSufficient": ["N/A"], "about": ["N/A"], "rights": ["N/A"], "relation": ["N/A"], "qualifiedRelation": ["N/A"], "qualifiedAttribution": ["N/A"], "previousVersion": ["N/A"], "nextVersion": ["N/A"], "landingPage": ["N/A"], "isReferencedBy": ["N/A"], "hasVersion": ["N/A"], "hasPolicy": ["N/A"], "hasCurrentVersion": ["N/A"], "useConstraints": ["N/A"], "status": ["N/A"], "spatialRepresentationType": ["N/A"], "scope": ["N/A"], "purpose": ["N/A"], "otherLocale": ["N/A"], "metadataProfile": ["N/A"], "metadataLinkage": ["N/A"], "metadataIdentifier": ["N/A"], "environmentDescription": ["N/A"], "contentInfo": ["N/A"], "ResearchInfrastructure": ["LifeWatch"], "EssentialVariables": ["N/A"], "potentialTopics": ["N/A"]}