{"url": ["https://metadatacatalogue.lifewatch.eu:/srv/api/records/oai:marineinfo.org:id:dataset:694"], "name": ["Nematode assemblages from European sandy beaches"], "description": ["Data were collected as part of a PhD study.It aimed - amongstothers - at contributing to the rare studies on nematofaunal zonation patterns by collectingsamples on a Belgian macrotidal, ultra-dissipative sandy beach."], "datePublished": ["2021-12-02"], "language": ["en"], "creator": ["\u00c2\u00a0Universiteit Gent; Faculteit Wetenschappen; VakgroepBiologie Onderzoeksgroep Mariene Biologie BE "], "metadataProvider": ["\u00c2\u00a0Flanders Marine Institute(VLIZ) BEhttps://www.vliz.be"], "contact": ["\u00c2\u00a0Universiteit Gent; Faculteit Wetenschappen; Vakgroep Biologie; Onderzoeksgroep Mariene Biologie- Tom Gheskiere "], "associatedParty": ["N/A"], "licenseInformation": [" Intellectual Rights This work is licensed under a Creative Commons Attribution (CC-BY) 4.0 License .\u00c2\u00a0 "], "downloadLink": ["https://metadatacatalogue.lifewatch.eu:/srv/eng/catalog.search#/metadata/oai:marineinfo.org:id:dataset:694"], "keywords": ["Meiobenthos Meiofauna Sandy beaches"], "geographicCoverage": ["Geographic Description ANE, Europe, European ContinentalShelf"], "westBoundingCoordinate": ["2.566944"], "eastBoundingCoordinate": ["2.566944"], "northBoundingCoordinate": ["51.091666"], "southBoundingCoordinate": ["51.091666"], "dateCreated": ["2000-08-02"], "temporalCoverageEndDate": ["2000-08-02"], "license": ["N/A"], "distribution": ["N/A"], "distributionInfo": ["N/A"], "identifier": ["https://metadatacatalogue.lifewatch.eu:/srv/eng/catalog.search#/metadata/oai:marineinfo.org:id:dataset:694"], "accessibilitySummary": ["N/A"], "version": ["N/A"], "temporalCoverage": ["N/A"], "publisher": ["N/A"], "spatial": ["N/A"], "citation": ["N/A"], "genre": ["N/A"], "modificationDate": ["2021-12-02"], "image": ["N/A"], "thumbnailUrl": ["N/A"], "headline": ["Nematode assemblages from European sandy beaches"], "abstract": ["Data were collected as part of a PhD study.It aimed - amongstothers - at contributing to the rare studies on nematofaunal zonation patterns by collectingsamples on a Belgian macrotidal, ultra-dissipative sandy beach."], "theme": ["N/A"], "creditText": ["N/A"], "producer": ["\u00c2\u00a0Universiteit Gent; Faculteit Wetenschappen; VakgroepBiologie Onderzoeksgroep Mariene Biologie BE "], "author": ["\u00c2\u00a0Universiteit Gent; Faculteit Wetenschappen; VakgroepBiologie Onderzoeksgroep Mariene Biologie BE "], "spatialCoverage": [" Europe European ContinentalShelf"], "sponsor": ["N/A"], "size": ["N/A"], "sameAs": ["N/A"], "publication": ["N/A"], "provider": ["\u00c2\u00a0Universiteit Gent; Faculteit Wetenschappen; VakgroepBiologie Onderzoeksgroep Mariene Biologie BE "], "position": ["N/A"], "measurementTechnique": ["N/A"], "material": ["N/A"], "maintainer": ["N/A"], "locationCreated": ["N/A"], "issn": ["N/A"], "isPartOf": ["N/A"], "isBasedOn": ["N/A"], "isAccessibleForFree": ["N/A"], "includedInDataCatalog": ["N/A"], "editor": ["N/A"], "editEIDR": ["N/A"], "copyrightYear": ["N/A"], "copyrightNotice": ["N/A"], "copyrightHolder": ["N/A"], "contributor": ["N/A"], "contentReferenceTime": ["N/A"], "contentLocation": ["N/A"], "character": ["N/A"], "acquireLicensePage": ["N/A"], "accessModeSufficient": ["N/A"], "about": ["N/A"], "rights": ["N/A"], "relation": ["N/A"], "qualifiedRelation": ["N/A"], "qualifiedAttribution": ["N/A"], "previousVersion": ["N/A"], "nextVersion": ["N/A"], "landingPage": ["N/A"], "isReferencedBy": ["N/A"], "hasVersion": ["N/A"], "hasPolicy": ["N/A"], "hasCurrentVersion": ["N/A"], "useConstraints": ["N/A"], "status": ["N/A"], "spatialRepresentationType": ["N/A"], "scope": ["N/A"], "purpose": ["N/A"], "otherLocale": ["N/A"], "metadataProfile": ["N/A"], "metadataLinkage": ["N/A"], "metadataIdentifier": ["N/A"], "environmentDescription": ["N/A"], "contentInfo": ["N/A"], "ResearchInfrastructure": ["LifeWatch"], "EssentialVariables": ["N/A"], "potentialTopics": ["N/A"]}