{"url": ["https://metadatacatalogue.lifewatch.eu:/srv/api/records/oai:marineinfo.org:id:dataset:601"], "name": ["IOW Macrozoobenthos monitoring Baltic Sea (1980-2005)"], "description": ["This time series on species compositionand biomass or abundance of macrozoobenthos in the BeltSea and the Baltic proper providedata from 1979till 2005 as part of theHELCOMmonitoring"], "datePublished": ["2021-12-02"], "language": ["en"], "creator": ["\u00c2\u00a0Leibniz Institute for BalticSea Research, Warnem\u00c3\u00bcnde DE "], "metadataProvider": ["\u00c2\u00a0Flanders Marine Institute(VLIZ) BEhttps://www.vliz.be"], "contact": ["\u00c2\u00a0Leibniz Institute for BalticSea Research, Warnem\u00c3\u00bcnde- Michael Zettler "], "associatedParty": [" contentProvider\u00c2\u00a0Leibniz Institute for BalticSea Research, Warnem\u00c3\u00bcnde- Michael Zettler "], "licenseInformation": [" Intellectual Rights This work is licensed under a Creative Commons Attribution (CC-BY) 4.0 License .\u00c2\u00a0 "], "downloadLink": ["https://metadatacatalogue.lifewatch.eu:/srv/eng/catalog.search#/metadata/oai:marineinfo.org:id:dataset:601"], "keywords": ["Benthos Biodiversity Long-term monitoring Macrobenthos Monitoring Time series Zoobenthos"], "geographicCoverage": ["Geographic Description ANE, Baltic"], "westBoundingCoordinate": ["11.06"], "eastBoundingCoordinate": ["25.6"], "northBoundingCoordinate": ["59.92"], "southBoundingCoordinate": ["54.03"], "dateCreated": ["1980-01-01"], "temporalCoverageEndDate": ["2005-01-01"], "license": ["N/A"], "distribution": ["N/A"], "distributionInfo": ["N/A"], "identifier": ["https://metadatacatalogue.lifewatch.eu:/srv/eng/catalog.search#/metadata/oai:marineinfo.org:id:dataset:601"], "accessibilitySummary": ["N/A"], "version": ["N/A"], "temporalCoverage": ["N/A"], "publisher": ["N/A"], "spatial": ["N/A"], "citation": ["N/A"], "genre": ["N/A"], "modificationDate": ["2021-12-02"], "image": ["N/A"], "thumbnailUrl": ["N/A"], "headline": ["IOW Macrozoobenthos monitoring Baltic Sea (1980-2005)"], "abstract": ["This time series on species compositionand biomass or abundance of macrozoobenthos in the BeltSea and the Baltic proper providedata from 1979till 2005 as part of theHELCOMmonitoring"], "theme": ["N/A"], "creditText": ["N/A"], "producer": ["\u00c2\u00a0Leibniz Institute for BalticSea Research, Warnem\u00c3\u00bcnde DE "], "author": ["\u00c2\u00a0Leibniz Institute for BalticSea Research, Warnem\u00c3\u00bcnde DE "], "spatialCoverage": [" Baltic"], "sponsor": ["N/A"], "size": ["N/A"], "sameAs": ["N/A"], "publication": ["N/A"], "provider": ["\u00c2\u00a0Leibniz Institute for BalticSea Research, Warnem\u00c3\u00bcnde DE "], "position": ["N/A"], "measurementTechnique": ["N/A"], "material": ["N/A"], "maintainer": ["N/A"], "locationCreated": ["N/A"], "issn": ["N/A"], "isPartOf": ["N/A"], "isBasedOn": ["N/A"], "isAccessibleForFree": ["N/A"], "includedInDataCatalog": ["N/A"], "editor": ["N/A"], "editEIDR": ["N/A"], "copyrightYear": ["N/A"], "copyrightNotice": ["N/A"], "copyrightHolder": ["N/A"], "contributor": ["N/A"], "contentReferenceTime": ["N/A"], "contentLocation": ["N/A"], "character": ["N/A"], "acquireLicensePage": ["N/A"], "accessModeSufficient": ["N/A"], "about": ["N/A"], "rights": ["N/A"], "relation": ["N/A"], "qualifiedRelation": ["N/A"], "qualifiedAttribution": ["N/A"], "previousVersion": ["N/A"], "nextVersion": ["N/A"], "landingPage": ["N/A"], "isReferencedBy": ["N/A"], "hasVersion": ["N/A"], "hasPolicy": ["N/A"], "hasCurrentVersion": ["N/A"], "useConstraints": ["N/A"], "status": ["N/A"], "spatialRepresentationType": ["N/A"], "scope": ["N/A"], "purpose": ["N/A"], "otherLocale": ["N/A"], "metadataProfile": ["N/A"], "metadataLinkage": ["N/A"], "metadataIdentifier": ["N/A"], "environmentDescription": ["N/A"], "contentInfo": ["N/A"], "ResearchInfrastructure": ["LifeWatch"], "EssentialVariables": ["N/A"], "potentialTopics": ["N/A"]}