{"url": ["https://metadatacatalogue.lifewatch.eu:/geonetwork/api/records/oai:marineinfo.org:id:dataset:1684"], "name": ["Macrobenthos from the eastern English Channel in 1999 and 2001"], "description": ["This dataset contains macrobenthos data fromthe eastern English Channelfrom 1999 and 2001."], "datePublished": ["2021-12-02"], "language": ["en"], "creator": ["\u00c2\u00a0Marine Ecological SurveysLtd. GB "], "metadataProvider": ["\u00c2\u00a0Flanders Marine Institute(VLIZ) BEhttps://www.vliz.be"], "contact": ["\u00c2\u00a0Marine Ecological SurveysLtd.- Richard Newell "], "associatedParty": [" contentProvider\u00c2\u00a0Marine Ecological SurveysLtd.- Richard Newell "], "licenseInformation": [" Intellectual Rights This work is licensed under a Creative Commons Attribution (CC-BY) 4.0 License .\u00c2\u00a0 "], "downloadLink": ["https://metadatacatalogue.lifewatch.eu:/srv/eng/catalog.search#/metadata/oai:marineinfo.org:id:dataset:1684"], "keywords": ["Benthos Macrobenthos Zoobenthos"], "geographicCoverage": ["Geographic Description EurOBIS calculated BBOX > station Bounding Box Bounding Box West Bounding Coordinate -0.458748 East Bounding Coordinate 0.966236 North Bounding Coordinate 50.6084 South Bounding Coordinate 50.2279"], "westBoundingCoordinate": ["-0.458748"], "eastBoundingCoordinate": ["0.966236"], "northBoundingCoordinate": ["50.6084"], "southBoundingCoordinate": ["50.2279"], "dateCreated": ["1999-01-01"], "temporalCoverageEndDate": ["2001-01-01"], "license": ["N/A"], "distribution": ["N/A"], "distributionInfo": ["N/A"], "identifier": ["https://metadatacatalogue.lifewatch.eu:/srv/eng/catalog.search#/metadata/oai:marineinfo.org:id:dataset:1684"], "accessibilitySummary": ["N/A"], "version": ["N/A"], "temporalCoverage": ["N/A"], "publisher": ["N/A"], "spatial": ["N/A"], "citation": ["N/A"], "genre": ["N/A"], "modificationDate": ["2021-12-02"], "image": ["N/A"], "thumbnailUrl": ["N/A"], "headline": ["Macrobenthos from the eastern English Channel in 1999 and 2001"], "abstract": ["This dataset contains macrobenthos data fromthe eastern English Channelfrom 1999 and 2001."], "theme": ["N/A"], "creditText": ["N/A"], "producer": ["\u00c2\u00a0Marine Ecological SurveysLtd. GB "], "author": ["\u00c2\u00a0Marine Ecological SurveysLtd. GB "], "spatialCoverage": [" calculated BBOX > station Bounding Box Bounding Box West Bounding Coordinate -0.458748 East Bounding Coordinate 0.966236 North Bounding Coordinate 50.6084 South Bounding Coordinate 50.2279"], "sponsor": ["N/A"], "size": ["N/A"], "sameAs": ["N/A"], "publication": ["N/A"], "provider": ["\u00c2\u00a0Marine Ecological SurveysLtd. GB "], "position": ["N/A"], "measurementTechnique": ["N/A"], "material": ["N/A"], "maintainer": ["N/A"], "locationCreated": ["N/A"], "issn": ["N/A"], "isPartOf": ["N/A"], "isBasedOn": ["N/A"], "isAccessibleForFree": ["N/A"], "includedInDataCatalog": ["N/A"], "editor": ["N/A"], "editEIDR": ["N/A"], "copyrightYear": ["N/A"], "copyrightNotice": ["N/A"], "copyrightHolder": ["N/A"], "contributor": ["N/A"], "contentReferenceTime": ["N/A"], "contentLocation": ["N/A"], "character": ["N/A"], "acquireLicensePage": ["N/A"], "accessModeSufficient": ["N/A"], "about": ["N/A"], "rights": ["N/A"], "relation": ["N/A"], "qualifiedRelation": ["N/A"], "qualifiedAttribution": ["N/A"], "previousVersion": ["N/A"], "nextVersion": ["N/A"], "landingPage": ["N/A"], "isReferencedBy": ["N/A"], "hasVersion": ["N/A"], "hasPolicy": ["N/A"], "hasCurrentVersion": ["N/A"], "useConstraints": ["N/A"], "status": ["N/A"], "spatialRepresentationType": ["N/A"], "scope": ["N/A"], "purpose": ["N/A"], "otherLocale": ["N/A"], "metadataProfile": ["N/A"], "metadataLinkage": ["N/A"], "metadataIdentifier": ["N/A"], "environmentDescription": ["N/A"], "contentInfo": ["N/A"], "ResearchInfrastructure": ["LifeWatch"], "EssentialVariables": ["N/A"], "potentialTopics": ["N/A"]}