{"url": ["https://metadatacatalogue.lifewatch.eu:/srv/api/records/oai:marineinfo.org:id:dataset:3074"], "name": ["Tracking of Arctic tern migrations 2007-2008"], "description": ["Tracking of Arctic terns <i>Sternaparadisaea</i> reveals longest animalmigration."], "datePublished": ["2021-12-02"], "language": ["en"], "creator": ["\u00c2\u00a0Greenland Institute of NaturalResources GL "], "metadataProvider": ["\u00c2\u00a0Flanders Marine Institute(VLIZ) BEhttps://www.vliz.be"], "contact": ["\u00c2\u00a0Greenland Institute of NaturalResources- Carsten Egevang "], "associatedParty": ["N/A"], "licenseInformation": [" Intellectual Rights This work is licensed under a Creative Commons Attribution NonCommercial (CC-BY-NC) 4.0 License .\u00c2\u00a0 "], "downloadLink": ["https://metadatacatalogue.lifewatch.eu:/srv/eng/catalog.search#/metadata/oai:marineinfo.org:id:dataset:3074"], "keywords": ["Animal migrations Marine birds"], "geographicCoverage": ["Geographic Description A, Atlantic Bounding Box West Bounding Coordinate -62.56 East Bounding Coordinate 107.07 North Bounding Coordinate 75 South Bounding Coordinate -76.84"], "westBoundingCoordinate": ["-62.56"], "eastBoundingCoordinate": ["107.07"], "northBoundingCoordinate": ["75"], "southBoundingCoordinate": ["-76.84"], "dateCreated": ["2007-08-13"], "temporalCoverageEndDate": ["2008-05-31"], "license": ["N/A"], "distribution": ["N/A"], "distributionInfo": ["N/A"], "identifier": ["https://metadatacatalogue.lifewatch.eu:/srv/eng/catalog.search#/metadata/oai:marineinfo.org:id:dataset:3074"], "accessibilitySummary": ["N/A"], "version": ["N/A"], "temporalCoverage": ["N/A"], "publisher": ["N/A"], "spatial": ["N/A"], "citation": ["N/A"], "genre": ["N/A"], "modificationDate": ["2021-12-02"], "image": ["N/A"], "thumbnailUrl": ["N/A"], "headline": ["Tracking of Arctic tern migrations 2007-2008"], "abstract": ["Tracking of Arctic terns <i>Sternaparadisaea</i> reveals longest animalmigration."], "theme": ["N/A"], "creditText": ["N/A"], "producer": ["\u00c2\u00a0Greenland Institute of NaturalResources GL "], "author": ["\u00c2\u00a0Greenland Institute of NaturalResources GL "], "spatialCoverage": [" A Atlantic Bounding Box West Bounding Coordinate -62.56 East Bounding Coordinate 107.07 North Bounding Coordinate 75 South Bounding Coordinate -76.84"], "sponsor": ["N/A"], "size": ["N/A"], "sameAs": ["N/A"], "publication": ["N/A"], "provider": ["\u00c2\u00a0Greenland Institute of NaturalResources GL "], "position": ["N/A"], "measurementTechnique": ["N/A"], "material": ["N/A"], "maintainer": ["N/A"], "locationCreated": ["N/A"], "issn": ["N/A"], "isPartOf": ["N/A"], "isBasedOn": ["N/A"], "isAccessibleForFree": ["N/A"], "includedInDataCatalog": ["N/A"], "editor": ["N/A"], "editEIDR": ["N/A"], "copyrightYear": ["N/A"], "copyrightNotice": ["N/A"], "copyrightHolder": ["N/A"], "contributor": ["N/A"], "contentReferenceTime": ["N/A"], "contentLocation": ["N/A"], "character": ["N/A"], "acquireLicensePage": ["N/A"], "accessModeSufficient": ["N/A"], "about": ["N/A"], "rights": ["N/A"], "relation": ["N/A"], "qualifiedRelation": ["N/A"], "qualifiedAttribution": ["N/A"], "previousVersion": ["N/A"], "nextVersion": ["N/A"], "landingPage": ["N/A"], "isReferencedBy": ["N/A"], "hasVersion": ["N/A"], "hasPolicy": ["N/A"], "hasCurrentVersion": ["N/A"], "useConstraints": ["N/A"], "status": ["N/A"], "spatialRepresentationType": ["N/A"], "scope": ["N/A"], "purpose": ["N/A"], "otherLocale": ["N/A"], "metadataProfile": ["N/A"], "metadataLinkage": ["N/A"], "metadataIdentifier": ["N/A"], "environmentDescription": ["N/A"], "contentInfo": ["N/A"], "ResearchInfrastructure": ["LifeWatch"], "EssentialVariables": ["N/A"], "potentialTopics": ["N/A"]}