{"url": ["https://metadatacatalogue.lifewatch.eu:/srv/api/records/oai:marineinfo.org:id:dataset:3128"], "name": ["Benthic species from the tropical Pacific surrounding New Caledonia"], "description": ["Benthic species from the tropicalPacific surrounding New Caledonia."], "datePublished": ["2021-12-02"], "language": ["en"], "creator": ["\u00c2\u00a0Mus\u00c3\u00a9um National d'Histoire Naturelle;Department Systematics and Evolution- Philippe Bouchet "], "metadataProvider": ["\u00c2\u00a0Flanders Marine Institute(VLIZ) BEhttps://www.vliz.be"], "contact": ["\u00c2\u00a0Institut de Recherche pourleD\u00c3\u00a9veloppement; Centre de Noum\u00c3\u00a9a- Bertrand Richer de Forges "], "associatedParty": ["N/A"], "licenseInformation": [" Intellectual Rights This work is licensed under a Creative Commons Attribution (CC-BY) 4.0 License .\u00c2\u00a0 "], "downloadLink": ["https://metadatacatalogue.lifewatch.eu:/geonetwork/eng/catalog.search#/metadata/oai:marineinfo.org:id:dataset:3128"], "keywords": ["Species Taxonomy"], "geographicCoverage": ["Geographic Description EurOBIS calculated BBOX > station Bounding Box Bounding Box West Bounding Coordinate -179.96000671387 East Bounding Coordinate 179.99000549316 North Bounding Coordinate 24.940000534058 South Bounding Coordinate -29.770000457764"], "westBoundingCoordinate": ["-179.96000671387"], "eastBoundingCoordinate": ["179.99000549316"], "northBoundingCoordinate": ["24.940000534058"], "southBoundingCoordinate": ["-29.770000457764"], "dateCreated": ["N/A"], "temporalCoverageEndDate": ["N/A"], "license": ["N/A"], "distribution": ["N/A"], "distributionInfo": ["N/A"], "identifier": ["https://metadatacatalogue.lifewatch.eu:/geonetwork/eng/catalog.search#/metadata/oai:marineinfo.org:id:dataset:3128"], "accessibilitySummary": ["N/A"], "version": ["N/A"], "temporalCoverage": ["N/A"], "publisher": ["N/A"], "spatial": ["N/A"], "citation": ["N/A"], "genre": ["N/A"], "modificationDate": ["2021-12-02"], "image": ["N/A"], "thumbnailUrl": ["N/A"], "headline": ["Benthic species from the tropical Pacific surrounding New Caledonia"], "abstract": ["Benthic species from the tropicalPacific surrounding New Caledonia."], "theme": ["N/A"], "creditText": ["N/A"], "producer": ["\u00c2\u00a0Mus\u00c3\u00a9um National d'Histoire Naturelle;Department Systematics and Evolution- Philippe Bouchet "], "author": ["\u00c2\u00a0Mus\u00c3\u00a9um National d'Histoire Naturelle;Department Systematics and Evolution- Philippe Bouchet "], "spatialCoverage": [" calculated BBOX > station Bounding Box Bounding Box West Bounding Coordinate -179.96000671387 East Bounding Coordinate 179.99000549316 North Bounding Coordinate 24.940000534058 South Bounding Coordinate -29.770000457764"], "sponsor": ["N/A"], "size": ["N/A"], "sameAs": ["N/A"], "publication": ["N/A"], "provider": ["\u00c2\u00a0Mus\u00c3\u00a9um National d'Histoire Naturelle;Department Systematics and Evolution- Philippe Bouchet "], "position": ["N/A"], "measurementTechnique": ["N/A"], "material": ["N/A"], "maintainer": ["N/A"], "locationCreated": ["N/A"], "issn": ["N/A"], "isPartOf": ["N/A"], "isBasedOn": ["N/A"], "isAccessibleForFree": ["N/A"], "includedInDataCatalog": ["N/A"], "editor": ["N/A"], "editEIDR": ["N/A"], "copyrightYear": ["N/A"], "copyrightNotice": ["N/A"], "copyrightHolder": ["N/A"], "contributor": ["N/A"], "contentReferenceTime": ["N/A"], "contentLocation": ["N/A"], "character": ["N/A"], "acquireLicensePage": ["N/A"], "accessModeSufficient": ["N/A"], "about": ["N/A"], "rights": ["N/A"], "relation": ["N/A"], "qualifiedRelation": ["N/A"], "qualifiedAttribution": ["N/A"], "previousVersion": ["N/A"], "nextVersion": ["N/A"], "landingPage": ["N/A"], "isReferencedBy": ["N/A"], "hasVersion": ["N/A"], "hasPolicy": ["N/A"], "hasCurrentVersion": ["N/A"], "useConstraints": ["N/A"], "status": ["N/A"], "spatialRepresentationType": ["N/A"], "scope": ["N/A"], "purpose": ["N/A"], "otherLocale": ["N/A"], "metadataProfile": ["N/A"], "metadataLinkage": ["N/A"], "metadataIdentifier": ["N/A"], "environmentDescription": ["N/A"], "contentInfo": ["N/A"], "ResearchInfrastructure": ["LifeWatch"], "EssentialVariables": ["N/A"], "potentialTopics": ["N/A"]}