{"url": ["https://metadatacatalogue.lifewatch.eu:/geonetwork/api/records/oai:marineinfo.org:id:dataset:6556"], "name": ["Kelp occurrences in the Azores (northeast Atlantic)"], "description": ["Dataset collating kelp occurrences (presences andabsences) from surveys conducted across the Azores archipelago (NE Atlantic)using remotely operated vehicles, drop-downcameras, open and closed-circuit SCUBA diving, and fisheries by-catch information."], "datePublished": ["2021-12-02"], "language": ["en"], "creator": ["\u00c2\u00a0Institute of MarineResearch- Elizabeth Atchoi "], "metadataProvider": ["\u00c2\u00a0Flanders Marine Institute(VLIZ) BEhttps://www.vliz.be"], "contact": ["\u00c2\u00a0Flanders Marine Institute(VLIZ) BEhttps://www.vliz.be"], "associatedParty": ["N/A"], "licenseInformation": [" Intellectual Rights To the extent possible underlaw, the publisher has waived all rights to these data and has dedicated them to the Public Domain (CC01.0) . Users may copy, modify,distribute and use the work,including for commercial purposes, without restriction.\u00c2\u00a0 "], "downloadLink": ["https://metadatacatalogue.lifewatch.eu:/geonetwork/eng/catalog.search#/metadata/oai:marineinfo.org:id:dataset:6556"], "keywords": ["By catch Cameras Kelp Remotely operatedvehicles Scuba diving"], "geographicCoverage": ["Geographic Description ANE, Azores"], "westBoundingCoordinate": ["-28.05"], "eastBoundingCoordinate": ["-24.75"], "northBoundingCoordinate": ["39.1"], "southBoundingCoordinate": ["37.05"], "dateCreated": ["2004-06-28"], "temporalCoverageEndDate": ["2018-09-07"], "license": ["N/A"], "distribution": ["N/A"], "distributionInfo": ["N/A"], "identifier": ["https://metadatacatalogue.lifewatch.eu:/geonetwork/eng/catalog.search#/metadata/oai:marineinfo.org:id:dataset:6556"], "accessibilitySummary": ["N/A"], "version": ["N/A"], "temporalCoverage": ["N/A"], "publisher": ["N/A"], "spatial": ["N/A"], "citation": ["N/A"], "genre": ["N/A"], "modificationDate": ["2021-12-02"], "image": ["N/A"], "thumbnailUrl": ["N/A"], "headline": ["Kelp occurrences in the Azores (northeast Atlantic)"], "abstract": ["Dataset collating kelp occurrences (presences andabsences) from surveys conducted across the Azores archipelago (NE Atlantic)using remotely operated vehicles, drop-downcameras, open and closed-circuit SCUBA diving, and fisheries by-catch information."], "theme": ["N/A"], "creditText": ["N/A"], "producer": ["\u00c2\u00a0Institute of MarineResearch- Elizabeth Atchoi "], "author": ["\u00c2\u00a0Institute of MarineResearch- Elizabeth Atchoi "], "spatialCoverage": [" Azores"], "sponsor": ["N/A"], "size": ["N/A"], "sameAs": ["N/A"], "publication": ["N/A"], "provider": ["\u00c2\u00a0Institute of MarineResearch- Elizabeth Atchoi "], "position": ["N/A"], "measurementTechnique": ["N/A"], "material": ["N/A"], "maintainer": ["N/A"], "locationCreated": ["N/A"], "issn": ["N/A"], "isPartOf": ["N/A"], "isBasedOn": ["N/A"], "isAccessibleForFree": ["N/A"], "includedInDataCatalog": ["N/A"], "editor": ["N/A"], "editEIDR": ["N/A"], "copyrightYear": ["N/A"], "copyrightNotice": ["N/A"], "copyrightHolder": ["N/A"], "contributor": ["N/A"], "contentReferenceTime": ["N/A"], "contentLocation": ["N/A"], "character": ["N/A"], "acquireLicensePage": ["N/A"], "accessModeSufficient": ["N/A"], "about": ["N/A"], "rights": ["N/A"], "relation": ["N/A"], "qualifiedRelation": ["N/A"], "qualifiedAttribution": ["N/A"], "previousVersion": ["N/A"], "nextVersion": ["N/A"], "landingPage": ["N/A"], "isReferencedBy": ["N/A"], "hasVersion": ["N/A"], "hasPolicy": ["N/A"], "hasCurrentVersion": ["N/A"], "useConstraints": ["N/A"], "status": ["N/A"], "spatialRepresentationType": ["N/A"], "scope": ["N/A"], "purpose": ["N/A"], "otherLocale": ["N/A"], "metadataProfile": ["N/A"], "metadataLinkage": ["N/A"], "metadataIdentifier": ["N/A"], "environmentDescription": ["N/A"], "contentInfo": ["N/A"], "ResearchInfrastructure": ["LifeWatch"], "EssentialVariables": ["N/A"], "potentialTopics": ["N/A"]}