{"url": ["https://metadatacatalogue.lifewatch.eu:/srv/api/records/oai:marineinfo.org:id:dataset:883"], "name": ["Meiofauna and nematodes from the Atacama Slope and Trench"], "description": ["The meiofaunal abundance, biomass, communitystructure and nematode diversity were investigated in relation to the spatial distribution of the potential foodsources in the Atacama trench and open slope(South Pacific Ocean)."], "datePublished": ["2021-12-02"], "language": ["en"], "creator": ["\u00c2\u00a0Polytechnic University of Marche;Faculty of Sciences Department of MarineSciences IT "], "metadataProvider": ["\u00c2\u00a0Flanders Marine Institute(VLIZ) BEhttps://www.vliz.be"], "contact": ["\u00c2\u00a0Maria Cristina Gambi "], "associatedParty": [" pointOfContact\u00c2\u00a0Polytechnic University of Marche;Faculty of Sciences; Department of MarineSciences- Roberto Danovaro "], "licenseInformation": [" Intellectual Rights This work is licensed under a Creative Commons Attribution (CC-BY) 4.0 License .\u00c2\u00a0 "], "downloadLink": ["https://metadatacatalogue.lifewatch.eu:/srv/eng/catalog.search#/metadata/oai:marineinfo.org:id:dataset:883"], "keywords": ["Deep sea Meiobenthos Trenches (oceanic)"], "geographicCoverage": ["Geographic Description EurOBIS calculated BBOX > station Bounding Box Bounding Box West Bounding Coordinate -71.35 East Bounding Coordinate -70.62333 North Bounding Coordinate -23.25 South Bounding Coordinate -23.77667"], "westBoundingCoordinate": ["-71.35"], "eastBoundingCoordinate": ["-70.62333"], "northBoundingCoordinate": ["-23.25"], "southBoundingCoordinate": ["-23.77667"], "dateCreated": ["1997-09-01"], "temporalCoverageEndDate": ["1997-09-01"], "license": ["N/A"], "distribution": ["N/A"], "distributionInfo": ["N/A"], "identifier": ["https://metadatacatalogue.lifewatch.eu:/srv/eng/catalog.search#/metadata/oai:marineinfo.org:id:dataset:883"], "accessibilitySummary": ["N/A"], "version": ["N/A"], "temporalCoverage": ["N/A"], "publisher": ["N/A"], "spatial": ["N/A"], "citation": ["N/A"], "genre": ["N/A"], "modificationDate": ["2021-12-02"], "image": ["N/A"], "thumbnailUrl": ["N/A"], "headline": ["Meiofauna and nematodes from the Atacama Slope and Trench"], "abstract": ["The meiofaunal abundance, biomass, communitystructure and nematode diversity were investigated in relation to the spatial distribution of the potential foodsources in the Atacama trench and open slope(South Pacific Ocean)."], "theme": ["N/A"], "creditText": ["N/A"], "producer": ["\u00c2\u00a0Polytechnic University of Marche;Faculty of Sciences Department of MarineSciences IT "], "author": ["\u00c2\u00a0Polytechnic University of Marche;Faculty of Sciences Department of MarineSciences IT "], "spatialCoverage": [" calculated BBOX > station Bounding Box Bounding Box West Bounding Coordinate -71.35 East Bounding Coordinate -70.62333 North Bounding Coordinate -23.25 South Bounding Coordinate -23.77667"], "sponsor": ["N/A"], "size": ["N/A"], "sameAs": ["N/A"], "publication": ["N/A"], "provider": ["\u00c2\u00a0Polytechnic University of Marche;Faculty of Sciences Department of MarineSciences IT "], "position": ["N/A"], "measurementTechnique": ["N/A"], "material": ["N/A"], "maintainer": ["N/A"], "locationCreated": ["N/A"], "issn": ["N/A"], "isPartOf": ["N/A"], "isBasedOn": ["N/A"], "isAccessibleForFree": ["N/A"], "includedInDataCatalog": ["N/A"], "editor": ["N/A"], "editEIDR": ["N/A"], "copyrightYear": ["N/A"], "copyrightNotice": ["N/A"], "copyrightHolder": ["N/A"], "contributor": ["N/A"], "contentReferenceTime": ["N/A"], "contentLocation": ["N/A"], "character": ["N/A"], "acquireLicensePage": ["N/A"], "accessModeSufficient": ["N/A"], "about": ["N/A"], "rights": ["N/A"], "relation": ["N/A"], "qualifiedRelation": ["N/A"], "qualifiedAttribution": ["N/A"], "previousVersion": ["N/A"], "nextVersion": ["N/A"], "landingPage": ["N/A"], "isReferencedBy": ["N/A"], "hasVersion": ["N/A"], "hasPolicy": ["N/A"], "hasCurrentVersion": ["N/A"], "useConstraints": ["N/A"], "status": ["N/A"], "spatialRepresentationType": ["N/A"], "scope": ["N/A"], "purpose": ["N/A"], "otherLocale": ["N/A"], "metadataProfile": ["N/A"], "metadataLinkage": ["N/A"], "metadataIdentifier": ["N/A"], "environmentDescription": ["N/A"], "contentInfo": ["N/A"], "ResearchInfrastructure": ["LifeWatch"], "EssentialVariables": ["N/A"], "potentialTopics": ["N/A"]}