{"url": ["https://metadatacatalogue.lifewatch.eu:/geonetwork/api/records/oai:marineinfo.org:id:dataset:5786"], "name": ["Zooplankton and Ichthyoplankton of the North Western Portuguese Coast in May 2002"], "description": ["The objective of this data collection was to analisethe daily vertical migration of decapod larvae in the water column in the northwestern portuguese coast and to assessitscorrelations with environmental parameteres. In order to do this plankton samples were collected with Bongo nets, LHPR multisamplerand Neuston net in a area between the north western Portuguese coast and the 10 \u00c2\u00b0W and between the 40\u00c2\u00b0 and 42\u00c2\u00b0N and, aditionally at a fixed location during a 67 hours period,every two hours. In the fixed sampling point a plankton trap was also deployed. The data set presentedcorresponds to the zooplankton analysed in all the samplestaken. This work is part of theProRecruit project, which aimed todescribe the spatial and temporal variability of the recruitmentof coastal invertebrate species that show a planktonic larvar phase intheir lifecylce, and understand the impactof environmental variables which may control its supplyto the coastal systems."], "datePublished": ["2021-12-02"], "language": ["en"], "creator": ["\u00c2\u00a0Patr\u00c3\u00adcia Louren\u00c3\u00a7o "], "metadataProvider": ["\u00c2\u00a0Flanders Marine Institute(VLIZ) BEhttps://www.vliz.be"], "contact": ["\u00c2\u00a0Portuguese Institute of the SeaandAtmosphere- Antonina Dos Santos "], "associatedParty": [" pointOfContact\u00c2\u00a0Portuguese Institute of the SeaandAtmosphere- Alessandro Marraccini "], "licenseInformation": [" Intellectual Rights This work is licensed under a Creative Commons Attribution NonCommercial (CC-BY-NC) 4.0 License .\u00c2\u00a0 "], "downloadLink": ["https://metadatacatalogue.lifewatch.eu:/srv/eng/catalog.search#/metadata/oai:marineinfo.org:id:dataset:5786"], "keywords": ["N/A"], "geographicCoverage": ["Geographic Description ANE, Portugal"], "westBoundingCoordinate": ["-9.761"], "eastBoundingCoordinate": ["-8.716"], "northBoundingCoordinate": ["40.9"], "southBoundingCoordinate": ["40.3"], "dateCreated": ["2002-05-01"], "temporalCoverageEndDate": ["2002-05-01"], "license": ["N/A"], "distribution": ["N/A"], "distributionInfo": ["N/A"], "identifier": ["https://metadatacatalogue.lifewatch.eu:/srv/eng/catalog.search#/metadata/oai:marineinfo.org:id:dataset:5786"], "accessibilitySummary": ["N/A"], "version": ["N/A"], "temporalCoverage": ["N/A"], "publisher": ["N/A"], "spatial": ["N/A"], "citation": ["N/A"], "genre": ["N/A"], "modificationDate": ["2021-12-02"], "image": ["N/A"], "thumbnailUrl": ["N/A"], "headline": ["Zooplankton and Ichthyoplankton of the North Western Portuguese Coast in May 2002"], "abstract": ["The objective of this data collection was to analisethe daily vertical migration of decapod larvae in the water column in the northwestern portuguese coast and to assessitscorrelations with environmental parameteres. In order to do this plankton samples were collected with Bongo nets, LHPR multisamplerand Neuston net in a area between the north western Portuguese coast and the 10 \u00c2\u00b0W and between the 40\u00c2\u00b0 and 42\u00c2\u00b0N and, aditionally at a fixed location during a 67 hours period,every two hours. In the fixed sampling point a plankton trap was also deployed. The data set presentedcorresponds to the zooplankton analysed in all the samplestaken. This work is part of theProRecruit project, which aimed todescribe the spatial and temporal variability of the recruitmentof coastal invertebrate species that show a planktonic larvar phase intheir lifecylce, and understand the impactof environmental variables which may control its supplyto the coastal systems."], "theme": ["N/A"], "creditText": ["N/A"], "producer": ["\u00c2\u00a0Patr\u00c3\u00adcia Louren\u00c3\u00a7o "], "author": ["\u00c2\u00a0Patr\u00c3\u00adcia Louren\u00c3\u00a7o "], "spatialCoverage": [" Portugal"], "sponsor": ["N/A"], "size": ["N/A"], "sameAs": ["N/A"], "publication": ["N/A"], "provider": ["\u00c2\u00a0Patr\u00c3\u00adcia Louren\u00c3\u00a7o "], "position": ["N/A"], "measurementTechnique": ["N/A"], "material": ["N/A"], "maintainer": ["N/A"], "locationCreated": ["N/A"], "issn": ["N/A"], "isPartOf": ["N/A"], "isBasedOn": ["N/A"], "isAccessibleForFree": ["N/A"], "includedInDataCatalog": ["N/A"], "editor": ["N/A"], "editEIDR": ["N/A"], "copyrightYear": ["N/A"], "copyrightNotice": ["N/A"], "copyrightHolder": ["N/A"], "contributor": ["N/A"], "contentReferenceTime": ["N/A"], "contentLocation": ["N/A"], "character": ["N/A"], "acquireLicensePage": ["N/A"], "accessModeSufficient": ["N/A"], "about": ["N/A"], "rights": ["N/A"], "relation": ["N/A"], "qualifiedRelation": ["N/A"], "qualifiedAttribution": ["N/A"], "previousVersion": ["N/A"], "nextVersion": ["N/A"], "landingPage": ["N/A"], "isReferencedBy": ["N/A"], "hasVersion": ["N/A"], "hasPolicy": ["N/A"], "hasCurrentVersion": ["N/A"], "useConstraints": ["N/A"], "status": ["N/A"], "spatialRepresentationType": ["N/A"], "scope": ["N/A"], "purpose": ["N/A"], "otherLocale": ["N/A"], "metadataProfile": ["N/A"], "metadataLinkage": ["N/A"], "metadataIdentifier": ["N/A"], "environmentDescription": ["N/A"], "contentInfo": ["N/A"], "ResearchInfrastructure": ["LifeWatch"], "EssentialVariables": ["N/A"], "potentialTopics": ["N/A"]}