{"url": ["https://metadatacatalogue.lifewatch.eu:/srv/api/records/oai:marineinfo.org:id:dataset:4460"], "name": ["Inventory of intertidal benthic diatoms of Gazi Bay (Kenya) sampled in September 1991"], "description": ["This dataset contains a list of intertidaldiatom species sampled at Gazi Bay (Kenya) in September 1991. Samples were taken from the upper 1 centimeter at each station using a Perspex insert tube (diameter 22mm). Identification of the diatoms was done on light- and electron microscopy. The datawere digitized by VLIZ from the originalreport: Van Zele, M. (1992). Intertidalebenthische diatomee\u00c3\u00abn van Gazi Bay (Kenya).Intertidal benthic diatoms of Gazi Bay (Kenya). MSc Thesis. RijksuniversiteitGent. Faculteit Wetenschappen: Gent. VOL. 1 (114 P.);VOL. 2 (PL., fig.); vol. 3 (photoalbumpp."], "datePublished": ["2021-12-02"], "language": ["en"], "creator": ["\u00c2\u00a0Universiteit Gent; Faculteit Wetenschappen;Vakgroep Biologie; LaboratoriumPlantkunde "], "metadataProvider": ["\u00c2\u00a0Flanders Marine Institute(VLIZ) BEhttps://www.vliz.be"], "contact": ["\u00c2\u00a0Vlaams Instituut voor de Zee BE "], "associatedParty": [" custodianSteward\u00c2\u00a0Vlaams Instituut voor de Zee BE "], "licenseInformation": [" Intellectual Rights This work is licensed under a Creative Commons Attribution (CC-BY) 4.0 License .\u00c2\u00a0 "], "downloadLink": ["https://metadatacatalogue.lifewatch.eu:/srv/eng/catalog.search#/metadata/oai:marineinfo.org:id:dataset:4460"], "keywords": ["Benthic diatoms Microphytobenthos"], "geographicCoverage": ["Geographic Description ISW, Kenya, Coast, Gazi Bay"], "westBoundingCoordinate": ["N/A"], "eastBoundingCoordinate": ["N/A"], "northBoundingCoordinate": ["N/A"], "southBoundingCoordinate": ["N/A"], "dateCreated": ["1991-09-07"], "temporalCoverageEndDate": ["1991-09-23"], "license": ["N/A"], "distribution": ["N/A"], "distributionInfo": ["N/A"], "identifier": ["https://metadatacatalogue.lifewatch.eu:/srv/eng/catalog.search#/metadata/oai:marineinfo.org:id:dataset:4460"], "accessibilitySummary": ["N/A"], "version": ["N/A"], "temporalCoverage": ["N/A"], "publisher": ["N/A"], "spatial": ["N/A"], "citation": ["N/A"], "genre": ["N/A"], "modificationDate": ["2021-12-02"], "image": ["N/A"], "thumbnailUrl": ["N/A"], "headline": ["Inventory of intertidal benthic diatoms of Gazi Bay (Kenya) sampled in September 1991"], "abstract": ["This dataset contains a list of intertidaldiatom species sampled at Gazi Bay (Kenya) in September 1991. Samples were taken from the upper 1 centimeter at each station using a Perspex insert tube (diameter 22mm). Identification of the diatoms was done on light- and electron microscopy. The datawere digitized by VLIZ from the originalreport: Van Zele, M. (1992). Intertidalebenthische diatomee\u00c3\u00abn van Gazi Bay (Kenya).Intertidal benthic diatoms of Gazi Bay (Kenya). MSc Thesis. RijksuniversiteitGent. Faculteit Wetenschappen: Gent. VOL. 1 (114 P.);VOL. 2 (PL., fig.); vol. 3 (photoalbumpp."], "theme": ["N/A"], "creditText": ["N/A"], "producer": ["\u00c2\u00a0Universiteit Gent; Faculteit Wetenschappen;Vakgroep Biologie; LaboratoriumPlantkunde "], "author": ["\u00c2\u00a0Universiteit Gent; Faculteit Wetenschappen;Vakgroep Biologie; LaboratoriumPlantkunde "], "spatialCoverage": [" Kenya Coast Gazi Bay"], "sponsor": ["N/A"], "size": ["N/A"], "sameAs": ["N/A"], "publication": ["N/A"], "provider": ["\u00c2\u00a0Universiteit Gent; Faculteit Wetenschappen;Vakgroep Biologie; LaboratoriumPlantkunde "], "position": ["N/A"], "measurementTechnique": ["N/A"], "material": ["N/A"], "maintainer": ["N/A"], "locationCreated": ["N/A"], "issn": ["N/A"], "isPartOf": ["N/A"], "isBasedOn": ["N/A"], "isAccessibleForFree": ["N/A"], "includedInDataCatalog": ["N/A"], "editor": ["N/A"], "editEIDR": ["N/A"], "copyrightYear": ["N/A"], "copyrightNotice": ["N/A"], "copyrightHolder": ["N/A"], "contributor": ["N/A"], "contentReferenceTime": ["N/A"], "contentLocation": ["N/A"], "character": ["N/A"], "acquireLicensePage": ["N/A"], "accessModeSufficient": ["N/A"], "about": ["N/A"], "rights": ["N/A"], "relation": ["N/A"], "qualifiedRelation": ["N/A"], "qualifiedAttribution": ["N/A"], "previousVersion": ["N/A"], "nextVersion": ["N/A"], "landingPage": ["N/A"], "isReferencedBy": ["N/A"], "hasVersion": ["N/A"], "hasPolicy": ["N/A"], "hasCurrentVersion": ["N/A"], "useConstraints": ["N/A"], "status": ["N/A"], "spatialRepresentationType": ["N/A"], "scope": ["N/A"], "purpose": ["N/A"], "otherLocale": ["N/A"], "metadataProfile": ["N/A"], "metadataLinkage": ["N/A"], "metadataIdentifier": ["N/A"], "environmentDescription": ["N/A"], "contentInfo": ["N/A"], "ResearchInfrastructure": ["LifeWatch"], "EssentialVariables": ["N/A"], "potentialTopics": ["N/A"]}