{"url": ["https://metadatacatalogue.lifewatch.eu:/srv/api/records/oai:marineinfo.org:id:dataset:6514"], "name": ["Occurrence of Eukaryotes in the size fraction >680 micrometres, collected worldwide during the Tara Oceans expedition (2009-2013) using a R\u00c3\u00a9gent net and analysed on a ZooScan imaging platform"], "description": ["The Tara Oceans project sampled contrastingecosystems of the world oceans during a three-yearexpedition(2009-2013), collecting environmental data and plankton, from virusesto metazoans, on board the36-metre Tara Schooner. It surveyed 210 ecosystems in 20 biogeographic provinces, collecting over 35,000 samples ofseawater and plankton. Samples were later analysedusing modern sequencing and state-of-the-art imagingtechnologies."], "datePublished": ["2021-12-02"], "language": ["en"], "creator": ["\u00c2\u00a0European Molecular Biology Laboratory;European Bioinformatics Institute- Stefanie Kandels-Lewis "], "metadataProvider": ["\u00c2\u00a0Flanders Marine Institute(VLIZ) BEhttps://www.vliz.be"], "contact": ["\u00c2\u00a0Sorbonne Universit\u00c3\u00a9; Sorbonne Universit\u00c3\u00a9/CNRS,Laboratoire d'Oc\u00c3\u00a9anographie de Villefranche- Fabien Lombard "], "associatedParty": ["N/A"], "licenseInformation": [" Intellectual Rights This work is licensed under a Creative Commons Attribution (CC-BY) 4.0 License .\u00c2\u00a0 "], "downloadLink": ["https://metadatacatalogue.lifewatch.eu:/srv/eng/catalog.search#/metadata/oai:marineinfo.org:id:dataset:6514"], "keywords": ["EcoTaxa"], "geographicCoverage": ["Geographic Description A, North Atlantic Bounding Box West Bounding Coordinate -168.192 East Bounding Coordinate 174.992 North Bounding Coordinate 79.227 South Bounding Coordinate -64.206"], "westBoundingCoordinate": ["-168.192"], "eastBoundingCoordinate": ["174.992"], "northBoundingCoordinate": ["79.227"], "southBoundingCoordinate": ["-64.206"], "dateCreated": ["2009-09-07"], "temporalCoverageEndDate": ["2013-10-27"], "license": ["https://ecotaxa.obs-vlfr.fr/api/collections/by_short_title?q=tara-oceans-regent-zooscan"], "distribution": ["https://ecotaxa.obs-vlfr.fr/api/collections/by_short_title?q=tara-oceans-regent-zooscan"], "distributionInfo": ["https://ecotaxa.obs-vlfr.fr/api/collections/by_short_title?q=tara-oceans-regent-zooscan"], "identifier": ["https://metadatacatalogue.lifewatch.eu:/srv/eng/catalog.search#/metadata/oai:marineinfo.org:id:dataset:6514"], "accessibilitySummary": ["N/A"], "version": ["N/A"], "temporalCoverage": ["N/A"], "publisher": ["N/A"], "spatial": ["N/A"], "citation": ["N/A"], "genre": ["N/A"], "modificationDate": ["2021-12-02"], "image": ["N/A"], "thumbnailUrl": ["N/A"], "headline": ["Occurrence of Eukaryotes in the size fraction >680 micrometres, collected worldwide during the Tara Oceans expedition (2009-2013) using a R\u00c3\u00a9gent net and analysed on a ZooScan imaging platform"], "abstract": ["The Tara Oceans project sampled contrastingecosystems of the world oceans during a three-yearexpedition(2009-2013), collecting environmental data and plankton, from virusesto metazoans, on board the36-metre Tara Schooner. It surveyed 210 ecosystems in 20 biogeographic provinces, collecting over 35,000 samples ofseawater and plankton. Samples were later analysedusing modern sequencing and state-of-the-art imagingtechnologies."], "theme": ["N/A"], "creditText": ["N/A"], "producer": ["\u00c2\u00a0European Molecular Biology Laboratory;European Bioinformatics Institute- Stefanie Kandels-Lewis "], "author": ["\u00c2\u00a0European Molecular Biology Laboratory;European Bioinformatics Institute- Stefanie Kandels-Lewis "], "spatialCoverage": [" A North Atlantic Bounding Box West Bounding Coordinate -168.192 East Bounding Coordinate 174.992 North Bounding Coordinate 79.227 South Bounding Coordinate -64.206"], "sponsor": ["N/A"], "size": ["N/A"], "sameAs": ["N/A"], "publication": ["N/A"], "provider": ["\u00c2\u00a0European Molecular Biology Laboratory;European Bioinformatics Institute- Stefanie Kandels-Lewis "], "position": ["N/A"], "measurementTechnique": ["N/A"], "material": ["N/A"], "maintainer": ["N/A"], "locationCreated": ["N/A"], "issn": ["N/A"], "isPartOf": ["N/A"], "isBasedOn": ["N/A"], "isAccessibleForFree": ["N/A"], "includedInDataCatalog": ["N/A"], "editor": ["N/A"], "editEIDR": ["N/A"], "copyrightYear": ["N/A"], "copyrightNotice": ["N/A"], "copyrightHolder": ["N/A"], "contributor": ["N/A"], "contentReferenceTime": ["N/A"], "contentLocation": ["N/A"], "character": ["N/A"], "acquireLicensePage": ["N/A"], "accessModeSufficient": ["N/A"], "about": ["N/A"], "rights": ["N/A"], "relation": ["N/A"], "qualifiedRelation": ["N/A"], "qualifiedAttribution": ["N/A"], "previousVersion": ["N/A"], "nextVersion": ["N/A"], "landingPage": ["N/A"], "isReferencedBy": ["N/A"], "hasVersion": ["N/A"], "hasPolicy": ["N/A"], "hasCurrentVersion": ["N/A"], "useConstraints": ["N/A"], "status": ["N/A"], "spatialRepresentationType": ["N/A"], "scope": ["N/A"], "purpose": ["N/A"], "otherLocale": ["N/A"], "metadataProfile": ["N/A"], "metadataLinkage": ["N/A"], "metadataIdentifier": ["N/A"], "environmentDescription": ["N/A"], "contentInfo": ["N/A"], "ResearchInfrastructure": ["LifeWatch"], "EssentialVariables": ["N/A"], "potentialTopics": ["N/A"]}