{"url": ["https://metadatacatalogue.lifewatch.eu:/geonetwork/api/records/oai:marineinfo.org:id:dataset:5997"], "name": ["Zooplankton in the Coastal Waters of Zmiinyi island in the Black Sea (2003-2006)"], "description": ["Species composition, abundance and biomass of zooplankton in the coastal waters of the Zmiinyi Island in the Black Sea in 2003-2006."], "datePublished": ["2021-12-02"], "language": ["en"], "creator": ["\u00c2\u00a0Odessa National I.I. MechnikovUniversity- Anna Chaschina "], "metadataProvider": ["\u00c2\u00a0Flanders Marine Institute(VLIZ) BEhttps://www.vliz.be"], "contact": ["\u00c2\u00a0Flanders Marine Institute(VLIZ) BEhttps://www.vliz.be"], "associatedParty": ["N/A"], "licenseInformation": [" Intellectual Rights To the extent possible underlaw, the publisher has waived all rights to these data and has dedicated them to the Public Domain (CC01.0) . Users may copy, modify,distribute and use the work,including for commercial purposes, without restriction.\u00c2\u00a0 "], "downloadLink": ["https://metadatacatalogue.lifewatch.eu:/geonetwork/eng/catalog.search#/metadata/oai:marineinfo.org:id:dataset:5997"], "keywords": ["North-western blacksea Zooplankton abundance Zooplankton biomass Zooplankton species"], "geographicCoverage": ["Geographic Description EurOBIS calculated BBOX > station Bounding Box Bounding Box West Bounding Coordinate 29.68 East Bounding Coordinate 30.22 North Bounding Coordinate 45.55 South Bounding Coordinate 45.19"], "westBoundingCoordinate": ["29.68"], "eastBoundingCoordinate": ["30.22"], "northBoundingCoordinate": ["45.55"], "southBoundingCoordinate": ["45.19"], "dateCreated": ["2003-05-25"], "temporalCoverageEndDate": ["2006-09-21"], "license": ["N/A"], "distribution": ["N/A"], "distributionInfo": ["N/A"], "identifier": ["https://metadatacatalogue.lifewatch.eu:/geonetwork/eng/catalog.search#/metadata/oai:marineinfo.org:id:dataset:5997"], "accessibilitySummary": ["N/A"], "version": ["N/A"], "temporalCoverage": ["N/A"], "publisher": ["N/A"], "spatial": ["N/A"], "citation": ["N/A"], "genre": ["N/A"], "modificationDate": ["2021-12-02"], "image": ["N/A"], "thumbnailUrl": ["N/A"], "headline": ["Zooplankton in the Coastal Waters of Zmiinyi island in the Black Sea (2003-2006)"], "abstract": ["Species composition, abundance and biomass of zooplankton in the coastal waters of the Zmiinyi Island in the Black Sea in 2003-2006."], "theme": ["N/A"], "creditText": ["N/A"], "producer": ["\u00c2\u00a0Odessa National I.I. MechnikovUniversity- Anna Chaschina "], "author": ["\u00c2\u00a0Odessa National I.I. MechnikovUniversity- Anna Chaschina "], "spatialCoverage": [" calculated BBOX > station Bounding Box Bounding Box West Bounding Coordinate 29.68 East Bounding Coordinate 30.22 North Bounding Coordinate 45.55 South Bounding Coordinate 45.19"], "sponsor": ["N/A"], "size": ["N/A"], "sameAs": ["N/A"], "publication": ["N/A"], "provider": ["\u00c2\u00a0Odessa National I.I. MechnikovUniversity- Anna Chaschina "], "position": ["N/A"], "measurementTechnique": ["N/A"], "material": ["N/A"], "maintainer": ["N/A"], "locationCreated": ["N/A"], "issn": ["N/A"], "isPartOf": ["N/A"], "isBasedOn": ["N/A"], "isAccessibleForFree": ["N/A"], "includedInDataCatalog": ["N/A"], "editor": ["N/A"], "editEIDR": ["N/A"], "copyrightYear": ["N/A"], "copyrightNotice": ["N/A"], "copyrightHolder": ["N/A"], "contributor": ["N/A"], "contentReferenceTime": ["N/A"], "contentLocation": ["N/A"], "character": ["N/A"], "acquireLicensePage": ["N/A"], "accessModeSufficient": ["N/A"], "about": ["N/A"], "rights": ["N/A"], "relation": ["N/A"], "qualifiedRelation": ["N/A"], "qualifiedAttribution": ["N/A"], "previousVersion": ["N/A"], "nextVersion": ["N/A"], "landingPage": ["N/A"], "isReferencedBy": ["N/A"], "hasVersion": ["N/A"], "hasPolicy": ["N/A"], "hasCurrentVersion": ["N/A"], "useConstraints": ["N/A"], "status": ["N/A"], "spatialRepresentationType": ["N/A"], "scope": ["N/A"], "purpose": ["N/A"], "otherLocale": ["N/A"], "metadataProfile": ["N/A"], "metadataLinkage": ["N/A"], "metadataIdentifier": ["N/A"], "environmentDescription": ["N/A"], "contentInfo": ["N/A"], "ResearchInfrastructure": ["LifeWatch"], "EssentialVariables": ["N/A"], "potentialTopics": ["N/A"]}