{"url": ["https://metadatacatalogue.lifewatch.eu:/srv/api/records/oai:marineinfo.org:id:dataset:6590"], "name": ["Dutch long term monitoring of phytoplankton in the Dutch Continental Economical Zone of the North Sea (2000-2018)"], "description": ["Long term measurements of phytoplankton composition in the Dutchnational part of the North Sea. Samples were taken 12 - 24 times per year between 2000and 2018 and analysedto the level of genus,species, or othertaxon group. The dataset has been usedforassessment of the marine environment and habitatquality in the scope of the OSPAR Quality Status Reports and the Marine Strategy Framework Directive. Currently, there are known issues concerning the quality of the data caused by changes in analytic procedures and labs. Whenmore information is available, thiswill be publishedthrough EMODnet. The monitoring is directed and the dataset is maintained by Rijkswaterstaat, the executing body of the DutchMinistery for Infrastructure and Environment. Publication of the dataset has been facilitated by Deltares,TheNetherlands."], "datePublished": ["2021-12-02"], "language": ["en"], "creator": ["\u00c2\u00a0Ministerie van Infrastructuur en Milieu;Rijkswaterstaat "], "metadataProvider": ["\u00c2\u00a0Flanders Marine Institute(VLIZ) BEhttps://www.vliz.be"], "contact": ["\u00c2\u00a0Deltares; Unit Marineand Coastal Systems- Luuk van der Heijden "], "associatedParty": [" custodianSteward\u00c2\u00a0Deltares; Unit Marineand Coastal Systems- Luuk van der Heijden "], "licenseInformation": [" Intellectual Rights To the extent possible underlaw, the publisher has waived all rights to these data and has dedicated them to the Public Domain (CC01.0) . Users may copy, modify,distribute and use the work,including for commercial purposes, without restriction.\u00c2\u00a0 "], "downloadLink": ["https://metadatacatalogue.lifewatch.eu:/geonetwork/eng/catalog.search#/metadata/oai:marineinfo.org:id:dataset:6590"], "keywords": ["Long-term monitoring Marine Strategy FrameworkDirective MSFD"], "geographicCoverage": ["Geographic Description ANE, Netherlands, Dutch Continental Shelf"], "westBoundingCoordinate": ["2.679167"], "eastBoundingCoordinate": ["7.157357971"], "northBoundingCoordinate": ["55.172222"], "southBoundingCoordinate": ["51.35118367"], "dateCreated": ["2000-01-01"], "temporalCoverageEndDate": ["2018-12-31"], "license": ["N/A"], "distribution": ["N/A"], "distributionInfo": ["N/A"], "identifier": ["https://metadatacatalogue.lifewatch.eu:/geonetwork/eng/catalog.search#/metadata/oai:marineinfo.org:id:dataset:6590"], "accessibilitySummary": ["N/A"], "version": ["N/A"], "temporalCoverage": ["N/A"], "publisher": ["N/A"], "spatial": ["N/A"], "citation": ["N/A"], "genre": ["N/A"], "modificationDate": ["2021-12-02"], "image": ["N/A"], "thumbnailUrl": ["N/A"], "headline": ["Dutch long term monitoring of phytoplankton in the Dutch Continental Economical Zone of the North Sea (2000-2018)"], "abstract": ["Long term measurements of phytoplankton composition in the Dutchnational part of the North Sea. Samples were taken 12 - 24 times per year between 2000and 2018 and analysedto the level of genus,species, or othertaxon group. The dataset has been usedforassessment of the marine environment and habitatquality in the scope of the OSPAR Quality Status Reports and the Marine Strategy Framework Directive. Currently, there are known issues concerning the quality of the data caused by changes in analytic procedures and labs. Whenmore information is available, thiswill be publishedthrough EMODnet. The monitoring is directed and the dataset is maintained by Rijkswaterstaat, the executing body of the DutchMinistery for Infrastructure and Environment. Publication of the dataset has been facilitated by Deltares,TheNetherlands."], "theme": ["N/A"], "creditText": ["N/A"], "producer": ["\u00c2\u00a0Ministerie van Infrastructuur en Milieu;Rijkswaterstaat "], "author": ["\u00c2\u00a0Ministerie van Infrastructuur en Milieu;Rijkswaterstaat "], "spatialCoverage": [" Netherlands Dutch Continental Shelf"], "sponsor": ["N/A"], "size": ["N/A"], "sameAs": ["N/A"], "publication": ["N/A"], "provider": ["\u00c2\u00a0Ministerie van Infrastructuur en Milieu;Rijkswaterstaat "], "position": ["N/A"], "measurementTechnique": ["N/A"], "material": ["N/A"], "maintainer": ["N/A"], "locationCreated": ["N/A"], "issn": ["N/A"], "isPartOf": ["N/A"], "isBasedOn": ["N/A"], "isAccessibleForFree": ["N/A"], "includedInDataCatalog": ["N/A"], "editor": ["N/A"], "editEIDR": ["N/A"], "copyrightYear": ["N/A"], "copyrightNotice": ["N/A"], "copyrightHolder": ["N/A"], "contributor": ["N/A"], "contentReferenceTime": ["N/A"], "contentLocation": ["N/A"], "character": ["N/A"], "acquireLicensePage": ["N/A"], "accessModeSufficient": ["N/A"], "about": ["N/A"], "rights": ["N/A"], "relation": ["N/A"], "qualifiedRelation": ["N/A"], "qualifiedAttribution": ["N/A"], "previousVersion": ["N/A"], "nextVersion": ["N/A"], "landingPage": ["N/A"], "isReferencedBy": ["N/A"], "hasVersion": ["N/A"], "hasPolicy": ["N/A"], "hasCurrentVersion": ["N/A"], "useConstraints": ["N/A"], "status": ["N/A"], "spatialRepresentationType": ["N/A"], "scope": ["N/A"], "purpose": ["N/A"], "otherLocale": ["N/A"], "metadataProfile": ["N/A"], "metadataLinkage": ["N/A"], "metadataIdentifier": ["N/A"], "environmentDescription": ["N/A"], "contentInfo": ["N/A"], "ResearchInfrastructure": ["LifeWatch"], "EssentialVariables": ["N/A"], "potentialTopics": ["N/A"]}