{"url": ["https://metadatacatalogue.lifewatch.eu:/geonetwork/api/records/oai:marineinfo.org:id:dataset:2975"], "name": ["Monthly variation in the macrozoobenthic community structure in Monolimni Lagoon (Evros Delta, N. Aegean Sea)"], "description": ["The dataset contains data on the presenceofmacrobenthos from 2 stationsin the Monolmni Lagoon in the ErvosDelta which were sampled monthly in 1998."], "datePublished": ["2021-12-02"], "language": ["en"], "creator": ["\u00c2\u00a0Democritus University of Thrace;Department of Primary Education- Theodoros Kevrekidis "], "metadataProvider": ["\u00c2\u00a0Flanders Marine Institute(VLIZ) BEhttps://www.vliz.be"], "contact": ["\u00c2\u00a0Democritus University of Thrace;Department of Primary Education- Theodoros Kevrekidis "], "associatedParty": ["N/A"], "licenseInformation": [" Intellectual Rights This work is licensed under a Creative Commons Attribution (CC-BY) 4.0 License .\u00c2\u00a0 "], "downloadLink": ["https://metadatacatalogue.lifewatch.eu:/geonetwork/eng/catalog.search#/metadata/oai:marineinfo.org:id:dataset:2975"], "keywords": ["Benthos"], "geographicCoverage": ["Geographic Description EurOBIS calculated BBOX > station Bounding Box Bounding Box West Bounding Coordinate 26.054 East Bounding Coordinate 26.06 North Bounding Coordinate 40.779 South Bounding Coordinate 40.77"], "westBoundingCoordinate": ["26.054"], "eastBoundingCoordinate": ["26.06"], "northBoundingCoordinate": ["40.779"], "southBoundingCoordinate": ["40.77"], "dateCreated": ["1998-02-01"], "temporalCoverageEndDate": ["1999-02-01"], "license": ["N/A"], "distribution": ["N/A"], "distributionInfo": ["N/A"], "identifier": ["https://metadatacatalogue.lifewatch.eu:/geonetwork/eng/catalog.search#/metadata/oai:marineinfo.org:id:dataset:2975"], "accessibilitySummary": ["N/A"], "version": ["N/A"], "temporalCoverage": ["N/A"], "publisher": ["N/A"], "spatial": ["N/A"], "citation": ["N/A"], "genre": ["N/A"], "modificationDate": ["2021-12-02"], "image": ["N/A"], "thumbnailUrl": ["N/A"], "headline": ["Monthly variation in the macrozoobenthic community structure in Monolimni Lagoon (Evros Delta, N. Aegean Sea)"], "abstract": ["The dataset contains data on the presenceofmacrobenthos from 2 stationsin the Monolmni Lagoon in the ErvosDelta which were sampled monthly in 1998."], "theme": ["N/A"], "creditText": ["N/A"], "producer": ["\u00c2\u00a0Democritus University of Thrace;Department of Primary Education- Theodoros Kevrekidis "], "author": ["\u00c2\u00a0Democritus University of Thrace;Department of Primary Education- Theodoros Kevrekidis "], "spatialCoverage": [" calculated BBOX > station Bounding Box Bounding Box West Bounding Coordinate 26.054 East Bounding Coordinate 26.06 North Bounding Coordinate 40.779 South Bounding Coordinate 40.77"], "sponsor": ["N/A"], "size": ["N/A"], "sameAs": ["N/A"], "publication": ["N/A"], "provider": ["\u00c2\u00a0Democritus University of Thrace;Department of Primary Education- Theodoros Kevrekidis "], "position": ["N/A"], "measurementTechnique": ["N/A"], "material": ["N/A"], "maintainer": ["N/A"], "locationCreated": ["N/A"], "issn": ["N/A"], "isPartOf": ["N/A"], "isBasedOn": ["N/A"], "isAccessibleForFree": ["N/A"], "includedInDataCatalog": ["N/A"], "editor": ["N/A"], "editEIDR": ["N/A"], "copyrightYear": ["N/A"], "copyrightNotice": ["N/A"], "copyrightHolder": ["N/A"], "contributor": ["N/A"], "contentReferenceTime": ["N/A"], "contentLocation": ["N/A"], "character": ["N/A"], "acquireLicensePage": ["N/A"], "accessModeSufficient": ["N/A"], "about": ["N/A"], "rights": ["N/A"], "relation": ["N/A"], "qualifiedRelation": ["N/A"], "qualifiedAttribution": ["N/A"], "previousVersion": ["N/A"], "nextVersion": ["N/A"], "landingPage": ["N/A"], "isReferencedBy": ["N/A"], "hasVersion": ["N/A"], "hasPolicy": ["N/A"], "hasCurrentVersion": ["N/A"], "useConstraints": ["N/A"], "status": ["N/A"], "spatialRepresentationType": ["N/A"], "scope": ["N/A"], "purpose": ["N/A"], "otherLocale": ["N/A"], "metadataProfile": ["N/A"], "metadataLinkage": ["N/A"], "metadataIdentifier": ["N/A"], "environmentDescription": ["N/A"], "contentInfo": ["N/A"], "ResearchInfrastructure": ["LifeWatch"], "EssentialVariables": ["N/A"], "potentialTopics": ["N/A"]}