{"url": ["https://metadatacatalogue.lifewatch.eu:/srv/api/records/oai:marineinfo.org:id:dataset:7893"], "name": ["Phytoplankton abundance in the coastal and open waters of the Adriatic Sea (2013-2014)"], "description": ["Datasets include parameters regarding phytoplankton abundance for time periodsMarch 2013. till December 2013. and August 2014.till November 2014. in the coastal and open waters stations at the Adriatic Sea in the frameworkof the National monitoring program and some temporaryprojects."], "datePublished": ["2021-12-02"], "language": ["en"], "creator": ["\u00c2\u00a0Institute of Oceanography and Fisheries- Ana Bakra\u00c4\u008d "], "metadataProvider": ["\u00c2\u00a0Flanders Marine Institute(VLIZ) BEhttps://www.vliz.be"], "contact": ["\u00c2\u00a0Flanders Marine Institute(VLIZ) BEhttps://www.vliz.be"], "associatedParty": ["N/A"], "licenseInformation": [" Intellectual Rights This work is licensed under a Creative Commons Attribution NonCommercial (CC-BY-NC) 4.0 License .\u00c2\u00a0 "], "downloadLink": ["https://metadatacatalogue.lifewatch.eu:/srv/eng/catalog.search#/metadata/oai:marineinfo.org:id:dataset:7893"], "keywords": ["N/A"], "geographicCoverage": ["Geographic Description EurOBIS calculated BBOX > station Bounding Box Bounding Box West Bounding Coordinate 15.0101 East Bounding Coordinate 18.133067 North Bounding Coordinate 44.49005 South Bounding Coordinate 42.670858"], "westBoundingCoordinate": ["15.0101"], "eastBoundingCoordinate": ["18.133067"], "northBoundingCoordinate": ["44.49005"], "southBoundingCoordinate": ["42.670858"], "dateCreated": ["2013-03-12"], "temporalCoverageEndDate": ["2014-11-20"], "license": ["N/A"], "distribution": ["N/A"], "distributionInfo": ["N/A"], "identifier": ["https://metadatacatalogue.lifewatch.eu:/srv/eng/catalog.search#/metadata/oai:marineinfo.org:id:dataset:7893"], "accessibilitySummary": ["N/A"], "version": ["N/A"], "temporalCoverage": ["N/A"], "publisher": ["N/A"], "spatial": ["N/A"], "citation": ["N/A"], "genre": ["N/A"], "modificationDate": ["2021-12-02"], "image": ["N/A"], "thumbnailUrl": ["N/A"], "headline": ["Phytoplankton abundance in the coastal and open waters of the Adriatic Sea (2013-2014)"], "abstract": ["Datasets include parameters regarding phytoplankton abundance for time periodsMarch 2013. till December 2013. and August 2014.till November 2014. in the coastal and open waters stations at the Adriatic Sea in the frameworkof the National monitoring program and some temporaryprojects."], "theme": ["N/A"], "creditText": ["N/A"], "producer": ["\u00c2\u00a0Institute of Oceanography and Fisheries- Ana Bakra\u00c4\u008d "], "author": ["\u00c2\u00a0Institute of Oceanography and Fisheries- Ana Bakra\u00c4\u008d "], "spatialCoverage": [" calculated BBOX > station Bounding Box Bounding Box West Bounding Coordinate 15.0101 East Bounding Coordinate 18.133067 North Bounding Coordinate 44.49005 South Bounding Coordinate 42.670858"], "sponsor": ["N/A"], "size": ["N/A"], "sameAs": ["N/A"], "publication": ["N/A"], "provider": ["\u00c2\u00a0Institute of Oceanography and Fisheries- Ana Bakra\u00c4\u008d "], "position": ["N/A"], "measurementTechnique": ["N/A"], "material": ["N/A"], "maintainer": ["N/A"], "locationCreated": ["N/A"], "issn": ["N/A"], "isPartOf": ["N/A"], "isBasedOn": ["N/A"], "isAccessibleForFree": ["N/A"], "includedInDataCatalog": ["N/A"], "editor": ["N/A"], "editEIDR": ["N/A"], "copyrightYear": ["N/A"], "copyrightNotice": ["N/A"], "copyrightHolder": ["N/A"], "contributor": ["N/A"], "contentReferenceTime": ["N/A"], "contentLocation": ["N/A"], "character": ["N/A"], "acquireLicensePage": ["N/A"], "accessModeSufficient": ["N/A"], "about": ["N/A"], "rights": ["N/A"], "relation": ["N/A"], "qualifiedRelation": ["N/A"], "qualifiedAttribution": ["N/A"], "previousVersion": ["N/A"], "nextVersion": ["N/A"], "landingPage": ["N/A"], "isReferencedBy": ["N/A"], "hasVersion": ["N/A"], "hasPolicy": ["N/A"], "hasCurrentVersion": ["N/A"], "useConstraints": ["N/A"], "status": ["N/A"], "spatialRepresentationType": ["N/A"], "scope": ["N/A"], "purpose": ["N/A"], "otherLocale": ["N/A"], "metadataProfile": ["N/A"], "metadataLinkage": ["N/A"], "metadataIdentifier": ["N/A"], "environmentDescription": ["N/A"], "contentInfo": ["N/A"], "ResearchInfrastructure": ["LifeWatch"], "EssentialVariables": ["N/A"], "potentialTopics": ["N/A"]}