{"url": ["https://metadatacatalogue.lifewatch.eu:/srv/api/records/oai:marineinfo.org:id:dataset:4424"], "name": ["ICES Phytoplankton Community dataset"], "description": ["Biological phytoplankton communitydata"], "datePublished": ["2021-12-02"], "language": ["en"], "creator": ["\u00c2\u00a0International Council for the Exploration of theSea DK "], "metadataProvider": ["\u00c2\u00a0Flanders Marine Institute(VLIZ) BEhttps://www.vliz.be"], "contact": ["\u00c2\u00a0International Council for the Exploration of theSea- Neil Holdsworth "], "associatedParty": [" custodianSteward\u00c2\u00a0International Council for the Exploration of theSea DK "], "licenseInformation": [" Intellectual Rights Licence\u00c2\u00a0 "], "downloadLink": ["https://metadatacatalogue.lifewatch.eu:/geonetwork/eng/catalog.search#/metadata/oai:marineinfo.org:id:dataset:4424"], "keywords": ["N/A"], "geographicCoverage": ["Geographic Description ANE, Baltic"], "westBoundingCoordinate": ["-26.366667"], "eastBoundingCoordinate": ["33.841667"], "northBoundingCoordinate": ["65.8085"], "southBoundingCoordinate": ["-65.391667"], "dateCreated": ["N/A"], "temporalCoverageEndDate": ["N/A"], "license": ["http://geo.ices.dk/geonetwork/srv/en/main.home?uuid=de375b75-399f-4d0d-ae73-391c8334e6f0"], "distribution": ["http://geo.ices.dk/geonetwork/srv/en/main.home?uuid=de375b75-399f-4d0d-ae73-391c8334e6f0"], "distributionInfo": ["http://geo.ices.dk/geonetwork/srv/en/main.home?uuid=de375b75-399f-4d0d-ae73-391c8334e6f0"], "identifier": ["https://metadatacatalogue.lifewatch.eu:/geonetwork/eng/catalog.search#/metadata/oai:marineinfo.org:id:dataset:4424"], "accessibilitySummary": ["N/A"], "version": ["N/A"], "temporalCoverage": ["N/A"], "publisher": ["N/A"], "spatial": ["N/A"], "citation": ["N/A"], "genre": ["N/A"], "modificationDate": ["2021-12-02"], "image": ["N/A"], "thumbnailUrl": ["N/A"], "headline": ["ICES Phytoplankton Community dataset"], "abstract": ["Biological phytoplankton communitydata"], "theme": ["N/A"], "creditText": ["N/A"], "producer": ["\u00c2\u00a0International Council for the Exploration of theSea DK "], "author": ["\u00c2\u00a0International Council for the Exploration of theSea DK "], "spatialCoverage": [" Baltic"], "sponsor": ["N/A"], "size": ["N/A"], "sameAs": ["N/A"], "publication": ["N/A"], "provider": ["\u00c2\u00a0International Council for the Exploration of theSea DK "], "position": ["N/A"], "measurementTechnique": ["N/A"], "material": ["N/A"], "maintainer": ["N/A"], "locationCreated": ["N/A"], "issn": ["N/A"], "isPartOf": ["N/A"], "isBasedOn": ["N/A"], "isAccessibleForFree": ["N/A"], "includedInDataCatalog": ["N/A"], "editor": ["N/A"], "editEIDR": ["N/A"], "copyrightYear": ["N/A"], "copyrightNotice": ["N/A"], "copyrightHolder": ["N/A"], "contributor": ["N/A"], "contentReferenceTime": ["N/A"], "contentLocation": ["N/A"], "character": ["N/A"], "acquireLicensePage": ["N/A"], "accessModeSufficient": ["N/A"], "about": ["N/A"], "rights": ["N/A"], "relation": ["N/A"], "qualifiedRelation": ["N/A"], "qualifiedAttribution": ["N/A"], "previousVersion": ["N/A"], "nextVersion": ["N/A"], "landingPage": ["N/A"], "isReferencedBy": ["N/A"], "hasVersion": ["N/A"], "hasPolicy": ["N/A"], "hasCurrentVersion": ["N/A"], "useConstraints": ["N/A"], "status": ["N/A"], "spatialRepresentationType": ["N/A"], "scope": ["N/A"], "purpose": ["N/A"], "otherLocale": ["N/A"], "metadataProfile": ["N/A"], "metadataLinkage": ["N/A"], "metadataIdentifier": ["N/A"], "environmentDescription": ["N/A"], "contentInfo": ["N/A"], "ResearchInfrastructure": ["LifeWatch"], "EssentialVariables": ["N/A"], "potentialTopics": ["N/A"]}