{"url": ["https://metadatacatalogue.lifewatch.eu:/srv/api/records/oai:marineinfo.org:id:dataset:5650"], "name": ["Macrozoobenthos collected from the longitudinal profiles in the Romanian marine waters between 1986-1990"], "description": ["The macrozoobentos dataset includes a number of 56 samplescollected on the Longitudinalprofiles (L) of the Romanianlittoral between 8 m to42m depths. Van Veen grab with a samplingarea of 1/20 m2 wasemployed as a macrozoobenthossampler. One replicatewas collected at every station. Sampling was done inautumn period (September, October).The samples have beenanalyzed qualitative (number of species) and quantitative (densities andbiomasses). The macroinvertebrates have been identified at specieslevel."], "datePublished": ["2021-12-02"], "language": ["en"], "creator": ["\u00c2\u00a0National Institute for Marine Research and Development \"Grigore Antipa\" Constanta- Valeria Abaza "], "metadataProvider": ["\u00c2\u00a0Flanders Marine Institute(VLIZ) BEhttps://www.vliz.be"], "contact": ["\u00c2\u00a0National Institute for Marine Research and Development \"Grigore Antipa\" Constanta- Camelia Dumitrache "], "associatedParty": ["N/A"], "licenseInformation": [" Intellectual Rights This work is licensed under a Creative Commons Attribution NonCommercial (CC-BY-NC) 4.0 License .\u00c2\u00a0 "], "downloadLink": ["https://metadatacatalogue.lifewatch.eu:/srv/eng/catalog.search#/metadata/oai:marineinfo.org:id:dataset:5650"], "keywords": ["Macrozoobenthos"], "geographicCoverage": ["Geographic Description EurOBIS calculated BBOX > station Bounding Box Bounding Box West Bounding Coordinate 28.41 East Bounding Coordinate 29.45 North Bounding Coordinate 44.67 South Bounding Coordinate 44.1"], "westBoundingCoordinate": ["28.41"], "eastBoundingCoordinate": ["29.45"], "northBoundingCoordinate": ["44.67"], "southBoundingCoordinate": ["44.1"], "dateCreated": ["1986-01-01"], "temporalCoverageEndDate": ["1990-01-01"], "license": ["N/A"], "distribution": ["N/A"], "distributionInfo": ["N/A"], "identifier": ["https://metadatacatalogue.lifewatch.eu:/srv/eng/catalog.search#/metadata/oai:marineinfo.org:id:dataset:5650"], "accessibilitySummary": ["N/A"], "version": ["N/A"], "temporalCoverage": ["N/A"], "publisher": ["N/A"], "spatial": ["N/A"], "citation": ["N/A"], "genre": ["N/A"], "modificationDate": ["2021-12-02"], "image": ["N/A"], "thumbnailUrl": ["N/A"], "headline": ["Macrozoobenthos collected from the longitudinal profiles in the Romanian marine waters between 1986-1990"], "abstract": ["The macrozoobentos dataset includes a number of 56 samplescollected on the Longitudinalprofiles (L) of the Romanianlittoral between 8 m to42m depths. Van Veen grab with a samplingarea of 1/20 m2 wasemployed as a macrozoobenthossampler. One replicatewas collected at every station. Sampling was done inautumn period (September, October).The samples have beenanalyzed qualitative (number of species) and quantitative (densities andbiomasses). The macroinvertebrates have been identified at specieslevel."], "theme": ["N/A"], "creditText": ["N/A"], "producer": ["\u00c2\u00a0National Institute for Marine Research and Development \"Grigore Antipa\" Constanta- Valeria Abaza "], "author": ["\u00c2\u00a0National Institute for Marine Research and Development \"Grigore Antipa\" Constanta- Valeria Abaza "], "spatialCoverage": [" calculated BBOX > station Bounding Box Bounding Box West Bounding Coordinate 28.41 East Bounding Coordinate 29.45 North Bounding Coordinate 44.67 South Bounding Coordinate 44.1"], "sponsor": ["N/A"], "size": ["N/A"], "sameAs": ["N/A"], "publication": ["N/A"], "provider": ["\u00c2\u00a0National Institute for Marine Research and Development \"Grigore Antipa\" Constanta- Valeria Abaza "], "position": ["N/A"], "measurementTechnique": ["N/A"], "material": ["N/A"], "maintainer": ["N/A"], "locationCreated": ["N/A"], "issn": ["N/A"], "isPartOf": ["N/A"], "isBasedOn": ["N/A"], "isAccessibleForFree": ["N/A"], "includedInDataCatalog": ["N/A"], "editor": ["N/A"], "editEIDR": ["N/A"], "copyrightYear": ["N/A"], "copyrightNotice": ["N/A"], "copyrightHolder": ["N/A"], "contributor": ["N/A"], "contentReferenceTime": ["N/A"], "contentLocation": ["N/A"], "character": ["N/A"], "acquireLicensePage": ["N/A"], "accessModeSufficient": ["N/A"], "about": ["N/A"], "rights": ["N/A"], "relation": ["N/A"], "qualifiedRelation": ["N/A"], "qualifiedAttribution": ["N/A"], "previousVersion": ["N/A"], "nextVersion": ["N/A"], "landingPage": ["N/A"], "isReferencedBy": ["N/A"], "hasVersion": ["N/A"], "hasPolicy": ["N/A"], "hasCurrentVersion": ["N/A"], "useConstraints": ["N/A"], "status": ["N/A"], "spatialRepresentationType": ["N/A"], "scope": ["N/A"], "purpose": ["N/A"], "otherLocale": ["N/A"], "metadataProfile": ["N/A"], "metadataLinkage": ["N/A"], "metadataIdentifier": ["N/A"], "environmentDescription": ["N/A"], "contentInfo": ["N/A"], "ResearchInfrastructure": ["LifeWatch"], "EssentialVariables": ["N/A"], "potentialTopics": ["N/A"]}