{"url": ["https://metadatacatalogue.lifewatch.eu:/geonetwork/api/records/oai:marineinfo.org:id:dataset:6527"], "name": ["Mass mortality events in Mediterranean marine coastal ecosystems"], "description": ["The Mass Mortality Events database (hereafter MME-T-MEDNet) is a collaborativeinitiative involving more than 30 research institutions from 10 Mediterraneancountriesincluding EU and non-EUcountries. This initiative aims to facilitate the access to information (published in scientific journals and gray literature or still unpublished) related to Mediterranean Mass Mortality Events (MMEs)."], "datePublished": ["2021-12-02"], "language": ["en"], "creator": ["\u00c2\u00a0Consejo Superior de InvestigacionesCient\u00c3\u00adficas; Centre for AdvancedStudies of Blanes- Emma Cebrian "], "metadataProvider": ["\u00c2\u00a0Flanders Marine Institute(VLIZ) BEhttps://www.vliz.be"], "contact": ["\u00c2\u00a0Consejo Superior de InvestigacionesCient\u00c3\u00adficas; Institute of MarineSciences- Joaquim Garrabou "], "associatedParty": [" custodianSteward\u00c2\u00a0Consejo Superior de InvestigacionesCient\u00c3\u00adficas; Institute of MarineSciences- N\u00c3\u00baria Viladrich "], "licenseInformation": [" Intellectual Rights Attribution-NonCommercial-ShareAlike (CC BY-NC-SA)\u00c2\u00a0 "], "downloadLink": ["https://metadatacatalogue.lifewatch.eu:/geonetwork/eng/catalog.search#/metadata/oai:marineinfo.org:id:dataset:6527"], "keywords": ["N/A"], "geographicCoverage": ["Geographic Description EurOBIS calculated BBOX > station Bounding Box Bounding Box West Bounding Coordinate -4.4076 East Bounding Coordinate 35.0897 North Bounding Coordinate 44.9703 South Bounding Coordinate 31.3267"], "westBoundingCoordinate": ["-4.4076"], "eastBoundingCoordinate": ["35.0897"], "northBoundingCoordinate": ["44.9703"], "southBoundingCoordinate": ["31.3267"], "dateCreated": ["1979-01-01"], "temporalCoverageEndDate": ["2019-01-01"], "license": ["N/A"], "distribution": ["N/A"], "distributionInfo": ["N/A"], "identifier": ["https://metadatacatalogue.lifewatch.eu:/geonetwork/eng/catalog.search#/metadata/oai:marineinfo.org:id:dataset:6527"], "accessibilitySummary": ["N/A"], "version": ["N/A"], "temporalCoverage": ["N/A"], "publisher": ["N/A"], "spatial": ["N/A"], "citation": ["N/A"], "genre": ["N/A"], "modificationDate": ["2021-12-02"], "image": ["N/A"], "thumbnailUrl": ["N/A"], "headline": ["Mass mortality events in Mediterranean marine coastal ecosystems"], "abstract": ["The Mass Mortality Events database (hereafter MME-T-MEDNet) is a collaborativeinitiative involving more than 30 research institutions from 10 Mediterraneancountriesincluding EU and non-EUcountries. This initiative aims to facilitate the access to information (published in scientific journals and gray literature or still unpublished) related to Mediterranean Mass Mortality Events (MMEs)."], "theme": ["N/A"], "creditText": ["N/A"], "producer": ["\u00c2\u00a0Consejo Superior de InvestigacionesCient\u00c3\u00adficas; Centre for AdvancedStudies of Blanes- Emma Cebrian "], "author": ["\u00c2\u00a0Consejo Superior de InvestigacionesCient\u00c3\u00adficas; Centre for AdvancedStudies of Blanes- Emma Cebrian "], "spatialCoverage": [" calculated BBOX > station Bounding Box Bounding Box West Bounding Coordinate -4.4076 East Bounding Coordinate 35.0897 North Bounding Coordinate 44.9703 South Bounding Coordinate 31.3267"], "sponsor": ["N/A"], "size": ["N/A"], "sameAs": ["N/A"], "publication": ["N/A"], "provider": ["\u00c2\u00a0Consejo Superior de InvestigacionesCient\u00c3\u00adficas; Centre for AdvancedStudies of Blanes- Emma Cebrian "], "position": ["N/A"], "measurementTechnique": ["N/A"], "material": ["N/A"], "maintainer": ["N/A"], "locationCreated": ["N/A"], "issn": ["N/A"], "isPartOf": ["N/A"], "isBasedOn": ["N/A"], "isAccessibleForFree": ["N/A"], "includedInDataCatalog": ["N/A"], "editor": ["N/A"], "editEIDR": ["N/A"], "copyrightYear": ["N/A"], "copyrightNotice": ["N/A"], "copyrightHolder": ["N/A"], "contributor": ["N/A"], "contentReferenceTime": ["N/A"], "contentLocation": ["N/A"], "character": ["N/A"], "acquireLicensePage": ["N/A"], "accessModeSufficient": ["N/A"], "about": ["N/A"], "rights": ["N/A"], "relation": ["N/A"], "qualifiedRelation": ["N/A"], "qualifiedAttribution": ["N/A"], "previousVersion": ["N/A"], "nextVersion": ["N/A"], "landingPage": ["N/A"], "isReferencedBy": ["N/A"], "hasVersion": ["N/A"], "hasPolicy": ["N/A"], "hasCurrentVersion": ["N/A"], "useConstraints": ["N/A"], "status": ["N/A"], "spatialRepresentationType": ["N/A"], "scope": ["N/A"], "purpose": ["N/A"], "otherLocale": ["N/A"], "metadataProfile": ["N/A"], "metadataLinkage": ["N/A"], "metadataIdentifier": ["N/A"], "environmentDescription": ["N/A"], "contentInfo": ["N/A"], "ResearchInfrastructure": ["LifeWatch"], "EssentialVariables": ["N/A"], "potentialTopics": ["N/A"]}