{"url": ["https://metadatacatalogue.lifewatch.eu:/srv/api/records/oai:marineinfo.org:id:dataset:5606"], "name": ["Italian official Adriatic (Mediterranean Sea) landings between 1953 and 2012"], "description": ["Italian annual landings (1953\u00e2\u0080\u00932012) for the Northern and Central Adriatic Sea originatedfrom official Italian statistics on the fishery, reported by the ItalianNational Institute of Statistics (ISTAT) from 1953 to 2004, and by the Institute for Economic Research in Fishery andAquaculture (IREPA) from 2005 to 2012."], "datePublished": ["2021-12-02"], "language": ["en"], "creator": ["\u00c2\u00a0Italian National Institute for EnvironmentalProtection and Research; Branch office Chioggia "], "metadataProvider": ["\u00c2\u00a0Flanders Marine Institute(VLIZ) BEhttps://www.vliz.be"], "contact": ["\u00c2\u00a0Italian National Institute for EnvironmentalProtection and Research; Branch office Chioggia- Tomaso Fortibuoni "], "associatedParty": [" pointOfContact\u00c2\u00a0Italian National Institute for EnvironmentalProtection and Research; Branch office Chioggia- Otello Giovanardi "], "licenseInformation": [" Intellectual Rights This work is licensed under a Creative Commons Attribution (CC-BY) 4.0 License .\u00c2\u00a0 "], "downloadLink": ["https://metadatacatalogue.lifewatch.eu:/srv/eng/catalog.search#/metadata/oai:marineinfo.org:id:dataset:5606"], "keywords": ["Historical records Marine ecology Marine HistoricalEcology"], "geographicCoverage": ["Geographic Description EurOBIS calculated BBOX > station Bounding Box Bounding Box West Bounding Coordinate 16.03558559 East Bounding Coordinate 16.03558559 North Bounding Coordinate 42.72938396 South Bounding Coordinate 42.72938396"], "westBoundingCoordinate": ["16.03558559"], "eastBoundingCoordinate": ["16.03558559"], "northBoundingCoordinate": ["42.72938396"], "southBoundingCoordinate": ["42.72938396"], "dateCreated": ["1953-01-01"], "temporalCoverageEndDate": ["2012-01-01"], "license": ["N/A"], "distribution": ["N/A"], "distributionInfo": ["N/A"], "identifier": ["https://metadatacatalogue.lifewatch.eu:/srv/eng/catalog.search#/metadata/oai:marineinfo.org:id:dataset:5606"], "accessibilitySummary": ["N/A"], "version": ["N/A"], "temporalCoverage": ["N/A"], "publisher": ["N/A"], "spatial": ["N/A"], "citation": ["N/A"], "genre": ["N/A"], "modificationDate": ["2021-12-02"], "image": ["N/A"], "thumbnailUrl": ["N/A"], "headline": ["Italian official Adriatic (Mediterranean Sea) landings between 1953 and 2012"], "abstract": ["Italian annual landings (1953\u00e2\u0080\u00932012) for the Northern and Central Adriatic Sea originatedfrom official Italian statistics on the fishery, reported by the ItalianNational Institute of Statistics (ISTAT) from 1953 to 2004, and by the Institute for Economic Research in Fishery andAquaculture (IREPA) from 2005 to 2012."], "theme": ["N/A"], "creditText": ["N/A"], "producer": ["\u00c2\u00a0Italian National Institute for EnvironmentalProtection and Research; Branch office Chioggia "], "author": ["\u00c2\u00a0Italian National Institute for EnvironmentalProtection and Research; Branch office Chioggia "], "spatialCoverage": [" calculated BBOX > station Bounding Box Bounding Box West Bounding Coordinate 16.03558559 East Bounding Coordinate 16.03558559 North Bounding Coordinate 42.72938396 South Bounding Coordinate 42.72938396"], "sponsor": ["N/A"], "size": ["N/A"], "sameAs": ["N/A"], "publication": ["N/A"], "provider": ["\u00c2\u00a0Italian National Institute for EnvironmentalProtection and Research; Branch office Chioggia "], "position": ["N/A"], "measurementTechnique": ["N/A"], "material": ["N/A"], "maintainer": ["N/A"], "locationCreated": ["N/A"], "issn": ["N/A"], "isPartOf": ["N/A"], "isBasedOn": ["N/A"], "isAccessibleForFree": ["N/A"], "includedInDataCatalog": ["N/A"], "editor": ["N/A"], "editEIDR": ["N/A"], "copyrightYear": ["N/A"], "copyrightNotice": ["N/A"], "copyrightHolder": ["N/A"], "contributor": ["N/A"], "contentReferenceTime": ["N/A"], "contentLocation": ["N/A"], "character": ["N/A"], "acquireLicensePage": ["N/A"], "accessModeSufficient": ["N/A"], "about": ["N/A"], "rights": ["N/A"], "relation": ["N/A"], "qualifiedRelation": ["N/A"], "qualifiedAttribution": ["N/A"], "previousVersion": ["N/A"], "nextVersion": ["N/A"], "landingPage": ["N/A"], "isReferencedBy": ["N/A"], "hasVersion": ["N/A"], "hasPolicy": ["N/A"], "hasCurrentVersion": ["N/A"], "useConstraints": ["N/A"], "status": ["N/A"], "spatialRepresentationType": ["N/A"], "scope": ["N/A"], "purpose": ["N/A"], "otherLocale": ["N/A"], "metadataProfile": ["N/A"], "metadataLinkage": ["N/A"], "metadataIdentifier": ["N/A"], "environmentDescription": ["N/A"], "contentInfo": ["N/A"], "ResearchInfrastructure": ["LifeWatch"], "EssentialVariables": ["N/A"], "potentialTopics": ["N/A"]}