{"url": ["https://metadatacatalogue.lifewatch.eu:/geonetwork/api/records/oai:marineinfo.org:id:dataset:640"], "name": ["Marine Life Information Network (MarLIN) marine survey data (Professional)"], "description": ["A collection of marine life surveys collated by the Marine Life InformationNetwork (MarLIN) as part of their data access program. Surveysare either flagged as professional surveys or data collected by volunteer recorders as part for the SealifeSurvey. Information about survey methodology can be found on the MarLIN Web site(www.marlin.ac.uk). There are currently 368 surveys collated by MarLIN containing 250,000 species records. Data ownership remainswith the data providerand permission must be soughtforcommercial use of thedata."], "datePublished": ["2005-12-03"], "language": ["en"], "creator": ["\u00c2\u00a0Marine Biological Association of theUK- Jon Parr "], "metadataProvider": ["\u00c2\u00a0Flanders Marine Institute(VLIZ) BEhttps://www.vliz.be"], "contact": ["\u00c2\u00a0Marine Biological Association of theUK- Jon Parr "], "associatedParty": ["N/A"], "licenseInformation": [" Intellectual Rights This work is licensed under a Creative Commons Attribution (CC-BY) 4.0 License .\u00c2\u00a0 "], "downloadLink": ["https://metadatacatalogue.lifewatch.eu:/geonetwork/eng/catalog.search#/metadata/oai:marineinfo.org:id:dataset:640"], "keywords": ["Data Macrobenthos Marine Genomics Zoobenthos"], "geographicCoverage": ["Geographic Description EurOBIS calculated BBOX > station Bounding Box Bounding Box West Bounding Coordinate -11.746499 East Bounding Coordinate 8.392734 North Bounding Coordinate 60.502537 South Bounding Coordinate 47.4278"], "westBoundingCoordinate": ["-11.746499"], "eastBoundingCoordinate": ["8.392734"], "northBoundingCoordinate": ["60.502537"], "southBoundingCoordinate": ["47.4278"], "dateCreated": ["1964-01-01"], "temporalCoverageEndDate": ["2004-01-01"], "license": ["http://www.searchnbn.net/datasetInfo/taxonDataset.jsp?refID=5&dsKey=GA000178"], "distribution": ["http://www.searchnbn.net/datasetInfo/taxonDataset.jsp?refID=5&dsKey=GA000178"], "distributionInfo": ["http://www.searchnbn.net/datasetInfo/taxonDataset.jsp?refID=5&dsKey=GA000178"], "identifier": ["https://metadatacatalogue.lifewatch.eu:/geonetwork/eng/catalog.search#/metadata/oai:marineinfo.org:id:dataset:640"], "accessibilitySummary": ["N/A"], "version": ["N/A"], "temporalCoverage": ["N/A"], "publisher": ["N/A"], "spatial": ["N/A"], "citation": ["N/A"], "genre": ["N/A"], "modificationDate": ["2005-12-03"], "image": ["N/A"], "thumbnailUrl": ["N/A"], "headline": ["Marine Life Information Network (MarLIN) marine survey data (Professional)"], "abstract": ["A collection of marine life surveys collated by the Marine Life InformationNetwork (MarLIN) as part of their data access program. Surveysare either flagged as professional surveys or data collected by volunteer recorders as part for the SealifeSurvey. Information about survey methodology can be found on the MarLIN Web site(www.marlin.ac.uk). There are currently 368 surveys collated by MarLIN containing 250,000 species records. Data ownership remainswith the data providerand permission must be soughtforcommercial use of thedata."], "theme": ["N/A"], "creditText": ["N/A"], "producer": ["\u00c2\u00a0Marine Biological Association of theUK- Jon Parr "], "author": ["\u00c2\u00a0Marine Biological Association of theUK- Jon Parr "], "spatialCoverage": [" calculated BBOX > station Bounding Box Bounding Box West Bounding Coordinate -11.746499 East Bounding Coordinate 8.392734 North Bounding Coordinate 60.502537 South Bounding Coordinate 47.4278"], "sponsor": ["N/A"], "size": ["N/A"], "sameAs": ["N/A"], "publication": ["N/A"], "provider": ["\u00c2\u00a0Marine Biological Association of theUK- Jon Parr "], "position": ["N/A"], "measurementTechnique": ["N/A"], "material": ["N/A"], "maintainer": ["N/A"], "locationCreated": ["N/A"], "issn": ["N/A"], "isPartOf": ["N/A"], "isBasedOn": ["N/A"], "isAccessibleForFree": ["N/A"], "includedInDataCatalog": ["N/A"], "editor": ["N/A"], "editEIDR": ["N/A"], "copyrightYear": ["N/A"], "copyrightNotice": ["N/A"], "copyrightHolder": ["N/A"], "contributor": ["N/A"], "contentReferenceTime": ["N/A"], "contentLocation": ["N/A"], "character": ["N/A"], "acquireLicensePage": ["N/A"], "accessModeSufficient": ["N/A"], "about": ["N/A"], "rights": ["N/A"], "relation": ["N/A"], "qualifiedRelation": ["N/A"], "qualifiedAttribution": ["N/A"], "previousVersion": ["N/A"], "nextVersion": ["N/A"], "landingPage": ["N/A"], "isReferencedBy": ["N/A"], "hasVersion": ["N/A"], "hasPolicy": ["N/A"], "hasCurrentVersion": ["N/A"], "useConstraints": ["N/A"], "status": ["N/A"], "spatialRepresentationType": ["N/A"], "scope": ["N/A"], "purpose": ["N/A"], "otherLocale": ["N/A"], "metadataProfile": ["N/A"], "metadataLinkage": ["N/A"], "metadataIdentifier": ["N/A"], "environmentDescription": ["N/A"], "contentInfo": ["N/A"], "ResearchInfrastructure": ["LifeWatch"], "EssentialVariables": ["N/A"], "potentialTopics": ["N/A"]}