{"url": ["https://metadatacatalogue.lifewatch.eu:/srv/api/records/oai:marineinfo.org:id:dataset:18"], "name": ["CephBase"], "description": [" A database-driven web site on alllivingcephalopods (octopus, squid, cuttlefish and nautilus). Contactat cephbase@hotmail.com"], "datePublished": ["2004-08-11"], "language": ["en"], "creator": ["\u00c2\u00a0University of British Columbia; AquaticEcosystems Research Laboratory- Catriona Day "], "metadataProvider": ["\u00c2\u00a0Flanders Marine Institute(VLIZ) BEhttps://www.vliz.be"], "contact": ["\u00c2\u00a0University of British Columbia; AquaticEcosystems Research Laboratory- Catriona Day "], "associatedParty": [" custodianSteward\u00c2\u00a0The Bermuda BiologicalStation for Research,Inc.- James Wood "], "licenseInformation": [" Intellectual Rights This work is licensed under a Creative Commons Attribution (CC-BY) 4.0 License .\u00c2\u00a0 "], "downloadLink": ["https://metadatacatalogue.lifewatch.eu:/srv/eng/catalog.search#/metadata/oai:marineinfo.org:id:dataset:18"], "keywords": ["Behavior Biogeography Bioinformatics Bioinformatics Biologists Biology Education Fisheries Latitude Longitude Oceanography Research Taxonomy"], "geographicCoverage": ["Geographic Description World Waters"], "westBoundingCoordinate": ["N/A"], "eastBoundingCoordinate": ["N/A"], "northBoundingCoordinate": ["N/A"], "southBoundingCoordinate": ["N/A"], "dateCreated": ["N/A"], "temporalCoverageEndDate": ["N/A"], "license": ["N/A"], "distribution": ["N/A"], "distributionInfo": ["N/A"], "identifier": ["https://metadatacatalogue.lifewatch.eu:/srv/eng/catalog.search#/metadata/oai:marineinfo.org:id:dataset:18"], "accessibilitySummary": ["N/A"], "version": ["N/A"], "temporalCoverage": ["N/A"], "publisher": ["N/A"], "spatial": ["N/A"], "citation": ["N/A"], "genre": ["N/A"], "modificationDate": ["2004-08-11"], "image": ["N/A"], "thumbnailUrl": ["N/A"], "headline": ["CephBase"], "abstract": [" A database-driven web site on alllivingcephalopods (octopus, squid, cuttlefish and nautilus). Contactat cephbase@hotmail.com"], "theme": ["N/A"], "creditText": ["N/A"], "producer": ["\u00c2\u00a0University of British Columbia; AquaticEcosystems Research Laboratory- Catriona Day "], "author": ["\u00c2\u00a0University of British Columbia; AquaticEcosystems Research Laboratory- Catriona Day "], "spatialCoverage": [" World Waters"], "sponsor": ["N/A"], "size": ["N/A"], "sameAs": ["N/A"], "publication": ["N/A"], "provider": ["\u00c2\u00a0University of British Columbia; AquaticEcosystems Research Laboratory- Catriona Day "], "position": ["N/A"], "measurementTechnique": ["N/A"], "material": ["N/A"], "maintainer": ["N/A"], "locationCreated": ["N/A"], "issn": ["N/A"], "isPartOf": ["N/A"], "isBasedOn": ["N/A"], "isAccessibleForFree": ["N/A"], "includedInDataCatalog": ["N/A"], "editor": ["N/A"], "editEIDR": ["N/A"], "copyrightYear": ["N/A"], "copyrightNotice": ["N/A"], "copyrightHolder": ["N/A"], "contributor": ["N/A"], "contentReferenceTime": ["N/A"], "contentLocation": ["N/A"], "character": ["N/A"], "acquireLicensePage": ["N/A"], "accessModeSufficient": ["N/A"], "about": ["N/A"], "rights": ["N/A"], "relation": ["N/A"], "qualifiedRelation": ["N/A"], "qualifiedAttribution": ["N/A"], "previousVersion": ["N/A"], "nextVersion": ["N/A"], "landingPage": ["N/A"], "isReferencedBy": ["N/A"], "hasVersion": ["N/A"], "hasPolicy": ["N/A"], "hasCurrentVersion": ["N/A"], "useConstraints": ["N/A"], "status": ["N/A"], "spatialRepresentationType": ["N/A"], "scope": ["N/A"], "purpose": ["N/A"], "otherLocale": ["N/A"], "metadataProfile": ["N/A"], "metadataLinkage": ["N/A"], "metadataIdentifier": ["N/A"], "environmentDescription": ["N/A"], "contentInfo": ["N/A"], "ResearchInfrastructure": ["LifeWatch"], "EssentialVariables": ["N/A"], "potentialTopics": ["N/A"]}