{"url": ["https://metadatacatalogue.lifewatch.eu:/srv/api/records/oai:marineinfo.org:id:dataset:3134"], "name": ["Cetacean sightings off Turkey 2006-2011"], "description": ["A contribution to the distributionof cetacean species in Turkishwaters."], "datePublished": ["2021-12-02"], "language": ["en"], "creator": ["\u00c2\u00a0Dokuz Eyl\u00c3\u00bcl University; Instituteof Marine Sciences andTechnology "], "metadataProvider": ["\u00c2\u00a0Flanders Marine Institute(VLIZ) BEhttps://www.vliz.be"], "contact": ["\u00c2\u00a0Flanders Marine Institute(VLIZ) BEhttps://www.vliz.be"], "associatedParty": ["N/A"], "licenseInformation": [" Intellectual Rights This work is licensed under a Creative Commons Attribution (CC-BY) 4.0 License .\u00c2\u00a0 "], "downloadLink": ["https://metadatacatalogue.lifewatch.eu:/geonetwork/eng/catalog.search#/metadata/oai:marineinfo.org:id:dataset:3134"], "keywords": ["Marine mammals"], "geographicCoverage": ["Geographic Description MED, Turkey > station Turkish waters Bounding Box West Bounding Coordinate 26.18 East Bounding Coordinate 31.83 North Bounding Coordinate 41.54 South Bounding Coordinate 36.32"], "westBoundingCoordinate": ["26.18"], "eastBoundingCoordinate": ["31.83"], "northBoundingCoordinate": ["41.54"], "southBoundingCoordinate": ["36.32"], "dateCreated": ["2006-06-12"], "temporalCoverageEndDate": ["2011-01-02"], "license": ["N/A"], "distribution": ["N/A"], "distributionInfo": ["N/A"], "identifier": ["https://metadatacatalogue.lifewatch.eu:/geonetwork/eng/catalog.search#/metadata/oai:marineinfo.org:id:dataset:3134"], "accessibilitySummary": ["N/A"], "version": ["N/A"], "temporalCoverage": ["N/A"], "publisher": ["N/A"], "spatial": ["N/A"], "citation": ["N/A"], "genre": ["N/A"], "modificationDate": ["2021-12-02"], "image": ["N/A"], "thumbnailUrl": ["N/A"], "headline": ["Cetacean sightings off Turkey 2006-2011"], "abstract": ["A contribution to the distributionof cetacean species in Turkishwaters."], "theme": ["N/A"], "creditText": ["N/A"], "producer": ["\u00c2\u00a0Dokuz Eyl\u00c3\u00bcl University; Instituteof Marine Sciences andTechnology "], "author": ["\u00c2\u00a0Dokuz Eyl\u00c3\u00bcl University; Instituteof Marine Sciences andTechnology "], "spatialCoverage": [" Turkey > station Turkish waters Bounding Box West Bounding Coordinate 26.18 East Bounding Coordinate 31.83 North Bounding Coordinate 41.54 South Bounding Coordinate 36.32"], "sponsor": ["N/A"], "size": ["N/A"], "sameAs": ["N/A"], "publication": ["N/A"], "provider": ["\u00c2\u00a0Dokuz Eyl\u00c3\u00bcl University; Instituteof Marine Sciences andTechnology "], "position": ["N/A"], "measurementTechnique": ["N/A"], "material": ["N/A"], "maintainer": ["N/A"], "locationCreated": ["N/A"], "issn": ["N/A"], "isPartOf": ["N/A"], "isBasedOn": ["N/A"], "isAccessibleForFree": ["N/A"], "includedInDataCatalog": ["N/A"], "editor": ["N/A"], "editEIDR": ["N/A"], "copyrightYear": ["N/A"], "copyrightNotice": ["N/A"], "copyrightHolder": ["N/A"], "contributor": ["N/A"], "contentReferenceTime": ["N/A"], "contentLocation": ["N/A"], "character": ["N/A"], "acquireLicensePage": ["N/A"], "accessModeSufficient": ["N/A"], "about": ["N/A"], "rights": ["N/A"], "relation": ["N/A"], "qualifiedRelation": ["N/A"], "qualifiedAttribution": ["N/A"], "previousVersion": ["N/A"], "nextVersion": ["N/A"], "landingPage": ["N/A"], "isReferencedBy": ["N/A"], "hasVersion": ["N/A"], "hasPolicy": ["N/A"], "hasCurrentVersion": ["N/A"], "useConstraints": ["N/A"], "status": ["N/A"], "spatialRepresentationType": ["N/A"], "scope": ["N/A"], "purpose": ["N/A"], "otherLocale": ["N/A"], "metadataProfile": ["N/A"], "metadataLinkage": ["N/A"], "metadataIdentifier": ["N/A"], "environmentDescription": ["N/A"], "contentInfo": ["N/A"], "ResearchInfrastructure": ["LifeWatch"], "EssentialVariables": ["N/A"], "potentialTopics": ["N/A"]}