{"url": ["https://metadatacatalogue.lifewatch.eu:/srv/api/records/oai:marineinfo.org:id:dataset:1611"], "name": ["National monitoring of macrobenthos in the Kavala Gulf"], "description": ["Data were collected as part of a monitoring programme, studying the changes in seaweedcommunities across an eutrophication gradient in the Kavala Gulf. As part of theWaterFramework Directive (WFD), the results of this study werethen compared to the EcologicalStatus assessment of the coastline,based on the Ecological Evaluation Index (EEI)."], "datePublished": ["2021-12-02"], "language": ["en"], "creator": ["\u00c2\u00a0National Agricultural Research Foundation Fisheries Research Institute GR "], "metadataProvider": ["\u00c2\u00a0Flanders Marine Institute(VLIZ) BEhttps://www.vliz.be"], "contact": ["\u00c2\u00a0National Agricultural Research Foundation; Fisheries Research Institute- Sotiris Orfanidis "], "associatedParty": [" custodianSteward\u00c2\u00a0National Agricultural Research Foundation; Fisheries Research Institute- Sotiris Orfanidis "], "licenseInformation": [" Intellectual Rights Restricted\u00c2\u00a0 "], "downloadLink": ["https://metadatacatalogue.lifewatch.eu:/srv/eng/catalog.search#/metadata/oai:marineinfo.org:id:dataset:1611"], "keywords": ["Benthos Biodiversity Macrobenthos Monitoring Rocky shores Zoobenthos"], "geographicCoverage": ["Geographic Description EurOBIS calculated BBOX > station Bounding Box Bounding Box West Bounding Coordinate 24.14333056 East Bounding Coordinate 24.49922222 North Bounding Coordinate 40.95200278 South Bounding Coordinate 40.73833056"], "westBoundingCoordinate": ["24.14333056"], "eastBoundingCoordinate": ["24.49922222"], "northBoundingCoordinate": ["40.95200278"], "southBoundingCoordinate": ["40.73833056"], "dateCreated": ["2004-02-01"], "temporalCoverageEndDate": ["2004-10-01"], "license": ["N/A"], "distribution": ["N/A"], "distributionInfo": ["N/A"], "identifier": ["https://metadatacatalogue.lifewatch.eu:/srv/eng/catalog.search#/metadata/oai:marineinfo.org:id:dataset:1611"], "accessibilitySummary": ["N/A"], "version": ["N/A"], "temporalCoverage": ["N/A"], "publisher": ["N/A"], "spatial": ["N/A"], "citation": ["N/A"], "genre": ["N/A"], "modificationDate": ["2021-12-02"], "image": ["N/A"], "thumbnailUrl": ["N/A"], "headline": ["National monitoring of macrobenthos in the Kavala Gulf"], "abstract": ["Data were collected as part of a monitoring programme, studying the changes in seaweedcommunities across an eutrophication gradient in the Kavala Gulf. As part of theWaterFramework Directive (WFD), the results of this study werethen compared to the EcologicalStatus assessment of the coastline,based on the Ecological Evaluation Index (EEI)."], "theme": ["N/A"], "creditText": ["N/A"], "producer": ["\u00c2\u00a0National Agricultural Research Foundation Fisheries Research Institute GR "], "author": ["\u00c2\u00a0National Agricultural Research Foundation Fisheries Research Institute GR "], "spatialCoverage": [" calculated BBOX > station Bounding Box Bounding Box West Bounding Coordinate 24.14333056 East Bounding Coordinate 24.49922222 North Bounding Coordinate 40.95200278 South Bounding Coordinate 40.73833056"], "sponsor": ["N/A"], "size": ["N/A"], "sameAs": ["N/A"], "publication": ["N/A"], "provider": ["\u00c2\u00a0National Agricultural Research Foundation Fisheries Research Institute GR "], "position": ["N/A"], "measurementTechnique": ["N/A"], "material": ["N/A"], "maintainer": ["N/A"], "locationCreated": ["N/A"], "issn": ["N/A"], "isPartOf": ["N/A"], "isBasedOn": ["N/A"], "isAccessibleForFree": ["N/A"], "includedInDataCatalog": ["N/A"], "editor": ["N/A"], "editEIDR": ["N/A"], "copyrightYear": ["N/A"], "copyrightNotice": ["N/A"], "copyrightHolder": ["N/A"], "contributor": ["N/A"], "contentReferenceTime": ["N/A"], "contentLocation": ["N/A"], "character": ["N/A"], "acquireLicensePage": ["N/A"], "accessModeSufficient": ["N/A"], "about": ["N/A"], "rights": ["N/A"], "relation": ["N/A"], "qualifiedRelation": ["N/A"], "qualifiedAttribution": ["N/A"], "previousVersion": ["N/A"], "nextVersion": ["N/A"], "landingPage": ["N/A"], "isReferencedBy": ["N/A"], "hasVersion": ["N/A"], "hasPolicy": ["N/A"], "hasCurrentVersion": ["N/A"], "useConstraints": ["N/A"], "status": ["N/A"], "spatialRepresentationType": ["N/A"], "scope": ["N/A"], "purpose": ["N/A"], "otherLocale": ["N/A"], "metadataProfile": ["N/A"], "metadataLinkage": ["N/A"], "metadataIdentifier": ["N/A"], "environmentDescription": ["N/A"], "contentInfo": ["N/A"], "ResearchInfrastructure": ["LifeWatch"], "EssentialVariables": ["N/A"], "potentialTopics": ["N/A"]}