{"url": ["https://metadatacatalogue.lifewatch.eu:/geonetwork/api/records/oai:marineinfo.org:id:dataset:1048"], "name": ["TWorsfold CullercoatsBay 2003"], "description": ["Macrofauna from 2 algal samples collectedfor reference specimens: Cullercoats Bay, Tyneand Wear, UK."], "datePublished": ["2021-12-02"], "language": ["en"], "creator": ["\u00c2\u00a0Thomson Unicomarine- Tim Worsfold "], "metadataProvider": ["\u00c2\u00a0Flanders Marine Institute(VLIZ) BEhttps://www.vliz.be"], "contact": ["\u00c2\u00a0Thomson Unicomarine- Tim Worsfold "], "associatedParty": ["N/A"], "licenseInformation": [" Intellectual Rights This work is licensed under a Creative Commons Attribution (CC-BY) 4.0 License .\u00c2\u00a0 "], "downloadLink": ["https://metadatacatalogue.lifewatch.eu:/srv/eng/catalog.search#/metadata/oai:marineinfo.org:id:dataset:1048"], "keywords": ["Biological data Macrobenthos Marine invertebrates"], "geographicCoverage": ["Geographic Description Cullercoats Bay"], "westBoundingCoordinate": ["-1.4226"], "eastBoundingCoordinate": ["-1.4226"], "northBoundingCoordinate": ["55.0312"], "southBoundingCoordinate": ["55.0312"], "dateCreated": ["2003-11-28"], "temporalCoverageEndDate": ["2003-11-28"], "license": ["N/A"], "distribution": ["N/A"], "distributionInfo": ["N/A"], "identifier": ["https://metadatacatalogue.lifewatch.eu:/srv/eng/catalog.search#/metadata/oai:marineinfo.org:id:dataset:1048"], "accessibilitySummary": ["N/A"], "version": ["N/A"], "temporalCoverage": ["N/A"], "publisher": ["N/A"], "spatial": ["N/A"], "citation": ["N/A"], "genre": ["N/A"], "modificationDate": ["2021-12-02"], "image": ["N/A"], "thumbnailUrl": ["N/A"], "headline": ["TWorsfold CullercoatsBay 2003"], "abstract": ["Macrofauna from 2 algal samples collectedfor reference specimens: Cullercoats Bay, Tyneand Wear, UK."], "theme": ["N/A"], "creditText": ["N/A"], "producer": ["\u00c2\u00a0Thomson Unicomarine- Tim Worsfold "], "author": ["\u00c2\u00a0Thomson Unicomarine- Tim Worsfold "], "spatialCoverage": [" Cullercoats Bay"], "sponsor": ["N/A"], "size": ["N/A"], "sameAs": ["N/A"], "publication": ["N/A"], "provider": ["\u00c2\u00a0Thomson Unicomarine- Tim Worsfold "], "position": ["N/A"], "measurementTechnique": ["N/A"], "material": ["N/A"], "maintainer": ["N/A"], "locationCreated": ["N/A"], "issn": ["N/A"], "isPartOf": ["N/A"], "isBasedOn": ["N/A"], "isAccessibleForFree": ["N/A"], "includedInDataCatalog": ["N/A"], "editor": ["N/A"], "editEIDR": ["N/A"], "copyrightYear": ["N/A"], "copyrightNotice": ["N/A"], "copyrightHolder": ["N/A"], "contributor": ["N/A"], "contentReferenceTime": ["N/A"], "contentLocation": ["N/A"], "character": ["N/A"], "acquireLicensePage": ["N/A"], "accessModeSufficient": ["N/A"], "about": ["N/A"], "rights": ["N/A"], "relation": ["N/A"], "qualifiedRelation": ["N/A"], "qualifiedAttribution": ["N/A"], "previousVersion": ["N/A"], "nextVersion": ["N/A"], "landingPage": ["N/A"], "isReferencedBy": ["N/A"], "hasVersion": ["N/A"], "hasPolicy": ["N/A"], "hasCurrentVersion": ["N/A"], "useConstraints": ["N/A"], "status": ["N/A"], "spatialRepresentationType": ["N/A"], "scope": ["N/A"], "purpose": ["N/A"], "otherLocale": ["N/A"], "metadataProfile": ["N/A"], "metadataLinkage": ["N/A"], "metadataIdentifier": ["N/A"], "environmentDescription": ["N/A"], "contentInfo": ["N/A"], "ResearchInfrastructure": ["LifeWatch"], "EssentialVariables": ["N/A"], "potentialTopics": ["N/A"]}