{"url": ["https://metadatacatalogue.lifewatch.eu:/geonetwork/api/records/oai:marineinfo.org:id:dataset:4473"], "name": ["Microzooplankton North Adriatic-INTERREG Project"], "description": ["Microzooplankton data collected in the framework of INTERREGII and III Italy-Slovenia project, implemented on behalfof the Friuli-Venezia Giulia RegionalEnvironment Office by the MarineBiologyLaboratory in Trieste, with the contributionof the newly-founded Regional Agency fortheConservation of the Environment (ARPA - Agenziaregionale per la protezione dell'ambiente)."], "datePublished": ["2021-12-02"], "language": ["en"], "creator": ["\u00c2\u00a0National Institute of Oceanography andExperimentalGeophysics- Marina Monti "], "metadataProvider": ["\u00c2\u00a0Flanders Marine Institute(VLIZ) BEhttps://www.vliz.be"], "contact": ["\u00c2\u00a0National Institute of Oceanography andExperimentalGeophysics- Marina Lipizer "], "associatedParty": [" custodianSteward\u00c2\u00a0National Institute of Oceanography andExperimentalGeophysics- Marina Lipizer "], "licenseInformation": [" Intellectual Rights This work is licensed under a Creative Commons Attribution (CC-BY) 4.0 License .\u00c2\u00a0 "], "downloadLink": ["https://metadatacatalogue.lifewatch.eu:/srv/eng/catalog.search#/metadata/oai:marineinfo.org:id:dataset:4473"], "keywords": ["N/A"], "geographicCoverage": ["Geographic Description EurOBIS calculated BBOX > station Bounding Box Bounding Box West Bounding Coordinate 13.564666666667 East Bounding Coordinate 13.596166666667 North Bounding Coordinate 45.6935 South Bounding Coordinate 45.663833333333"], "westBoundingCoordinate": ["13.564666666667"], "eastBoundingCoordinate": ["13.596166666667"], "northBoundingCoordinate": ["45.6935"], "southBoundingCoordinate": ["45.663833333333"], "dateCreated": ["1998-01-01"], "temporalCoverageEndDate": ["2001-01-01"], "license": ["http://nodc.ogs.trieste.it/nodc/metadata/doidetails?doi=10.6092/628f1c77-a065-4224-b717-ca0a7c9ec659"], "distribution": ["http://nodc.ogs.trieste.it/nodc/metadata/doidetails?doi=10.6092/628f1c77-a065-4224-b717-ca0a7c9ec659"], "distributionInfo": ["http://nodc.ogs.trieste.it/nodc/metadata/doidetails?doi=10.6092/628f1c77-a065-4224-b717-ca0a7c9ec659"], "identifier": ["https://metadatacatalogue.lifewatch.eu:/srv/eng/catalog.search#/metadata/oai:marineinfo.org:id:dataset:4473"], "accessibilitySummary": ["N/A"], "version": ["N/A"], "temporalCoverage": ["N/A"], "publisher": ["N/A"], "spatial": ["N/A"], "citation": ["N/A"], "genre": ["N/A"], "modificationDate": ["2021-12-02"], "image": ["N/A"], "thumbnailUrl": ["N/A"], "headline": ["Microzooplankton North Adriatic-INTERREG Project"], "abstract": ["Microzooplankton data collected in the framework of INTERREGII and III Italy-Slovenia project, implemented on behalfof the Friuli-Venezia Giulia RegionalEnvironment Office by the MarineBiologyLaboratory in Trieste, with the contributionof the newly-founded Regional Agency fortheConservation of the Environment (ARPA - Agenziaregionale per la protezione dell'ambiente)."], "theme": ["N/A"], "creditText": ["N/A"], "producer": ["\u00c2\u00a0National Institute of Oceanography andExperimentalGeophysics- Marina Monti "], "author": ["\u00c2\u00a0National Institute of Oceanography andExperimentalGeophysics- Marina Monti "], "spatialCoverage": [" calculated BBOX > station Bounding Box Bounding Box West Bounding Coordinate 13.564666666667 East Bounding Coordinate 13.596166666667 North Bounding Coordinate 45.6935 South Bounding Coordinate 45.663833333333"], "sponsor": ["N/A"], "size": ["N/A"], "sameAs": ["N/A"], "publication": ["N/A"], "provider": ["\u00c2\u00a0National Institute of Oceanography andExperimentalGeophysics- Marina Monti "], "position": ["N/A"], "measurementTechnique": ["N/A"], "material": ["N/A"], "maintainer": ["N/A"], "locationCreated": ["N/A"], "issn": ["N/A"], "isPartOf": ["N/A"], "isBasedOn": ["N/A"], "isAccessibleForFree": ["N/A"], "includedInDataCatalog": ["N/A"], "editor": ["N/A"], "editEIDR": ["N/A"], "copyrightYear": ["N/A"], "copyrightNotice": ["N/A"], "copyrightHolder": ["N/A"], "contributor": ["N/A"], "contentReferenceTime": ["N/A"], "contentLocation": ["N/A"], "character": ["N/A"], "acquireLicensePage": ["N/A"], "accessModeSufficient": ["N/A"], "about": ["N/A"], "rights": ["N/A"], "relation": ["N/A"], "qualifiedRelation": ["N/A"], "qualifiedAttribution": ["N/A"], "previousVersion": ["N/A"], "nextVersion": ["N/A"], "landingPage": ["N/A"], "isReferencedBy": ["N/A"], "hasVersion": ["N/A"], "hasPolicy": ["N/A"], "hasCurrentVersion": ["N/A"], "useConstraints": ["N/A"], "status": ["N/A"], "spatialRepresentationType": ["N/A"], "scope": ["N/A"], "purpose": ["N/A"], "otherLocale": ["N/A"], "metadataProfile": ["N/A"], "metadataLinkage": ["N/A"], "metadataIdentifier": ["N/A"], "environmentDescription": ["N/A"], "contentInfo": ["N/A"], "ResearchInfrastructure": ["LifeWatch"], "EssentialVariables": ["N/A"], "potentialTopics": ["N/A"]}