{"url": ["https://metadatacatalogue.lifewatch.eu:/srv/api/records/oai:marineinfo.org:id:dataset:4399"], "name": ["Zooplankton monitoring RADIALES - section off Vigo (NW Spain, Galicia); mid-shelf (station depth 97 m)"], "description": ["Zooplankton time-series from the time-series monitoringprogramme RADIALES, done by IEO at different stations in the Northwest and North IberianShelf."], "datePublished": ["2021-12-02"], "language": ["en"], "creator": ["\u00c2\u00a0Spanish Ministry of EconomyandCompetiveness; Instituto Espa\u00c3\u00b1ol de Oceanograf\u00c3\u00ada "], "metadataProvider": ["\u00c2\u00a0Flanders Marine Institute(VLIZ) BEhttps://www.vliz.be"], "contact": ["\u00c2\u00a0Spanish Ministry of EconomyandCompetiveness; Instituto Espa\u00c3\u00b1ol de Oceanograf\u00c3\u00ada- Enrique Nogueira "], "associatedParty": [" custodianSteward\u00c2\u00a0Spanish Ministry of EconomyandCompetiveness; Instituto Espa\u00c3\u00b1ol de Oceanograf\u00c3\u00ada- Enrique Nogueira "], "licenseInformation": [" Intellectual Rights This work is licensed under a Creative Commons Attribution (CC-BY) 4.0 License .\u00c2\u00a0 "], "downloadLink": ["https://metadatacatalogue.lifewatch.eu:/srv/eng/catalog.search#/metadata/oai:marineinfo.org:id:dataset:4399"], "keywords": ["N/A"], "geographicCoverage": ["Geographic Description EurOBIS calculated BBOX > station Bounding Box Bounding Box West Bounding Coordinate -8.958 East Bounding Coordinate -8.958 North Bounding Coordinate 42.142 South Bounding Coordinate 42.142"], "westBoundingCoordinate": ["-8.958"], "eastBoundingCoordinate": ["-8.958"], "northBoundingCoordinate": ["42.142"], "southBoundingCoordinate": ["42.142"], "dateCreated": ["1995-01-01"], "temporalCoverageEndDate": ["2008-01-01"], "license": ["N/A"], "distribution": ["N/A"], "distributionInfo": ["N/A"], "identifier": ["https://metadatacatalogue.lifewatch.eu:/srv/eng/catalog.search#/metadata/oai:marineinfo.org:id:dataset:4399"], "accessibilitySummary": ["N/A"], "version": ["N/A"], "temporalCoverage": ["N/A"], "publisher": ["N/A"], "spatial": ["N/A"], "citation": ["N/A"], "genre": ["N/A"], "modificationDate": ["2021-12-02"], "image": ["N/A"], "thumbnailUrl": ["N/A"], "headline": ["Zooplankton monitoring RADIALES - section off Vigo (NW Spain, Galicia); mid-shelf (station depth 97 m)"], "abstract": ["Zooplankton time-series from the time-series monitoringprogramme RADIALES, done by IEO at different stations in the Northwest and North IberianShelf."], "theme": ["N/A"], "creditText": ["N/A"], "producer": ["\u00c2\u00a0Spanish Ministry of EconomyandCompetiveness; Instituto Espa\u00c3\u00b1ol de Oceanograf\u00c3\u00ada "], "author": ["\u00c2\u00a0Spanish Ministry of EconomyandCompetiveness; Instituto Espa\u00c3\u00b1ol de Oceanograf\u00c3\u00ada "], "spatialCoverage": [" calculated BBOX > station Bounding Box Bounding Box West Bounding Coordinate -8.958 East Bounding Coordinate -8.958 North Bounding Coordinate 42.142 South Bounding Coordinate 42.142"], "sponsor": ["N/A"], "size": ["N/A"], "sameAs": ["N/A"], "publication": ["N/A"], "provider": ["\u00c2\u00a0Spanish Ministry of EconomyandCompetiveness; Instituto Espa\u00c3\u00b1ol de Oceanograf\u00c3\u00ada "], "position": ["N/A"], "measurementTechnique": ["N/A"], "material": ["N/A"], "maintainer": ["N/A"], "locationCreated": ["N/A"], "issn": ["N/A"], "isPartOf": ["N/A"], "isBasedOn": ["N/A"], "isAccessibleForFree": ["N/A"], "includedInDataCatalog": ["N/A"], "editor": ["N/A"], "editEIDR": ["N/A"], "copyrightYear": ["N/A"], "copyrightNotice": ["N/A"], "copyrightHolder": ["N/A"], "contributor": ["N/A"], "contentReferenceTime": ["N/A"], "contentLocation": ["N/A"], "character": ["N/A"], "acquireLicensePage": ["N/A"], "accessModeSufficient": ["N/A"], "about": ["N/A"], "rights": ["N/A"], "relation": ["N/A"], "qualifiedRelation": ["N/A"], "qualifiedAttribution": ["N/A"], "previousVersion": ["N/A"], "nextVersion": ["N/A"], "landingPage": ["N/A"], "isReferencedBy": ["N/A"], "hasVersion": ["N/A"], "hasPolicy": ["N/A"], "hasCurrentVersion": ["N/A"], "useConstraints": ["N/A"], "status": ["N/A"], "spatialRepresentationType": ["N/A"], "scope": ["N/A"], "purpose": ["N/A"], "otherLocale": ["N/A"], "metadataProfile": ["N/A"], "metadataLinkage": ["N/A"], "metadataIdentifier": ["N/A"], "environmentDescription": ["N/A"], "contentInfo": ["N/A"], "ResearchInfrastructure": ["LifeWatch"], "EssentialVariables": ["N/A"], "potentialTopics": ["N/A"]}