{"url": ["https://metadatacatalogue.lifewatch.eu:/geonetwork/api/records/oai:marineinfo.org:id:dataset:6204"], "name": ["Dutch national shellfish monitoring in the coastal zone"], "description": ["Every year, Wageningen Marine Research carries outshellfish surveys in the Dutchcoastal waters (Wadden Sea, Oosterschelde, Westerschelde and Coastal Zone), investigating the distribution and size of the most important commercial shellfish species. These aremainly mussels, cockles, knife hives and Japanese oysters, but also otherspecies with a certain importance for ecology or fishingareincluded. In addition, catchdata from professional fishing are also collected. The data is used by thegovernment when deciding whether or not to permit fishing."], "datePublished": ["2021-12-02"], "language": ["en"], "creator": ["\u00c2\u00a0Wageningen University and ResearchCentre; Wageningen Marine Research "], "metadataProvider": ["\u00c2\u00a0Flanders Marine Institute(VLIZ) BEhttps://www.vliz.be"], "contact": ["\u00c2\u00a0Wageningen University and ResearchCentre; Wageningen Marine Research- Karin Troost "], "associatedParty": [" pointOfContact\u00c2\u00a0Wageningen University and ResearchCentre; Wageningen Marine Research- Jan Tjalling van derWal "], "licenseInformation": [" Intellectual Rights This work is licensed under a Creative Commons Attribution (CC-BY) 4.0 License .\u00c2\u00a0 "], "downloadLink": ["https://metadatacatalogue.lifewatch.eu:/srv/eng/catalog.search#/metadata/oai:marineinfo.org:id:dataset:6204"], "keywords": ["N/A"], "geographicCoverage": ["Geographic Description ANE, Netherlands, Dutch Coast"], "westBoundingCoordinate": ["3.1625"], "eastBoundingCoordinate": ["6.54166667"], "northBoundingCoordinate": ["53.7"], "southBoundingCoordinate": ["51.38333333"], "dateCreated": ["2004-01-01"], "temporalCoverageEndDate": ["2017-01-01"], "license": ["https://www.emodnet-ingestion.eu/submissions/submissions_details.php?menu=39&tpd=372&step=018Biology_01410"], "distribution": ["https://www.emodnet-ingestion.eu/submissions/submissions_details.php?menu=39&tpd=372&step=018Biology_01410"], "distributionInfo": ["https://www.emodnet-ingestion.eu/submissions/submissions_details.php?menu=39&tpd=372&step=018Biology_01410"], "identifier": ["https://metadatacatalogue.lifewatch.eu:/srv/eng/catalog.search#/metadata/oai:marineinfo.org:id:dataset:6204"], "accessibilitySummary": ["N/A"], "version": ["N/A"], "temporalCoverage": ["N/A"], "publisher": ["N/A"], "spatial": ["N/A"], "citation": ["N/A"], "genre": ["N/A"], "modificationDate": ["2021-12-02"], "image": ["N/A"], "thumbnailUrl": ["N/A"], "headline": ["Dutch national shellfish monitoring in the coastal zone"], "abstract": ["Every year, Wageningen Marine Research carries outshellfish surveys in the Dutchcoastal waters (Wadden Sea, Oosterschelde, Westerschelde and Coastal Zone), investigating the distribution and size of the most important commercial shellfish species. These aremainly mussels, cockles, knife hives and Japanese oysters, but also otherspecies with a certain importance for ecology or fishingareincluded. In addition, catchdata from professional fishing are also collected. The data is used by thegovernment when deciding whether or not to permit fishing."], "theme": ["N/A"], "creditText": ["N/A"], "producer": ["\u00c2\u00a0Wageningen University and ResearchCentre; Wageningen Marine Research "], "author": ["\u00c2\u00a0Wageningen University and ResearchCentre; Wageningen Marine Research "], "spatialCoverage": [" Netherlands Dutch Coast"], "sponsor": ["N/A"], "size": ["N/A"], "sameAs": ["N/A"], "publication": ["N/A"], "provider": ["\u00c2\u00a0Wageningen University and ResearchCentre; Wageningen Marine Research "], "position": ["N/A"], "measurementTechnique": ["N/A"], "material": ["N/A"], "maintainer": ["N/A"], "locationCreated": ["N/A"], "issn": ["N/A"], "isPartOf": ["N/A"], "isBasedOn": ["N/A"], "isAccessibleForFree": ["N/A"], "includedInDataCatalog": ["N/A"], "editor": ["N/A"], "editEIDR": ["N/A"], "copyrightYear": ["N/A"], "copyrightNotice": ["N/A"], "copyrightHolder": ["N/A"], "contributor": ["N/A"], "contentReferenceTime": ["N/A"], "contentLocation": ["N/A"], "character": ["N/A"], "acquireLicensePage": ["N/A"], "accessModeSufficient": ["N/A"], "about": ["N/A"], "rights": ["N/A"], "relation": ["N/A"], "qualifiedRelation": ["N/A"], "qualifiedAttribution": ["N/A"], "previousVersion": ["N/A"], "nextVersion": ["N/A"], "landingPage": ["N/A"], "isReferencedBy": ["N/A"], "hasVersion": ["N/A"], "hasPolicy": ["N/A"], "hasCurrentVersion": ["N/A"], "useConstraints": ["N/A"], "status": ["N/A"], "spatialRepresentationType": ["N/A"], "scope": ["N/A"], "purpose": ["N/A"], "otherLocale": ["N/A"], "metadataProfile": ["N/A"], "metadataLinkage": ["N/A"], "metadataIdentifier": ["N/A"], "environmentDescription": ["N/A"], "contentInfo": ["N/A"], "ResearchInfrastructure": ["LifeWatch"], "EssentialVariables": ["N/A"], "potentialTopics": ["N/A"]}