{"url": ["https://metadatacatalogue.lifewatch.eu:/srv/api/records/oai:marineinfo.org:id:dataset:6202"], "name": ["CETUS: Cetacean monitoring surveys in the Eastern North Atlantic"], "description": ["The CETUS dataset contains effort-basedoccurrence records collected during a cetacean monitoring programme in the Eastern North Atlantic, since2012."], "datePublished": ["2021-12-02"], "language": ["en"], "creator": ["\u00c2\u00a0Consejo Superior de InvestigacionesCient\u00c3\u00adficas;Instituto de Investigaciones Marinas de Vigo- Graham Pierce "], "metadataProvider": ["\u00c2\u00a0Flanders Marine Institute(VLIZ) BEhttps://www.vliz.be"], "contact": ["\u00c2\u00a0University of Algarve; Faculty of Marine and Environmental Sciences; Centre of MarineSciences- Miguel Gandra "], "associatedParty": [" pointOfContact\u00c2\u00a0University of Porto; Interdisciplinary Centre for Marine and Environmental Research(Porto)- Ana Mafalda Correia "], "licenseInformation": [" Intellectual Rights This work is licensed under a Creative Commons Attribution (CC-BY) 4.0 License .\u00c2\u00a0 "], "downloadLink": ["https://metadatacatalogue.lifewatch.eu:/srv/eng/catalog.search#/metadata/oai:marineinfo.org:id:dataset:6202"], "keywords": ["Megafauna Pelagic Visual Line Transects"], "geographicCoverage": ["Geographic Description Eastern North Atlantic"], "westBoundingCoordinate": ["-28.79569"], "eastBoundingCoordinate": ["-8.65294"], "northBoundingCoordinate": ["43.43458"], "southBoundingCoordinate": ["14.57488"], "dateCreated": ["N/A"], "temporalCoverageEndDate": ["N/A"], "license": ["N/A"], "distribution": ["N/A"], "distributionInfo": ["N/A"], "identifier": ["https://metadatacatalogue.lifewatch.eu:/srv/eng/catalog.search#/metadata/oai:marineinfo.org:id:dataset:6202"], "accessibilitySummary": ["N/A"], "version": ["N/A"], "temporalCoverage": ["N/A"], "publisher": ["N/A"], "spatial": ["N/A"], "citation": ["N/A"], "genre": ["N/A"], "modificationDate": ["2021-12-02"], "image": ["N/A"], "thumbnailUrl": ["N/A"], "headline": ["CETUS: Cetacean monitoring surveys in the Eastern North Atlantic"], "abstract": ["The CETUS dataset contains effort-basedoccurrence records collected during a cetacean monitoring programme in the Eastern North Atlantic, since2012."], "theme": ["N/A"], "creditText": ["N/A"], "producer": ["\u00c2\u00a0Consejo Superior de InvestigacionesCient\u00c3\u00adficas;Instituto de Investigaciones Marinas de Vigo- Graham Pierce "], "author": ["\u00c2\u00a0Consejo Superior de InvestigacionesCient\u00c3\u00adficas;Instituto de Investigaciones Marinas de Vigo- Graham Pierce "], "spatialCoverage": [" Eastern North Atlantic"], "sponsor": ["N/A"], "size": ["N/A"], "sameAs": ["N/A"], "publication": ["N/A"], "provider": ["\u00c2\u00a0Consejo Superior de InvestigacionesCient\u00c3\u00adficas;Instituto de Investigaciones Marinas de Vigo- Graham Pierce "], "position": ["N/A"], "measurementTechnique": ["N/A"], "material": ["N/A"], "maintainer": ["N/A"], "locationCreated": ["N/A"], "issn": ["N/A"], "isPartOf": ["N/A"], "isBasedOn": ["N/A"], "isAccessibleForFree": ["N/A"], "includedInDataCatalog": ["N/A"], "editor": ["N/A"], "editEIDR": ["N/A"], "copyrightYear": ["N/A"], "copyrightNotice": ["N/A"], "copyrightHolder": ["N/A"], "contributor": ["N/A"], "contentReferenceTime": ["N/A"], "contentLocation": ["N/A"], "character": ["N/A"], "acquireLicensePage": ["N/A"], "accessModeSufficient": ["N/A"], "about": ["N/A"], "rights": ["N/A"], "relation": ["N/A"], "qualifiedRelation": ["N/A"], "qualifiedAttribution": ["N/A"], "previousVersion": ["N/A"], "nextVersion": ["N/A"], "landingPage": ["N/A"], "isReferencedBy": ["N/A"], "hasVersion": ["N/A"], "hasPolicy": ["N/A"], "hasCurrentVersion": ["N/A"], "useConstraints": ["N/A"], "status": ["N/A"], "spatialRepresentationType": ["N/A"], "scope": ["N/A"], "purpose": ["N/A"], "otherLocale": ["N/A"], "metadataProfile": ["N/A"], "metadataLinkage": ["N/A"], "metadataIdentifier": ["N/A"], "environmentDescription": ["N/A"], "contentInfo": ["N/A"], "ResearchInfrastructure": ["LifeWatch"], "EssentialVariables": ["N/A"], "potentialTopics": ["N/A"]}