{"url": ["https://metadatacatalogue.lifewatch.eu:/srv/api/records/oai:marineinfo.org:id:dataset:5112"], "name": ["Quantitative determination of bacteria by the membrane-filtration method in the Sluice Dock in 1966"], "description": ["Bacterial densities for 3 points sampled betweenMarch and October 1966 in the Sluice Dock and the Port of Ostend. The data were digitized by VLIZ fromtheoriginal report: Persoone, G.; De Pauw, N.(1971).Contributions \u00c3\u00a0 l'\u00c3\u00a9tude des bact\u00c3\u00a9ries marines dulittoral belge: 4. Recherche quantitative de la richessemicrobienne de l'eau du bassin de chassed'Ostende par lecture directe sur membranesfiltrantes."], "datePublished": ["2021-12-02"], "language": ["en"], "creator": ["\u00c2\u00a0Universiteit Antwerpen "], "metadataProvider": ["\u00c2\u00a0Flanders Marine Institute(VLIZ) BEhttps://www.vliz.be"], "contact": ["\u00c2\u00a0Vlaams Instituut voor de Zee BE "], "associatedParty": [" custodianSteward\u00c2\u00a0Vlaams Instituut voor de Zee BE "], "licenseInformation": [" Intellectual Rights This work is licensed under a Creative Commons Attribution (CC-BY) 4.0 License .\u00c2\u00a0 "], "downloadLink": ["https://metadatacatalogue.lifewatch.eu:/srv/eng/catalog.search#/metadata/oai:marineinfo.org:id:dataset:5112"], "keywords": ["Bacterial filtration"], "geographicCoverage": ["Geographic Description ANE, Belgium, OostendeHarbour > station Point A Bounding Box West Bounding Coordinate 2.927446 East Bounding Coordinate 2.927446 North Bounding Coordinate 51.229928 South Bounding Coordinate 51.229928"], "westBoundingCoordinate": ["2.927446"], "eastBoundingCoordinate": ["2.927446"], "northBoundingCoordinate": ["51.229928"], "southBoundingCoordinate": ["51.229928"], "dateCreated": ["1966-03-17"], "temporalCoverageEndDate": ["1966-10-27"], "license": ["N/A"], "distribution": ["N/A"], "distributionInfo": ["N/A"], "identifier": ["https://metadatacatalogue.lifewatch.eu:/srv/eng/catalog.search#/metadata/oai:marineinfo.org:id:dataset:5112"], "accessibilitySummary": ["N/A"], "version": ["N/A"], "temporalCoverage": ["N/A"], "publisher": ["N/A"], "spatial": ["N/A"], "citation": ["N/A"], "genre": ["N/A"], "modificationDate": ["2021-12-02"], "image": ["N/A"], "thumbnailUrl": ["N/A"], "headline": ["Quantitative determination of bacteria by the membrane-filtration method in the Sluice Dock in 1966"], "abstract": ["Bacterial densities for 3 points sampled betweenMarch and October 1966 in the Sluice Dock and the Port of Ostend. The data were digitized by VLIZ fromtheoriginal report: Persoone, G.; De Pauw, N.(1971).Contributions \u00c3\u00a0 l'\u00c3\u00a9tude des bact\u00c3\u00a9ries marines dulittoral belge: 4. Recherche quantitative de la richessemicrobienne de l'eau du bassin de chassed'Ostende par lecture directe sur membranesfiltrantes."], "theme": ["N/A"], "creditText": ["N/A"], "producer": ["\u00c2\u00a0Universiteit Antwerpen "], "author": ["\u00c2\u00a0Universiteit Antwerpen "], "spatialCoverage": [" Belgium OostendeHarbour > station Point A Bounding Box West Bounding Coordinate 2.927446 East Bounding Coordinate 2.927446 North Bounding Coordinate 51.229928 South Bounding Coordinate 51.229928"], "sponsor": ["N/A"], "size": ["N/A"], "sameAs": ["N/A"], "publication": ["N/A"], "provider": ["\u00c2\u00a0Universiteit Antwerpen "], "position": ["N/A"], "measurementTechnique": ["N/A"], "material": ["N/A"], "maintainer": ["N/A"], "locationCreated": ["N/A"], "issn": ["N/A"], "isPartOf": ["N/A"], "isBasedOn": ["N/A"], "isAccessibleForFree": ["N/A"], "includedInDataCatalog": ["N/A"], "editor": ["N/A"], "editEIDR": ["N/A"], "copyrightYear": ["N/A"], "copyrightNotice": ["N/A"], "copyrightHolder": ["N/A"], "contributor": ["N/A"], "contentReferenceTime": ["N/A"], "contentLocation": ["N/A"], "character": ["N/A"], "acquireLicensePage": ["N/A"], "accessModeSufficient": ["N/A"], "about": ["N/A"], "rights": ["N/A"], "relation": ["N/A"], "qualifiedRelation": ["N/A"], "qualifiedAttribution": ["N/A"], "previousVersion": ["N/A"], "nextVersion": ["N/A"], "landingPage": ["N/A"], "isReferencedBy": ["N/A"], "hasVersion": ["N/A"], "hasPolicy": ["N/A"], "hasCurrentVersion": ["N/A"], "useConstraints": ["N/A"], "status": ["N/A"], "spatialRepresentationType": ["N/A"], "scope": ["N/A"], "purpose": ["N/A"], "otherLocale": ["N/A"], "metadataProfile": ["N/A"], "metadataLinkage": ["N/A"], "metadataIdentifier": ["N/A"], "environmentDescription": ["N/A"], "contentInfo": ["N/A"], "ResearchInfrastructure": ["LifeWatch"], "EssentialVariables": ["N/A"], "potentialTopics": ["N/A"]}