{"url": ["https://metadatacatalogue.lifewatch.eu:/geonetwork/api/records/oai:marineinfo.org:id:dataset:5431"], "name": ["Study of epibenthos and demersal fish in and around the aniline discharge area of the Belgian Continental Shelf (1982-1984)"], "description": ["Presence and density data for ichtyofauna and epibenthos sampled in and around the anilinedischarge area between 1982 and 1984andcomparison of the spring samplingdata with two coastal reference zones choosen in the Belgian Partof the NorthSea. The data were digitized by VLIZ fromthe original report: Maertens,D. (1987). Analyse van de levensgemeenschappen op het Belgisch Kontinentaal Plat: studie van de epibenthische biocoenoses en vandedemersale Pisces in het lozingsgebied voor afvalstoffen afkomstig van een anilineproduktie. Mededelingen vanhet Rijksstation voor Zeevisserij (CLO Gent), 219. CLO Gent:Gent. 28 pp."], "datePublished": ["2021-12-02"], "language": ["en"], "creator": ["\u00c2\u00a0Centrum voor LandbouwkundigOnderzoek "], "metadataProvider": ["\u00c2\u00a0Flanders Marine Institute(VLIZ) BEhttps://www.vliz.be"], "contact": ["\u00c2\u00a0Vlaams Instituut voor de Zee BE "], "associatedParty": [" custodianSteward\u00c2\u00a0Vlaams Instituut voor de Zee BE "], "licenseInformation": [" Intellectual Rights This work is licensed under a Creative Commons Attribution (CC-BY) 4.0 License .\u00c2\u00a0 "], "downloadLink": ["https://metadatacatalogue.lifewatch.eu:/srv/eng/catalog.search#/metadata/oai:marineinfo.org:id:dataset:5431"], "keywords": ["Abiotic factors Aniline Demersal fishes Discharge Ecological monitoring Epibenthos"], "geographicCoverage": ["Geographic Description ANE, Belgium, Belgian Continental Shelf (BCS)"], "westBoundingCoordinate": ["2.7633692405843"], "eastBoundingCoordinate": ["3.1536666666674"], "northBoundingCoordinate": ["51.599725814834"], "southBoundingCoordinate": ["51.232706076239"], "dateCreated": ["1982-02-22"], "temporalCoverageEndDate": ["1984-10-08"], "license": ["N/A"], "distribution": ["N/A"], "distributionInfo": ["N/A"], "identifier": ["https://metadatacatalogue.lifewatch.eu:/srv/eng/catalog.search#/metadata/oai:marineinfo.org:id:dataset:5431"], "accessibilitySummary": ["N/A"], "version": ["N/A"], "temporalCoverage": ["N/A"], "publisher": ["N/A"], "spatial": ["N/A"], "citation": ["N/A"], "genre": ["N/A"], "modificationDate": ["2021-12-02"], "image": ["N/A"], "thumbnailUrl": ["N/A"], "headline": ["Study of epibenthos and demersal fish in and around the aniline discharge area of the Belgian Continental Shelf (1982-1984)"], "abstract": ["Presence and density data for ichtyofauna and epibenthos sampled in and around the anilinedischarge area between 1982 and 1984andcomparison of the spring samplingdata with two coastal reference zones choosen in the Belgian Partof the NorthSea. The data were digitized by VLIZ fromthe original report: Maertens,D. (1987). Analyse van de levensgemeenschappen op het Belgisch Kontinentaal Plat: studie van de epibenthische biocoenoses en vandedemersale Pisces in het lozingsgebied voor afvalstoffen afkomstig van een anilineproduktie. Mededelingen vanhet Rijksstation voor Zeevisserij (CLO Gent), 219. CLO Gent:Gent. 28 pp."], "theme": ["N/A"], "creditText": ["N/A"], "producer": ["\u00c2\u00a0Centrum voor LandbouwkundigOnderzoek "], "author": ["\u00c2\u00a0Centrum voor LandbouwkundigOnderzoek "], "spatialCoverage": [" Belgium Belgian Continental Shelf (BCS)"], "sponsor": ["N/A"], "size": ["N/A"], "sameAs": ["N/A"], "publication": ["N/A"], "provider": ["\u00c2\u00a0Centrum voor LandbouwkundigOnderzoek "], "position": ["N/A"], "measurementTechnique": ["N/A"], "material": ["N/A"], "maintainer": ["N/A"], "locationCreated": ["N/A"], "issn": ["N/A"], "isPartOf": ["N/A"], "isBasedOn": ["N/A"], "isAccessibleForFree": ["N/A"], "includedInDataCatalog": ["N/A"], "editor": ["N/A"], "editEIDR": ["N/A"], "copyrightYear": ["N/A"], "copyrightNotice": ["N/A"], "copyrightHolder": ["N/A"], "contributor": ["N/A"], "contentReferenceTime": ["N/A"], "contentLocation": ["N/A"], "character": ["N/A"], "acquireLicensePage": ["N/A"], "accessModeSufficient": ["N/A"], "about": ["N/A"], "rights": ["N/A"], "relation": ["N/A"], "qualifiedRelation": ["N/A"], "qualifiedAttribution": ["N/A"], "previousVersion": ["N/A"], "nextVersion": ["N/A"], "landingPage": ["N/A"], "isReferencedBy": ["N/A"], "hasVersion": ["N/A"], "hasPolicy": ["N/A"], "hasCurrentVersion": ["N/A"], "useConstraints": ["N/A"], "status": ["N/A"], "spatialRepresentationType": ["N/A"], "scope": ["N/A"], "purpose": ["N/A"], "otherLocale": ["N/A"], "metadataProfile": ["N/A"], "metadataLinkage": ["N/A"], "metadataIdentifier": ["N/A"], "environmentDescription": ["N/A"], "contentInfo": ["N/A"], "ResearchInfrastructure": ["LifeWatch"], "EssentialVariables": ["N/A"], "potentialTopics": ["N/A"]}