{"url": ["https://metadatacatalogue.lifewatch.eu:/srv/api/records/oai:marineinfo.org:id:dataset:6485"], "name": ["National Pilot Monitoring Studies 2016, Improving Environmental Monitoring in the Black Sea - Phase II (EMBLAS-II), ENPI/2013/313-169, (Mesozooplankton)"], "description": ["Mesozooplankton data: species composition, abundance(ind/m3), biomass (mg/m3) collected during the survey of theNational Pilot MonitoringStudies Ukraine (NPMS UA) in the Ukrainianwaters(North-Western part of theBlack Sea) onboard the R/V \"MareNigrum\" (Romania) in May2016"], "datePublished": ["2021-12-02"], "language": ["en"], "creator": ["\u00c2\u00a0National Academy of Sciences of Ukraine; Insitute of MarineBiology- Vasily Diadichko "], "metadataProvider": ["\u00c2\u00a0Flanders Marine Institute(VLIZ) BEhttps://www.vliz.be"], "contact": ["\u00c2\u00a0Flanders Marine Institute(VLIZ) BEhttps://www.vliz.be"], "associatedParty": ["N/A"], "licenseInformation": [" Intellectual Rights To the extent possible underlaw, the publisher has waived all rights to these data and has dedicated them to the Public Domain (CC01.0) . Users may copy, modify,distribute and use the work,including for commercial purposes, without restriction.\u00c2\u00a0 "], "downloadLink": ["https://metadatacatalogue.lifewatch.eu:/srv/eng/catalog.search#/metadata/oai:marineinfo.org:id:dataset:6485"], "keywords": ["Biological monitoring Biological sampling"], "geographicCoverage": ["Geographic Description EurOBIS calculated BBOX > station Bounding Box Bounding Box West Bounding Coordinate 29.81026667 East Bounding Coordinate 31.46665 North Bounding Coordinate 46.50891667 South Bounding Coordinate 44.98146667"], "westBoundingCoordinate": ["29.81026667"], "eastBoundingCoordinate": ["31.46665"], "northBoundingCoordinate": ["46.50891667"], "southBoundingCoordinate": ["44.98146667"], "dateCreated": ["2016-05-17"], "temporalCoverageEndDate": ["2016-05-21"], "license": ["N/A"], "distribution": ["N/A"], "distributionInfo": ["N/A"], "identifier": ["https://metadatacatalogue.lifewatch.eu:/srv/eng/catalog.search#/metadata/oai:marineinfo.org:id:dataset:6485"], "accessibilitySummary": ["N/A"], "version": ["N/A"], "temporalCoverage": ["N/A"], "publisher": ["N/A"], "spatial": ["N/A"], "citation": ["N/A"], "genre": ["N/A"], "modificationDate": ["2021-12-02"], "image": ["N/A"], "thumbnailUrl": ["N/A"], "headline": ["National Pilot Monitoring Studies 2016, Improving Environmental Monitoring in the Black Sea - Phase II (EMBLAS-II), ENPI/2013/313-169, (Mesozooplankton)"], "abstract": ["Mesozooplankton data: species composition, abundance(ind/m3), biomass (mg/m3) collected during the survey of theNational Pilot MonitoringStudies Ukraine (NPMS UA) in the Ukrainianwaters(North-Western part of theBlack Sea) onboard the R/V \"MareNigrum\" (Romania) in May2016"], "theme": ["N/A"], "creditText": ["N/A"], "producer": ["\u00c2\u00a0National Academy of Sciences of Ukraine; Insitute of MarineBiology- Vasily Diadichko "], "author": ["\u00c2\u00a0National Academy of Sciences of Ukraine; Insitute of MarineBiology- Vasily Diadichko "], "spatialCoverage": [" calculated BBOX > station Bounding Box Bounding Box West Bounding Coordinate 29.81026667 East Bounding Coordinate 31.46665 North Bounding Coordinate 46.50891667 South Bounding Coordinate 44.98146667"], "sponsor": ["N/A"], "size": ["N/A"], "sameAs": ["N/A"], "publication": ["N/A"], "provider": ["\u00c2\u00a0National Academy of Sciences of Ukraine; Insitute of MarineBiology- Vasily Diadichko "], "position": ["N/A"], "measurementTechnique": ["N/A"], "material": ["N/A"], "maintainer": ["N/A"], "locationCreated": ["N/A"], "issn": ["N/A"], "isPartOf": ["N/A"], "isBasedOn": ["N/A"], "isAccessibleForFree": ["N/A"], "includedInDataCatalog": ["N/A"], "editor": ["N/A"], "editEIDR": ["N/A"], "copyrightYear": ["N/A"], "copyrightNotice": ["N/A"], "copyrightHolder": ["N/A"], "contributor": ["N/A"], "contentReferenceTime": ["N/A"], "contentLocation": ["N/A"], "character": ["N/A"], "acquireLicensePage": ["N/A"], "accessModeSufficient": ["N/A"], "about": ["N/A"], "rights": ["N/A"], "relation": ["N/A"], "qualifiedRelation": ["N/A"], "qualifiedAttribution": ["N/A"], "previousVersion": ["N/A"], "nextVersion": ["N/A"], "landingPage": ["N/A"], "isReferencedBy": ["N/A"], "hasVersion": ["N/A"], "hasPolicy": ["N/A"], "hasCurrentVersion": ["N/A"], "useConstraints": ["N/A"], "status": ["N/A"], "spatialRepresentationType": ["N/A"], "scope": ["N/A"], "purpose": ["N/A"], "otherLocale": ["N/A"], "metadataProfile": ["N/A"], "metadataLinkage": ["N/A"], "metadataIdentifier": ["N/A"], "environmentDescription": ["N/A"], "contentInfo": ["N/A"], "ResearchInfrastructure": ["LifeWatch"], "EssentialVariables": ["N/A"], "potentialTopics": ["N/A"]}