{"url": ["https://metadatacatalogue.lifewatch.eu:/srv/api/records/oai:marineinfo.org:id:dataset:6464"], "name": ["Joint Open Sea Surveys 2017, Improving Environmental Monitoring in the Black Sea - Phase II (EMBLAS-II), ENPI/2013/313-169, (Phytoplankton)"], "description": ["Phytoplankton data: species composition, volume of the cell[\u00c2\u00b5m3], abundance [*1000cells/l], biomass (mg/m3) and Carbon biomasscollected during the Joint Open Sea Survey (JOSS UA - GE 2017) in the Black Sea waters (Transects Odessa -Batumi) onboard the R/V \"Mare Nigrum\"(Romania) in August - September2017"], "datePublished": ["2021-12-02"], "language": ["en"], "creator": ["\u00c2\u00a0Ukrainian scientific center of Ecology of Sea- Maria Grandova "], "metadataProvider": ["\u00c2\u00a0Flanders Marine Institute(VLIZ) BEhttps://www.vliz.be"], "contact": ["\u00c2\u00a0Flanders Marine Institute(VLIZ) BEhttps://www.vliz.be"], "associatedParty": ["N/A"], "licenseInformation": [" Intellectual Rights To the extent possible underlaw, the publisher has waived all rights to these data and has dedicated them to the Public Domain (CC01.0) . Users may copy, modify,distribute and use the work,including for commercial purposes, without restriction.\u00c2\u00a0 "], "downloadLink": ["https://metadatacatalogue.lifewatch.eu:/srv/eng/catalog.search#/metadata/oai:marineinfo.org:id:dataset:6464"], "keywords": ["Biological monitoring Biological sampling"], "geographicCoverage": ["Geographic Description EurOBIS calculated BBOX > station Bounding Box Bounding Box West Bounding Coordinate 31.016666666667 East Bounding Coordinate 41.216666666667 North Bounding Coordinate 46.383333333333 South Bounding Coordinate 41.783333333333"], "westBoundingCoordinate": ["31.016666666667"], "eastBoundingCoordinate": ["41.216666666667"], "northBoundingCoordinate": ["46.383333333333"], "southBoundingCoordinate": ["41.783333333333"], "dateCreated": ["2017-08-26"], "temporalCoverageEndDate": ["2017-09-07"], "license": ["N/A"], "distribution": ["N/A"], "distributionInfo": ["N/A"], "identifier": ["https://metadatacatalogue.lifewatch.eu:/srv/eng/catalog.search#/metadata/oai:marineinfo.org:id:dataset:6464"], "accessibilitySummary": ["N/A"], "version": ["N/A"], "temporalCoverage": ["N/A"], "publisher": ["N/A"], "spatial": ["N/A"], "citation": ["N/A"], "genre": ["N/A"], "modificationDate": ["2021-12-02"], "image": ["N/A"], "thumbnailUrl": ["N/A"], "headline": ["Joint Open Sea Surveys 2017, Improving Environmental Monitoring in the Black Sea - Phase II (EMBLAS-II), ENPI/2013/313-169, (Phytoplankton)"], "abstract": ["Phytoplankton data: species composition, volume of the cell[\u00c2\u00b5m3], abundance [*1000cells/l], biomass (mg/m3) and Carbon biomasscollected during the Joint Open Sea Survey (JOSS UA - GE 2017) in the Black Sea waters (Transects Odessa -Batumi) onboard the R/V \"Mare Nigrum\"(Romania) in August - September2017"], "theme": ["N/A"], "creditText": ["N/A"], "producer": ["\u00c2\u00a0Ukrainian scientific center of Ecology of Sea- Maria Grandova "], "author": ["\u00c2\u00a0Ukrainian scientific center of Ecology of Sea- Maria Grandova "], "spatialCoverage": [" calculated BBOX > station Bounding Box Bounding Box West Bounding Coordinate 31.016666666667 East Bounding Coordinate 41.216666666667 North Bounding Coordinate 46.383333333333 South Bounding Coordinate 41.783333333333"], "sponsor": ["N/A"], "size": ["N/A"], "sameAs": ["N/A"], "publication": ["N/A"], "provider": ["\u00c2\u00a0Ukrainian scientific center of Ecology of Sea- Maria Grandova "], "position": ["N/A"], "measurementTechnique": ["N/A"], "material": ["N/A"], "maintainer": ["N/A"], "locationCreated": ["N/A"], "issn": ["N/A"], "isPartOf": ["N/A"], "isBasedOn": ["N/A"], "isAccessibleForFree": ["N/A"], "includedInDataCatalog": ["N/A"], "editor": ["N/A"], "editEIDR": ["N/A"], "copyrightYear": ["N/A"], "copyrightNotice": ["N/A"], "copyrightHolder": ["N/A"], "contributor": ["N/A"], "contentReferenceTime": ["N/A"], "contentLocation": ["N/A"], "character": ["N/A"], "acquireLicensePage": ["N/A"], "accessModeSufficient": ["N/A"], "about": ["N/A"], "rights": ["N/A"], "relation": ["N/A"], "qualifiedRelation": ["N/A"], "qualifiedAttribution": ["N/A"], "previousVersion": ["N/A"], "nextVersion": ["N/A"], "landingPage": ["N/A"], "isReferencedBy": ["N/A"], "hasVersion": ["N/A"], "hasPolicy": ["N/A"], "hasCurrentVersion": ["N/A"], "useConstraints": ["N/A"], "status": ["N/A"], "spatialRepresentationType": ["N/A"], "scope": ["N/A"], "purpose": ["N/A"], "otherLocale": ["N/A"], "metadataProfile": ["N/A"], "metadataLinkage": ["N/A"], "metadataIdentifier": ["N/A"], "environmentDescription": ["N/A"], "contentInfo": ["N/A"], "ResearchInfrastructure": ["LifeWatch"], "EssentialVariables": ["N/A"], "potentialTopics": ["N/A"]}