{"url": ["https://metadatacatalogue.lifewatch.eu:/geonetwork/api/records/oai:marineinfo.org:id:dataset:4492"], "name": ["ImagDOP Benthic Video Annotations in Condor seamount in 2010"], "description": ["Annotations of benthic sessile and mobile speciesrecorded on video by RemoteOperated Vehicle (ROV) during divesperformed in the Condorseamount, located 10 nm SW of FaialIsland, in the Azores archipelago,Portugal. Videos were recorded between180 and 1100 metersdepth."], "datePublished": ["2021-12-02"], "language": ["en"], "creator": ["\u00c2\u00a0Institute of MarineResearch "], "metadataProvider": ["\u00c2\u00a0Flanders Marine Institute(VLIZ) BEhttps://www.vliz.be"], "contact": ["\u00c2\u00a0University of the Azores; Departmentof Oceanography and Fisheries- Jos\u00c3\u00a9 Gomes-Pereira "], "associatedParty": [" pointOfContact\u00c2\u00a0University of the Azores; Departmentof Oceanography and Fisheries- Gui Menezes "], "licenseInformation": [" Intellectual Rights This work is licensed under a Creative Commons Attribution NonCommercial (CC-BY-NC) 4.0 License .\u00c2\u00a0 "], "downloadLink": ["https://metadatacatalogue.lifewatch.eu:/geonetwork/eng/catalog.search#/metadata/oai:marineinfo.org:id:dataset:4492"], "keywords": ["Deep water Deep water corals ROV Video observations"], "geographicCoverage": ["Geographic Description ANE, Portugual (Azores), Condor Seamount"], "westBoundingCoordinate": ["-29.03"], "eastBoundingCoordinate": ["-28.97"], "northBoundingCoordinate": ["38.56"], "southBoundingCoordinate": ["38.52"], "dateCreated": ["2010-01-01"], "temporalCoverageEndDate": ["2010-01-01"], "license": ["N/A"], "distribution": ["N/A"], "distributionInfo": ["N/A"], "identifier": ["https://metadatacatalogue.lifewatch.eu:/geonetwork/eng/catalog.search#/metadata/oai:marineinfo.org:id:dataset:4492"], "accessibilitySummary": ["N/A"], "version": ["N/A"], "temporalCoverage": ["N/A"], "publisher": ["N/A"], "spatial": ["N/A"], "citation": ["N/A"], "genre": ["N/A"], "modificationDate": ["2021-12-02"], "image": ["N/A"], "thumbnailUrl": ["N/A"], "headline": ["ImagDOP Benthic Video Annotations in Condor seamount in 2010"], "abstract": ["Annotations of benthic sessile and mobile speciesrecorded on video by RemoteOperated Vehicle (ROV) during divesperformed in the Condorseamount, located 10 nm SW of FaialIsland, in the Azores archipelago,Portugal. Videos were recorded between180 and 1100 metersdepth."], "theme": ["N/A"], "creditText": ["N/A"], "producer": ["\u00c2\u00a0Institute of MarineResearch "], "author": ["\u00c2\u00a0Institute of MarineResearch "], "spatialCoverage": [" Portugual (Azores) Condor Seamount"], "sponsor": ["N/A"], "size": ["N/A"], "sameAs": ["N/A"], "publication": ["N/A"], "provider": ["\u00c2\u00a0Institute of MarineResearch "], "position": ["N/A"], "measurementTechnique": ["N/A"], "material": ["N/A"], "maintainer": ["N/A"], "locationCreated": ["N/A"], "issn": ["N/A"], "isPartOf": ["N/A"], "isBasedOn": ["N/A"], "isAccessibleForFree": ["N/A"], "includedInDataCatalog": ["N/A"], "editor": ["N/A"], "editEIDR": ["N/A"], "copyrightYear": ["N/A"], "copyrightNotice": ["N/A"], "copyrightHolder": ["N/A"], "contributor": ["N/A"], "contentReferenceTime": ["N/A"], "contentLocation": ["N/A"], "character": ["N/A"], "acquireLicensePage": ["N/A"], "accessModeSufficient": ["N/A"], "about": ["N/A"], "rights": ["N/A"], "relation": ["N/A"], "qualifiedRelation": ["N/A"], "qualifiedAttribution": ["N/A"], "previousVersion": ["N/A"], "nextVersion": ["N/A"], "landingPage": ["N/A"], "isReferencedBy": ["N/A"], "hasVersion": ["N/A"], "hasPolicy": ["N/A"], "hasCurrentVersion": ["N/A"], "useConstraints": ["N/A"], "status": ["N/A"], "spatialRepresentationType": ["N/A"], "scope": ["N/A"], "purpose": ["N/A"], "otherLocale": ["N/A"], "metadataProfile": ["N/A"], "metadataLinkage": ["N/A"], "metadataIdentifier": ["N/A"], "environmentDescription": ["N/A"], "contentInfo": ["N/A"], "ResearchInfrastructure": ["LifeWatch"], "EssentialVariables": ["N/A"], "potentialTopics": ["N/A"]}