{"url": ["https://metadatacatalogue.lifewatch.eu:/srv/api/records/oai:marineinfo.org:id:dataset:5663"], "name": ["Macrozoobenthos data collected in the Northern part of the Romanian littoral (Danube mouths) between 1977 and 1999"], "description": ["The macrozoobentos dataset includes a number of 347 samplescollected in the Northern part of the Romanian littoralbetween Sulina and Chitucfrom 5 m to 52m depths. Van Veen grab with a sampling area of 1/20 m2 was employed as a macrozoobenthos sampler. One replicate was collected at every station. Samplingwas done in spring, summer and autumn mounths.The samples have beenanalyzedqualitative (number of species) and quantitative(densities and biomasses).The macroinvertebrates have been identified at specieslevel."], "datePublished": ["2021-12-02"], "language": ["en"], "creator": ["\u00c2\u00a0National Institute for Marine Research and Development \"Grigore Antipa\" Constanta "], "metadataProvider": ["\u00c2\u00a0Flanders Marine Institute(VLIZ) BEhttps://www.vliz.be"], "contact": ["\u00c2\u00a0National Institute for Marine Research and Development \"Grigore Antipa\" Constanta- Camelia Dumitrache "], "associatedParty": ["N/A"], "licenseInformation": [" Intellectual Rights This work is licensed under a Creative Commons Attribution NonCommercial (CC-BY-NC) 4.0 License .\u00c2\u00a0 "], "downloadLink": ["https://metadatacatalogue.lifewatch.eu:/srv/eng/catalog.search#/metadata/oai:marineinfo.org:id:dataset:5663"], "keywords": ["Macrozoobenthos Seasonal"], "geographicCoverage": ["Geographic Description EurOBIS calculated BBOX > station Bounding Box Bounding Box West Bounding Coordinate 29.006667 East Bounding Coordinate 30.29 North Bounding Coordinate 45.1466 South Bounding Coordinate 44.28"], "westBoundingCoordinate": ["29.006667"], "eastBoundingCoordinate": ["30.29"], "northBoundingCoordinate": ["45.1466"], "southBoundingCoordinate": ["44.28"], "dateCreated": ["1977-01-01"], "temporalCoverageEndDate": ["1999-01-01"], "license": ["N/A"], "distribution": ["N/A"], "distributionInfo": ["N/A"], "identifier": ["https://metadatacatalogue.lifewatch.eu:/srv/eng/catalog.search#/metadata/oai:marineinfo.org:id:dataset:5663"], "accessibilitySummary": ["N/A"], "version": ["N/A"], "temporalCoverage": ["N/A"], "publisher": ["N/A"], "spatial": ["N/A"], "citation": ["N/A"], "genre": ["N/A"], "modificationDate": ["2021-12-02"], "image": ["N/A"], "thumbnailUrl": ["N/A"], "headline": ["Macrozoobenthos data collected in the Northern part of the Romanian littoral (Danube mouths) between 1977 and 1999"], "abstract": ["The macrozoobentos dataset includes a number of 347 samplescollected in the Northern part of the Romanian littoralbetween Sulina and Chitucfrom 5 m to 52m depths. Van Veen grab with a sampling area of 1/20 m2 was employed as a macrozoobenthos sampler. One replicate was collected at every station. Samplingwas done in spring, summer and autumn mounths.The samples have beenanalyzedqualitative (number of species) and quantitative(densities and biomasses).The macroinvertebrates have been identified at specieslevel."], "theme": ["N/A"], "creditText": ["N/A"], "producer": ["\u00c2\u00a0National Institute for Marine Research and Development \"Grigore Antipa\" Constanta "], "author": ["\u00c2\u00a0National Institute for Marine Research and Development \"Grigore Antipa\" Constanta "], "spatialCoverage": [" calculated BBOX > station Bounding Box Bounding Box West Bounding Coordinate 29.006667 East Bounding Coordinate 30.29 North Bounding Coordinate 45.1466 South Bounding Coordinate 44.28"], "sponsor": ["N/A"], "size": ["N/A"], "sameAs": ["N/A"], "publication": ["N/A"], "provider": ["\u00c2\u00a0National Institute for Marine Research and Development \"Grigore Antipa\" Constanta "], "position": ["N/A"], "measurementTechnique": ["N/A"], "material": ["N/A"], "maintainer": ["N/A"], "locationCreated": ["N/A"], "issn": ["N/A"], "isPartOf": ["N/A"], "isBasedOn": ["N/A"], "isAccessibleForFree": ["N/A"], "includedInDataCatalog": ["N/A"], "editor": ["N/A"], "editEIDR": ["N/A"], "copyrightYear": ["N/A"], "copyrightNotice": ["N/A"], "copyrightHolder": ["N/A"], "contributor": ["N/A"], "contentReferenceTime": ["N/A"], "contentLocation": ["N/A"], "character": ["N/A"], "acquireLicensePage": ["N/A"], "accessModeSufficient": ["N/A"], "about": ["N/A"], "rights": ["N/A"], "relation": ["N/A"], "qualifiedRelation": ["N/A"], "qualifiedAttribution": ["N/A"], "previousVersion": ["N/A"], "nextVersion": ["N/A"], "landingPage": ["N/A"], "isReferencedBy": ["N/A"], "hasVersion": ["N/A"], "hasPolicy": ["N/A"], "hasCurrentVersion": ["N/A"], "useConstraints": ["N/A"], "status": ["N/A"], "spatialRepresentationType": ["N/A"], "scope": ["N/A"], "purpose": ["N/A"], "otherLocale": ["N/A"], "metadataProfile": ["N/A"], "metadataLinkage": ["N/A"], "metadataIdentifier": ["N/A"], "environmentDescription": ["N/A"], "contentInfo": ["N/A"], "ResearchInfrastructure": ["LifeWatch"], "EssentialVariables": ["N/A"], "potentialTopics": ["N/A"]}