{"url": ["https://metadatacatalogue.lifewatch.eu:/geonetwork/api/records/oai:marineinfo.org:id:dataset:3132"], "name": ["Cetaceans sightings from shore 2010-2016"], "description": ["Collecting data regarding sightings of the Black Sea cetacean at the Romanian coast."], "datePublished": ["2021-12-02"], "language": ["en"], "creator": ["\u00c2\u00a0National Institute for Marine Research and Development \"Grigore Antipa\" Constanta "], "metadataProvider": ["\u00c2\u00a0Flanders Marine Institute(VLIZ) BEhttps://www.vliz.be"], "contact": ["\u00c2\u00a0Mare NostrumNGO- Marian Paiu "], "associatedParty": ["N/A"], "licenseInformation": [" Intellectual Rights This work is licensed under a Creative Commons Attribution (CC-BY) 4.0 License .\u00c2\u00a0 "], "downloadLink": ["https://metadatacatalogue.lifewatch.eu:/geonetwork/eng/catalog.search#/metadata/oai:marineinfo.org:id:dataset:3132"], "keywords": ["Bycatches Marine mammals"], "geographicCoverage": ["Geographic Description MED, Black Sea > stationRomanian Black Sea Coast Bounding Box West Bounding Coordinate 28.59 East Bounding Coordinate 28.91 North Bounding Coordinate 44.57 South Bounding Coordinate 43.78"], "westBoundingCoordinate": ["28.59"], "eastBoundingCoordinate": ["28.91"], "northBoundingCoordinate": ["44.57"], "southBoundingCoordinate": ["43.78"], "dateCreated": ["2010-10-20"], "temporalCoverageEndDate": ["2011-10-07"], "license": ["N/A"], "distribution": ["N/A"], "distributionInfo": ["N/A"], "identifier": ["https://metadatacatalogue.lifewatch.eu:/geonetwork/eng/catalog.search#/metadata/oai:marineinfo.org:id:dataset:3132"], "accessibilitySummary": ["N/A"], "version": ["N/A"], "temporalCoverage": ["N/A"], "publisher": ["N/A"], "spatial": ["N/A"], "citation": ["N/A"], "genre": ["N/A"], "modificationDate": ["2021-12-02"], "image": ["N/A"], "thumbnailUrl": ["N/A"], "headline": ["Cetaceans sightings from shore 2010-2016"], "abstract": ["Collecting data regarding sightings of the Black Sea cetacean at the Romanian coast."], "theme": ["N/A"], "creditText": ["N/A"], "producer": ["\u00c2\u00a0National Institute for Marine Research and Development \"Grigore Antipa\" Constanta "], "author": ["\u00c2\u00a0National Institute for Marine Research and Development \"Grigore Antipa\" Constanta "], "spatialCoverage": [" Black Sea > stationRomanian Black Sea Coast Bounding Box West Bounding Coordinate 28.59 East Bounding Coordinate 28.91 North Bounding Coordinate 44.57 South Bounding Coordinate 43.78"], "sponsor": ["N/A"], "size": ["N/A"], "sameAs": ["N/A"], "publication": ["N/A"], "provider": ["\u00c2\u00a0National Institute for Marine Research and Development \"Grigore Antipa\" Constanta "], "position": ["N/A"], "measurementTechnique": ["N/A"], "material": ["N/A"], "maintainer": ["N/A"], "locationCreated": ["N/A"], "issn": ["N/A"], "isPartOf": ["N/A"], "isBasedOn": ["N/A"], "isAccessibleForFree": ["N/A"], "includedInDataCatalog": ["N/A"], "editor": ["N/A"], "editEIDR": ["N/A"], "copyrightYear": ["N/A"], "copyrightNotice": ["N/A"], "copyrightHolder": ["N/A"], "contributor": ["N/A"], "contentReferenceTime": ["N/A"], "contentLocation": ["N/A"], "character": ["N/A"], "acquireLicensePage": ["N/A"], "accessModeSufficient": ["N/A"], "about": ["N/A"], "rights": ["N/A"], "relation": ["N/A"], "qualifiedRelation": ["N/A"], "qualifiedAttribution": ["N/A"], "previousVersion": ["N/A"], "nextVersion": ["N/A"], "landingPage": ["N/A"], "isReferencedBy": ["N/A"], "hasVersion": ["N/A"], "hasPolicy": ["N/A"], "hasCurrentVersion": ["N/A"], "useConstraints": ["N/A"], "status": ["N/A"], "spatialRepresentationType": ["N/A"], "scope": ["N/A"], "purpose": ["N/A"], "otherLocale": ["N/A"], "metadataProfile": ["N/A"], "metadataLinkage": ["N/A"], "metadataIdentifier": ["N/A"], "environmentDescription": ["N/A"], "contentInfo": ["N/A"], "ResearchInfrastructure": ["LifeWatch"], "EssentialVariables": ["N/A"], "potentialTopics": ["N/A"]}