{"url": ["https://metadatacatalogue.lifewatch.eu:/srv/api/records/oai:marineinfo.org:id:dataset:4396"], "name": ["Interstitial Turbellaria in the Dutch Delta 1978-1979"], "description": ["List and counts of observed Turbellaria species in 1978-1979 in the Dutch Deltaarea. The data were digitized by VLIZfrom the original report:Martens, P. (1980). Interstiti\u00c3\u00able Turbellaria van het Nederlands Deltagebied. BSc Thesis. Rijksuniversiteit Gent. Fakulteit Wetenschappen: Gent. 102pp."], "datePublished": ["2021-12-02"], "language": ["en"], "creator": ["\u00c2\u00a0Limburgs UniversitairCentrum- Ernest Schockaert "], "metadataProvider": ["\u00c2\u00a0Flanders Marine Institute(VLIZ) BEhttps://www.vliz.be"], "contact": ["\u00c2\u00a0Vlaams Instituut voor de Zee BE "], "associatedParty": [" custodianSteward\u00c2\u00a0Vlaams Instituut voor de Zee BE "], "licenseInformation": [" Intellectual Rights This work is licensed under a Creative Commons Attribution (CC-BY) 4.0 License .\u00c2\u00a0 "], "downloadLink": ["https://metadatacatalogue.lifewatch.eu:/geonetwork/eng/catalog.search#/metadata/oai:marineinfo.org:id:dataset:4396"], "keywords": ["N/A"], "geographicCoverage": ["Geographic Description ANE, Netherlands, GrevelingenL. Bounding Box West Bounding Coordinate 3.933585 East Bounding Coordinate 3.933585 North Bounding Coordinate 51.754025 South Bounding Coordinate 51.754025"], "westBoundingCoordinate": ["3.933585"], "eastBoundingCoordinate": ["3.933585"], "northBoundingCoordinate": ["51.754025"], "southBoundingCoordinate": ["51.754025"], "dateCreated": ["1978-09-27"], "temporalCoverageEndDate": ["1979-12-21"], "license": ["N/A"], "distribution": ["N/A"], "distributionInfo": ["N/A"], "identifier": ["https://metadatacatalogue.lifewatch.eu:/geonetwork/eng/catalog.search#/metadata/oai:marineinfo.org:id:dataset:4396"], "accessibilitySummary": ["N/A"], "version": ["N/A"], "temporalCoverage": ["N/A"], "publisher": ["N/A"], "spatial": ["N/A"], "citation": ["N/A"], "genre": ["N/A"], "modificationDate": ["2021-12-02"], "image": ["N/A"], "thumbnailUrl": ["N/A"], "headline": ["Interstitial Turbellaria in the Dutch Delta 1978-1979"], "abstract": ["List and counts of observed Turbellaria species in 1978-1979 in the Dutch Deltaarea. The data were digitized by VLIZfrom the original report:Martens, P. (1980). Interstiti\u00c3\u00able Turbellaria van het Nederlands Deltagebied. BSc Thesis. Rijksuniversiteit Gent. Fakulteit Wetenschappen: Gent. 102pp."], "theme": ["N/A"], "creditText": ["N/A"], "producer": ["\u00c2\u00a0Limburgs UniversitairCentrum- Ernest Schockaert "], "author": ["\u00c2\u00a0Limburgs UniversitairCentrum- Ernest Schockaert "], "spatialCoverage": [" Netherlands GrevelingenL. Bounding Box West Bounding Coordinate 3.933585 East Bounding Coordinate 3.933585 North Bounding Coordinate 51.754025 South Bounding Coordinate 51.754025"], "sponsor": ["N/A"], "size": ["N/A"], "sameAs": ["N/A"], "publication": ["N/A"], "provider": ["\u00c2\u00a0Limburgs UniversitairCentrum- Ernest Schockaert "], "position": ["N/A"], "measurementTechnique": ["N/A"], "material": ["N/A"], "maintainer": ["N/A"], "locationCreated": ["N/A"], "issn": ["N/A"], "isPartOf": ["N/A"], "isBasedOn": ["N/A"], "isAccessibleForFree": ["N/A"], "includedInDataCatalog": ["N/A"], "editor": ["N/A"], "editEIDR": ["N/A"], "copyrightYear": ["N/A"], "copyrightNotice": ["N/A"], "copyrightHolder": ["N/A"], "contributor": ["N/A"], "contentReferenceTime": ["N/A"], "contentLocation": ["N/A"], "character": ["N/A"], "acquireLicensePage": ["N/A"], "accessModeSufficient": ["N/A"], "about": ["N/A"], "rights": ["N/A"], "relation": ["N/A"], "qualifiedRelation": ["N/A"], "qualifiedAttribution": ["N/A"], "previousVersion": ["N/A"], "nextVersion": ["N/A"], "landingPage": ["N/A"], "isReferencedBy": ["N/A"], "hasVersion": ["N/A"], "hasPolicy": ["N/A"], "hasCurrentVersion": ["N/A"], "useConstraints": ["N/A"], "status": ["N/A"], "spatialRepresentationType": ["N/A"], "scope": ["N/A"], "purpose": ["N/A"], "otherLocale": ["N/A"], "metadataProfile": ["N/A"], "metadataLinkage": ["N/A"], "metadataIdentifier": ["N/A"], "environmentDescription": ["N/A"], "contentInfo": ["N/A"], "ResearchInfrastructure": ["LifeWatch"], "EssentialVariables": ["N/A"], "potentialTopics": ["N/A"]}