{"url": ["https://metadatacatalogue.lifewatch.eu:/geonetwork/api/records/oai:marineinfo.org:id:dataset:3159"], "name": ["HMAP Dataset 22: Catch and Fishing Effort in the Limfjord Fisheries"], "description": ["This dataset contains historical data on catch and fishing effort in Limfjord(Denmark) for various species. The data covers the time period1690-1816."], "datePublished": ["2021-12-02"], "language": ["en"], "creator": ["\u00c2\u00a0Aalborg University; Department of Culture and Global Studies- Bo Poulsen "], "metadataProvider": ["\u00c2\u00a0Flanders Marine Institute(VLIZ) BEhttps://www.vliz.be"], "contact": ["\u00c2\u00a0Aalborg University; Department of Culture and Global Studies- Bo Poulsen "], "associatedParty": [" contentProvider\u00c2\u00a0Aalborg University; Department of Culture and Global Studies- Bo Poulsen "], "licenseInformation": [" Intellectual Rights This work is licensed under a Creative Commons Attribution (CC-BY) 4.0 License .\u00c2\u00a0 "], "downloadLink": ["https://metadatacatalogue.lifewatch.eu:/srv/eng/catalog.search#/metadata/oai:marineinfo.org:id:dataset:3159"], "keywords": ["Catch per uniteffort Fishery statistics Historical records"], "geographicCoverage": ["Geographic Description ANE, Denmark, Limfjorden"], "westBoundingCoordinate": ["9.6099996566772"], "eastBoundingCoordinate": ["9.6099996566772"], "northBoundingCoordinate": ["57"], "southBoundingCoordinate": ["57"], "dateCreated": ["1690-01-01"], "temporalCoverageEndDate": ["1816-01-01"], "license": ["https://hydra.hull.ac.uk/resources/hull:2174"], "distribution": ["https://hydra.hull.ac.uk/resources/hull:2174"], "distributionInfo": ["https://hydra.hull.ac.uk/resources/hull:2174"], "identifier": ["https://metadatacatalogue.lifewatch.eu:/srv/eng/catalog.search#/metadata/oai:marineinfo.org:id:dataset:3159"], "accessibilitySummary": ["N/A"], "version": ["N/A"], "temporalCoverage": ["N/A"], "publisher": ["N/A"], "spatial": ["N/A"], "citation": ["N/A"], "genre": ["N/A"], "modificationDate": ["2021-12-02"], "image": ["N/A"], "thumbnailUrl": ["N/A"], "headline": ["HMAP Dataset 22: Catch and Fishing Effort in the Limfjord Fisheries"], "abstract": ["This dataset contains historical data on catch and fishing effort in Limfjord(Denmark) for various species. The data covers the time period1690-1816."], "theme": ["N/A"], "creditText": ["N/A"], "producer": ["\u00c2\u00a0Aalborg University; Department of Culture and Global Studies- Bo Poulsen "], "author": ["\u00c2\u00a0Aalborg University; Department of Culture and Global Studies- Bo Poulsen "], "spatialCoverage": [" Denmark Limfjorden"], "sponsor": ["N/A"], "size": ["N/A"], "sameAs": ["N/A"], "publication": ["N/A"], "provider": ["\u00c2\u00a0Aalborg University; Department of Culture and Global Studies- Bo Poulsen "], "position": ["N/A"], "measurementTechnique": ["N/A"], "material": ["N/A"], "maintainer": ["N/A"], "locationCreated": ["N/A"], "issn": ["N/A"], "isPartOf": ["N/A"], "isBasedOn": ["N/A"], "isAccessibleForFree": ["N/A"], "includedInDataCatalog": ["N/A"], "editor": ["N/A"], "editEIDR": ["N/A"], "copyrightYear": ["N/A"], "copyrightNotice": ["N/A"], "copyrightHolder": ["N/A"], "contributor": ["N/A"], "contentReferenceTime": ["N/A"], "contentLocation": ["N/A"], "character": ["N/A"], "acquireLicensePage": ["N/A"], "accessModeSufficient": ["N/A"], "about": ["N/A"], "rights": ["N/A"], "relation": ["N/A"], "qualifiedRelation": ["N/A"], "qualifiedAttribution": ["N/A"], "previousVersion": ["N/A"], "nextVersion": ["N/A"], "landingPage": ["N/A"], "isReferencedBy": ["N/A"], "hasVersion": ["N/A"], "hasPolicy": ["N/A"], "hasCurrentVersion": ["N/A"], "useConstraints": ["N/A"], "status": ["N/A"], "spatialRepresentationType": ["N/A"], "scope": ["N/A"], "purpose": ["N/A"], "otherLocale": ["N/A"], "metadataProfile": ["N/A"], "metadataLinkage": ["N/A"], "metadataIdentifier": ["N/A"], "environmentDescription": ["N/A"], "contentInfo": ["N/A"], "ResearchInfrastructure": ["LifeWatch"], "EssentialVariables": ["N/A"], "potentialTopics": ["N/A"]}