{"url": ["https://metadatacatalogue.lifewatch.eu:/geonetwork/api/records/oai:marineinfo.org:id:dataset:4555"], "name": ["National Inventory of the Natural Heritage: Benthos Data from the Network of Marine Stations and Observatories"], "description": ["RESOMAR (R\u00c3\u00a9seau des Stations et Observatoires Marins) is a network of marine stations and observatories along the coasts of France. All benthic datacollected in the coastal and littoral ecosystems at these stations are stored in the RESOMAR Benthos Database. The purpose of these data is to use them scientifically to address issues of marine conservationat the nationallevel. The data were collected by researchers located at the marine stations and observatories along the French coasts. The Benthos Database contains about 300.000 species occurrences. The database also contains historical records. Currently(January 2013), the Inventaire National du Patrimoine Naturel (INPN) shows only part of the database, i.e. only the data on decapod crustaceans(species, location, site, date and observername)."], "datePublished": ["2021-12-02"], "language": ["en"], "creator": ["\u00c2\u00a0National Natural History MuseumParis; Service du Patrimoinenaturel "], "metadataProvider": ["\u00c2\u00a0Flanders Marine Institute(VLIZ) BEhttps://www.vliz.be"], "contact": ["\u00c2\u00a0National Natural History MuseumParis; Service du Patrimoinenaturel- Fr\u00c3\u00a9d\u00c3\u00a9ric Vest "], "associatedParty": ["N/A"], "licenseInformation": [" Intellectual Rights This work is licensed under a Creative Commons Attribution (CC-BY) 4.0 License .\u00c2\u00a0 "], "downloadLink": ["https://metadatacatalogue.lifewatch.eu:/srv/eng/catalog.search#/metadata/oai:marineinfo.org:id:dataset:4555"], "keywords": ["Historical records"], "geographicCoverage": ["Geographic Description ANE, France"], "westBoundingCoordinate": ["-4.92307"], "eastBoundingCoordinate": ["8.79509"], "northBoundingCoordinate": ["51.4855"], "southBoundingCoordinate": ["42.40479"], "dateCreated": ["N/A"], "temporalCoverageEndDate": ["N/A"], "license": ["http://resomar.cnrs.fr/accueil/index.php"], "distribution": ["http://resomar.cnrs.fr/accueil/index.php"], "distributionInfo": ["http://resomar.cnrs.fr/accueil/index.php"], "identifier": ["https://metadatacatalogue.lifewatch.eu:/srv/eng/catalog.search#/metadata/oai:marineinfo.org:id:dataset:4555"], "accessibilitySummary": ["N/A"], "version": ["N/A"], "temporalCoverage": ["N/A"], "publisher": ["N/A"], "spatial": ["N/A"], "citation": ["N/A"], "genre": ["N/A"], "modificationDate": ["2021-12-02"], "image": ["N/A"], "thumbnailUrl": ["N/A"], "headline": ["National Inventory of the Natural Heritage: Benthos Data from the Network of Marine Stations and Observatories"], "abstract": ["RESOMAR (R\u00c3\u00a9seau des Stations et Observatoires Marins) is a network of marine stations and observatories along the coasts of France. All benthic datacollected in the coastal and littoral ecosystems at these stations are stored in the RESOMAR Benthos Database. The purpose of these data is to use them scientifically to address issues of marine conservationat the nationallevel. The data were collected by researchers located at the marine stations and observatories along the French coasts. The Benthos Database contains about 300.000 species occurrences. The database also contains historical records. Currently(January 2013), the Inventaire National du Patrimoine Naturel (INPN) shows only part of the database, i.e. only the data on decapod crustaceans(species, location, site, date and observername)."], "theme": ["N/A"], "creditText": ["N/A"], "producer": ["\u00c2\u00a0National Natural History MuseumParis; Service du Patrimoinenaturel "], "author": ["\u00c2\u00a0National Natural History MuseumParis; Service du Patrimoinenaturel "], "spatialCoverage": [" France"], "sponsor": ["N/A"], "size": ["N/A"], "sameAs": ["N/A"], "publication": ["N/A"], "provider": ["\u00c2\u00a0National Natural History MuseumParis; Service du Patrimoinenaturel "], "position": ["N/A"], "measurementTechnique": ["N/A"], "material": ["N/A"], "maintainer": ["N/A"], "locationCreated": ["N/A"], "issn": ["N/A"], "isPartOf": ["N/A"], "isBasedOn": ["N/A"], "isAccessibleForFree": ["N/A"], "includedInDataCatalog": ["N/A"], "editor": ["N/A"], "editEIDR": ["N/A"], "copyrightYear": ["N/A"], "copyrightNotice": ["N/A"], "copyrightHolder": ["N/A"], "contributor": ["N/A"], "contentReferenceTime": ["N/A"], "contentLocation": ["N/A"], "character": ["N/A"], "acquireLicensePage": ["N/A"], "accessModeSufficient": ["N/A"], "about": ["N/A"], "rights": ["N/A"], "relation": ["N/A"], "qualifiedRelation": ["N/A"], "qualifiedAttribution": ["N/A"], "previousVersion": ["N/A"], "nextVersion": ["N/A"], "landingPage": ["N/A"], "isReferencedBy": ["N/A"], "hasVersion": ["N/A"], "hasPolicy": ["N/A"], "hasCurrentVersion": ["N/A"], "useConstraints": ["N/A"], "status": ["N/A"], "spatialRepresentationType": ["N/A"], "scope": ["N/A"], "purpose": ["N/A"], "otherLocale": ["N/A"], "metadataProfile": ["N/A"], "metadataLinkage": ["N/A"], "metadataIdentifier": ["N/A"], "environmentDescription": ["N/A"], "contentInfo": ["N/A"], "ResearchInfrastructure": ["LifeWatch"], "EssentialVariables": ["N/A"], "potentialTopics": ["N/A"]}