{"url": ["https://metadatacatalogue.lifewatch.eu:/geonetwork/api/records/oai:marineinfo.org:id:dataset:6134"], "name": ["Macrobenthos monitoring in the Mar Piccolo of Taranto in June 2013 and April 2014"], "description": ["Macrobenthos monitoring in the Mar Piccolo of Taranto in June 2013 and April 2014 in the framework of the Italian flagship projectRITMARE"], "datePublished": ["2021-12-02"], "language": ["en"], "creator": ["\u00c2\u00a0National Institute of Oceanography andExperimentalGeophysics- Rocco Auriemma "], "metadataProvider": ["\u00c2\u00a0Flanders Marine Institute(VLIZ) BEhttps://www.vliz.be"], "contact": ["\u00c2\u00a0National Institute of Oceanography andExperimentalGeophysics- Tamara Cibic "], "associatedParty": ["N/A"], "licenseInformation": [" Intellectual Rights This work is licensed under a Creative Commons Attribution NonCommercial (CC-BY-NC) 4.0 License .\u00c2\u00a0 "], "downloadLink": ["https://metadatacatalogue.lifewatch.eu:/srv/eng/catalog.search#/metadata/oai:marineinfo.org:id:dataset:6134"], "keywords": ["N/A"], "geographicCoverage": ["Geographic Description EurOBIS calculated BBOX > station Bounding Box Bounding Box West Bounding Coordinate 17.246111111111 East Bounding Coordinate 17.3025 North Bounding Coordinate 40.49306 South Bounding Coordinate 40.47944"], "westBoundingCoordinate": ["17.246111111111"], "eastBoundingCoordinate": ["17.3025"], "northBoundingCoordinate": ["40.49306"], "southBoundingCoordinate": ["40.47944"], "dateCreated": ["2013-06-11"], "temporalCoverageEndDate": ["2013-06-17"], "license": ["N/A"], "distribution": ["N/A"], "distributionInfo": ["N/A"], "identifier": ["https://metadatacatalogue.lifewatch.eu:/srv/eng/catalog.search#/metadata/oai:marineinfo.org:id:dataset:6134"], "accessibilitySummary": ["N/A"], "version": ["N/A"], "temporalCoverage": ["N/A"], "publisher": ["N/A"], "spatial": ["N/A"], "citation": ["N/A"], "genre": ["N/A"], "modificationDate": ["2021-12-02"], "image": ["N/A"], "thumbnailUrl": ["N/A"], "headline": ["Macrobenthos monitoring in the Mar Piccolo of Taranto in June 2013 and April 2014"], "abstract": ["Macrobenthos monitoring in the Mar Piccolo of Taranto in June 2013 and April 2014 in the framework of the Italian flagship projectRITMARE"], "theme": ["N/A"], "creditText": ["N/A"], "producer": ["\u00c2\u00a0National Institute of Oceanography andExperimentalGeophysics- Rocco Auriemma "], "author": ["\u00c2\u00a0National Institute of Oceanography andExperimentalGeophysics- Rocco Auriemma "], "spatialCoverage": [" calculated BBOX > station Bounding Box Bounding Box West Bounding Coordinate 17.246111111111 East Bounding Coordinate 17.3025 North Bounding Coordinate 40.49306 South Bounding Coordinate 40.47944"], "sponsor": ["N/A"], "size": ["N/A"], "sameAs": ["N/A"], "publication": ["N/A"], "provider": ["\u00c2\u00a0National Institute of Oceanography andExperimentalGeophysics- Rocco Auriemma "], "position": ["N/A"], "measurementTechnique": ["N/A"], "material": ["N/A"], "maintainer": ["N/A"], "locationCreated": ["N/A"], "issn": ["N/A"], "isPartOf": ["N/A"], "isBasedOn": ["N/A"], "isAccessibleForFree": ["N/A"], "includedInDataCatalog": ["N/A"], "editor": ["N/A"], "editEIDR": ["N/A"], "copyrightYear": ["N/A"], "copyrightNotice": ["N/A"], "copyrightHolder": ["N/A"], "contributor": ["N/A"], "contentReferenceTime": ["N/A"], "contentLocation": ["N/A"], "character": ["N/A"], "acquireLicensePage": ["N/A"], "accessModeSufficient": ["N/A"], "about": ["N/A"], "rights": ["N/A"], "relation": ["N/A"], "qualifiedRelation": ["N/A"], "qualifiedAttribution": ["N/A"], "previousVersion": ["N/A"], "nextVersion": ["N/A"], "landingPage": ["N/A"], "isReferencedBy": ["N/A"], "hasVersion": ["N/A"], "hasPolicy": ["N/A"], "hasCurrentVersion": ["N/A"], "useConstraints": ["N/A"], "status": ["N/A"], "spatialRepresentationType": ["N/A"], "scope": ["N/A"], "purpose": ["N/A"], "otherLocale": ["N/A"], "metadataProfile": ["N/A"], "metadataLinkage": ["N/A"], "metadataIdentifier": ["N/A"], "environmentDescription": ["N/A"], "contentInfo": ["N/A"], "ResearchInfrastructure": ["LifeWatch"], "EssentialVariables": ["N/A"], "potentialTopics": ["N/A"]}