{"url": ["https://metadatacatalogue.lifewatch.eu:/srv/api/records/oai:marineinfo.org:id:dataset:1261"], "name": ["Linking pelagic food web and its top predators: bird and prey fish sampling - Westbanks"], "description": ["Birds (terns) and prey fish are sampled at several locations alongthe Belgian coast. Fish arecounted and measured.Stomach content analyses and length measurementsare performed on seabirds. The results are recorded in this database."], "datePublished": ["2021-12-02"], "language": ["en"], "creator": ["\u00c2\u00a0Vlaamse overheid; Beleidsdomein Leefmilieu, Natuur en Energie; Instituut voor Natuur-enBosonderzoek; Afdeling Biodiversiteit en Natuurlijk Milieu;OnderzoeksgroepEcosysteemdiversiteit- Wouter Courtens "], "metadataProvider": ["\u00c2\u00a0Flanders Marine Institute(VLIZ) BEhttps://www.vliz.be"], "contact": ["\u00c2\u00a0Vlaamse overheid; Beleidsdomein Leefmilieu, Natuur en Energie; Instituut voor Natuur-enBosonderzoek; Afdeling Biodiversiteit en Natuurlijk Milieu;OnderzoeksgroepEcosysteemdiversiteit- Eric Stienen "], "associatedParty": [" contentProvider\u00c2\u00a0Vlaamse overheid; Beleidsdomein OmgevingInstituut voor Natuur- en Bosonderzoek BE "], "licenseInformation": [" Intellectual Rights This work is licensed under a Creative Commons Attribution (CC-BY) 4.0 License .\u00c2\u00a0 "], "downloadLink": ["https://metadatacatalogue.lifewatch.eu:/srv/eng/catalog.search#/metadata/oai:marineinfo.org:id:dataset:1261"], "keywords": ["Birds Birds (marine) Fish Population dynamics Predator prey interactions Stomach content"], "geographicCoverage": ["Geographic Description Belgian coastline"], "westBoundingCoordinate": ["N/A"], "eastBoundingCoordinate": ["N/A"], "northBoundingCoordinate": ["N/A"], "southBoundingCoordinate": ["N/A"], "dateCreated": ["2005-01-01"], "temporalCoverageEndDate": ["2006-01-01"], "license": ["N/A"], "distribution": ["N/A"], "distributionInfo": ["N/A"], "identifier": ["https://metadatacatalogue.lifewatch.eu:/srv/eng/catalog.search#/metadata/oai:marineinfo.org:id:dataset:1261"], "accessibilitySummary": ["N/A"], "version": ["N/A"], "temporalCoverage": ["N/A"], "publisher": ["N/A"], "spatial": ["N/A"], "citation": ["N/A"], "genre": ["N/A"], "modificationDate": ["2021-12-02"], "image": ["N/A"], "thumbnailUrl": ["N/A"], "headline": ["Linking pelagic food web and its top predators: bird and prey fish sampling - Westbanks"], "abstract": ["Birds (terns) and prey fish are sampled at several locations alongthe Belgian coast. Fish arecounted and measured.Stomach content analyses and length measurementsare performed on seabirds. The results are recorded in this database."], "theme": ["N/A"], "creditText": ["N/A"], "producer": ["\u00c2\u00a0Vlaamse overheid; Beleidsdomein Leefmilieu, Natuur en Energie; Instituut voor Natuur-enBosonderzoek; Afdeling Biodiversiteit en Natuurlijk Milieu;OnderzoeksgroepEcosysteemdiversiteit- Wouter Courtens "], "author": ["\u00c2\u00a0Vlaamse overheid; Beleidsdomein Leefmilieu, Natuur en Energie; Instituut voor Natuur-enBosonderzoek; Afdeling Biodiversiteit en Natuurlijk Milieu;OnderzoeksgroepEcosysteemdiversiteit- Wouter Courtens "], "spatialCoverage": [" Belgian coastline"], "sponsor": ["N/A"], "size": ["N/A"], "sameAs": ["N/A"], "publication": ["N/A"], "provider": ["\u00c2\u00a0Vlaamse overheid; Beleidsdomein Leefmilieu, Natuur en Energie; Instituut voor Natuur-enBosonderzoek; Afdeling Biodiversiteit en Natuurlijk Milieu;OnderzoeksgroepEcosysteemdiversiteit- Wouter Courtens "], "position": ["N/A"], "measurementTechnique": ["N/A"], "material": ["N/A"], "maintainer": ["N/A"], "locationCreated": ["N/A"], "issn": ["N/A"], "isPartOf": ["N/A"], "isBasedOn": ["N/A"], "isAccessibleForFree": ["N/A"], "includedInDataCatalog": ["N/A"], "editor": ["N/A"], "editEIDR": ["N/A"], "copyrightYear": ["N/A"], "copyrightNotice": ["N/A"], "copyrightHolder": ["N/A"], "contributor": ["N/A"], "contentReferenceTime": ["N/A"], "contentLocation": ["N/A"], "character": ["N/A"], "acquireLicensePage": ["N/A"], "accessModeSufficient": ["N/A"], "about": ["N/A"], "rights": ["N/A"], "relation": ["N/A"], "qualifiedRelation": ["N/A"], "qualifiedAttribution": ["N/A"], "previousVersion": ["N/A"], "nextVersion": ["N/A"], "landingPage": ["N/A"], "isReferencedBy": ["N/A"], "hasVersion": ["N/A"], "hasPolicy": ["N/A"], "hasCurrentVersion": ["N/A"], "useConstraints": ["N/A"], "status": ["N/A"], "spatialRepresentationType": ["N/A"], "scope": ["N/A"], "purpose": ["N/A"], "otherLocale": ["N/A"], "metadataProfile": ["N/A"], "metadataLinkage": ["N/A"], "metadataIdentifier": ["N/A"], "environmentDescription": ["N/A"], "contentInfo": ["N/A"], "ResearchInfrastructure": ["LifeWatch"], "EssentialVariables": ["N/A"], "potentialTopics": ["N/A"]}