{"url": ["https://metadatacatalogue.lifewatch.eu:/geonetwork/api/records/oai:marineinfo.org:id:dataset:3085"], "name": ["SNU-FF Crustacea (2004-2005)"], "description": ["In the present study, the taxonomicaland ecological characteristics of species belonging to the subphylum Crustacea were determined in the Zostera facies along the Sinop Peninsula coasts of Turkey."], "datePublished": ["2021-12-02"], "language": ["en"], "creator": ["\u00c2\u00a0Sinop University; FisheriesFaculty- Murat Sezgin "], "metadataProvider": ["\u00c2\u00a0Flanders Marine Institute(VLIZ) BEhttps://www.vliz.be"], "contact": ["\u00c2\u00a0Sinop University; FisheriesFaculty- Murat Sezgin "], "associatedParty": ["N/A"], "licenseInformation": [" Intellectual Rights This work is licensed under a Creative Commons Attribution (CC-BY) 4.0 License .\u00c2\u00a0 "], "downloadLink": ["https://metadatacatalogue.lifewatch.eu:/geonetwork/eng/catalog.search#/metadata/oai:marineinfo.org:id:dataset:3085"], "keywords": ["Crustacea"], "geographicCoverage": ["Geographic Description EurOBIS calculated BBOX > station Bounding Box Bounding Box West Bounding Coordinate 35.045833333333 East Bounding Coordinate 35.191666666667 North Bounding Coordinate 42.061666666667 South Bounding Coordinate 42.013333333333"], "westBoundingCoordinate": ["35.045833333333"], "eastBoundingCoordinate": ["35.191666666667"], "northBoundingCoordinate": ["42.061666666667"], "southBoundingCoordinate": ["42.013333333333"], "dateCreated": ["2004-06-21"], "temporalCoverageEndDate": ["2005-04-20"], "license": ["N/A"], "distribution": ["N/A"], "distributionInfo": ["N/A"], "identifier": ["https://metadatacatalogue.lifewatch.eu:/geonetwork/eng/catalog.search#/metadata/oai:marineinfo.org:id:dataset:3085"], "accessibilitySummary": ["N/A"], "version": ["N/A"], "temporalCoverage": ["N/A"], "publisher": ["N/A"], "spatial": ["N/A"], "citation": ["N/A"], "genre": ["N/A"], "modificationDate": ["2021-12-02"], "image": ["N/A"], "thumbnailUrl": ["N/A"], "headline": ["SNU-FF Crustacea (2004-2005)"], "abstract": ["In the present study, the taxonomicaland ecological characteristics of species belonging to the subphylum Crustacea were determined in the Zostera facies along the Sinop Peninsula coasts of Turkey."], "theme": ["N/A"], "creditText": ["N/A"], "producer": ["\u00c2\u00a0Sinop University; FisheriesFaculty- Murat Sezgin "], "author": ["\u00c2\u00a0Sinop University; FisheriesFaculty- Murat Sezgin "], "spatialCoverage": [" calculated BBOX > station Bounding Box Bounding Box West Bounding Coordinate 35.045833333333 East Bounding Coordinate 35.191666666667 North Bounding Coordinate 42.061666666667 South Bounding Coordinate 42.013333333333"], "sponsor": ["N/A"], "size": ["N/A"], "sameAs": ["N/A"], "publication": ["N/A"], "provider": ["\u00c2\u00a0Sinop University; FisheriesFaculty- Murat Sezgin "], "position": ["N/A"], "measurementTechnique": ["N/A"], "material": ["N/A"], "maintainer": ["N/A"], "locationCreated": ["N/A"], "issn": ["N/A"], "isPartOf": ["N/A"], "isBasedOn": ["N/A"], "isAccessibleForFree": ["N/A"], "includedInDataCatalog": ["N/A"], "editor": ["N/A"], "editEIDR": ["N/A"], "copyrightYear": ["N/A"], "copyrightNotice": ["N/A"], "copyrightHolder": ["N/A"], "contributor": ["N/A"], "contentReferenceTime": ["N/A"], "contentLocation": ["N/A"], "character": ["N/A"], "acquireLicensePage": ["N/A"], "accessModeSufficient": ["N/A"], "about": ["N/A"], "rights": ["N/A"], "relation": ["N/A"], "qualifiedRelation": ["N/A"], "qualifiedAttribution": ["N/A"], "previousVersion": ["N/A"], "nextVersion": ["N/A"], "landingPage": ["N/A"], "isReferencedBy": ["N/A"], "hasVersion": ["N/A"], "hasPolicy": ["N/A"], "hasCurrentVersion": ["N/A"], "useConstraints": ["N/A"], "status": ["N/A"], "spatialRepresentationType": ["N/A"], "scope": ["N/A"], "purpose": ["N/A"], "otherLocale": ["N/A"], "metadataProfile": ["N/A"], "metadataLinkage": ["N/A"], "metadataIdentifier": ["N/A"], "environmentDescription": ["N/A"], "contentInfo": ["N/A"], "ResearchInfrastructure": ["LifeWatch"], "EssentialVariables": ["N/A"], "potentialTopics": ["N/A"]}