{"url": ["https://metadatacatalogue.lifewatch.eu:/srv/api/records/oai:marineinfo.org:id:dataset:3474"], "name": ["Zooplankton of Lebanon"], "description": ["This dataset contains data of zooplakton species which were foundin Lebanese waters. The study area extends over 150 km between the south of Lebanonand offshore Tripoli city in theNorth. Monthly, seasonally and annual cruises were carried out between 1965 and 2007. Surface and vertical plankton samples were taken at standarddepths 0m, 0-25m, 0-100m,0-200m. Data are available asaclassification of the frequency of occurance."], "datePublished": ["2021-12-02"], "language": ["en"], "creator": ["\u00c2\u00a0Lebanese University; Faculty ofSciences, Marine ResearchCentre- Sami Lakkis "], "metadataProvider": ["\u00c2\u00a0Flanders Marine Institute(VLIZ) BEhttps://www.vliz.be"], "contact": ["\u00c2\u00a0Lebanese University; Faculty ofSciences, Marine ResearchCentre- Sami Lakkis "], "associatedParty": [" contentProvider\u00c2\u00a0National Council for Scientific Research;National Center for Marine Sciences; Laboratory of Marine Ecology and Plankton- Vanda Novel-Lakkis "], "licenseInformation": [" Intellectual Rights This work is licensed under a Creative Commons Attribution (CC-BY) 4.0 License .\u00c2\u00a0 "], "downloadLink": ["https://metadatacatalogue.lifewatch.eu:/srv/eng/catalog.search#/metadata/oai:marineinfo.org:id:dataset:3474"], "keywords": ["Biodiversity Interannual variability Introduced species Microzooplankton Oligotrophic Vertical distribution"], "geographicCoverage": ["Geographic Description EurOBIS calculated BBOX > station Bounding Box Bounding Box West Bounding Coordinate 35.433333333 East Bounding Coordinate 35.583333333 North Bounding Coordinate 34.566666667 South Bounding Coordinate 33.916666667"], "westBoundingCoordinate": ["35.433333333"], "eastBoundingCoordinate": ["35.583333333"], "northBoundingCoordinate": ["34.566666667"], "southBoundingCoordinate": ["33.916666667"], "dateCreated": ["1965-07-01"], "temporalCoverageEndDate": ["2007-06-01"], "license": ["N/A"], "distribution": ["N/A"], "distributionInfo": ["N/A"], "identifier": ["https://metadatacatalogue.lifewatch.eu:/srv/eng/catalog.search#/metadata/oai:marineinfo.org:id:dataset:3474"], "accessibilitySummary": ["N/A"], "version": ["N/A"], "temporalCoverage": ["N/A"], "publisher": ["N/A"], "spatial": ["N/A"], "citation": ["N/A"], "genre": ["N/A"], "modificationDate": ["2021-12-02"], "image": ["N/A"], "thumbnailUrl": ["N/A"], "headline": ["Zooplankton of Lebanon"], "abstract": ["This dataset contains data of zooplakton species which were foundin Lebanese waters. The study area extends over 150 km between the south of Lebanonand offshore Tripoli city in theNorth. Monthly, seasonally and annual cruises were carried out between 1965 and 2007. Surface and vertical plankton samples were taken at standarddepths 0m, 0-25m, 0-100m,0-200m. Data are available asaclassification of the frequency of occurance."], "theme": ["N/A"], "creditText": ["N/A"], "producer": ["\u00c2\u00a0Lebanese University; Faculty ofSciences, Marine ResearchCentre- Sami Lakkis "], "author": ["\u00c2\u00a0Lebanese University; Faculty ofSciences, Marine ResearchCentre- Sami Lakkis "], "spatialCoverage": [" calculated BBOX > station Bounding Box Bounding Box West Bounding Coordinate 35.433333333 East Bounding Coordinate 35.583333333 North Bounding Coordinate 34.566666667 South Bounding Coordinate 33.916666667"], "sponsor": ["N/A"], "size": ["N/A"], "sameAs": ["N/A"], "publication": ["N/A"], "provider": ["\u00c2\u00a0Lebanese University; Faculty ofSciences, Marine ResearchCentre- Sami Lakkis "], "position": ["N/A"], "measurementTechnique": ["N/A"], "material": ["N/A"], "maintainer": ["N/A"], "locationCreated": ["N/A"], "issn": ["N/A"], "isPartOf": ["N/A"], "isBasedOn": ["N/A"], "isAccessibleForFree": ["N/A"], "includedInDataCatalog": ["N/A"], "editor": ["N/A"], "editEIDR": ["N/A"], "copyrightYear": ["N/A"], "copyrightNotice": ["N/A"], "copyrightHolder": ["N/A"], "contributor": ["N/A"], "contentReferenceTime": ["N/A"], "contentLocation": ["N/A"], "character": ["N/A"], "acquireLicensePage": ["N/A"], "accessModeSufficient": ["N/A"], "about": ["N/A"], "rights": ["N/A"], "relation": ["N/A"], "qualifiedRelation": ["N/A"], "qualifiedAttribution": ["N/A"], "previousVersion": ["N/A"], "nextVersion": ["N/A"], "landingPage": ["N/A"], "isReferencedBy": ["N/A"], "hasVersion": ["N/A"], "hasPolicy": ["N/A"], "hasCurrentVersion": ["N/A"], "useConstraints": ["N/A"], "status": ["N/A"], "spatialRepresentationType": ["N/A"], "scope": ["N/A"], "purpose": ["N/A"], "otherLocale": ["N/A"], "metadataProfile": ["N/A"], "metadataLinkage": ["N/A"], "metadataIdentifier": ["N/A"], "environmentDescription": ["N/A"], "contentInfo": ["N/A"], "ResearchInfrastructure": ["LifeWatch"], "EssentialVariables": ["N/A"], "potentialTopics": ["N/A"]}