{"url": ["https://metadatacatalogue.lifewatch.eu:/srv/api/records/oai:marineinfo.org:id:dataset:4383"], "name": ["Phytoplankton data collected during R/V Issledovatel cruise in September 1948"], "description": ["Phytoplankton data collected by the IBSS staff on the R/V Issledovatel in several stations in the Black Sea during the cruise 1 in September1948. This dataset contains abundance data(individuals per liter)for phytoplankton taxa. No additionalmetadata is available."], "datePublished": ["2021-12-02"], "language": ["en"], "creator": ["\u00c2\u00a0National Academy of Sciences of UkraineInstitute of Biology of the Southern Seas UA "], "metadataProvider": ["\u00c2\u00a0Flanders Marine Institute(VLIZ) BEhttps://www.vliz.be"], "contact": ["\u00c2\u00a0National Academy of Sciences ofUkraine;Institute of Biology of the Southern Seas- Oleksandra Sergeyeva "], "associatedParty": [" pointOfContact\u00c2\u00a0National Academy of Sciences ofUkraine;Institute of Biology of the Southern Seas- Oleksandra Sergeyeva "], "licenseInformation": [" Intellectual Rights This work is licensed under a Creative Commons Attribution (CC-BY) 4.0 License .\u00c2\u00a0 "], "downloadLink": ["https://metadatacatalogue.lifewatch.eu:/srv/eng/catalog.search#/metadata/oai:marineinfo.org:id:dataset:4383"], "keywords": ["N/A"], "geographicCoverage": ["Geographic Description EurOBIS calculated BBOX > station Bounding Box Bounding Box West Bounding Coordinate 32.78333 East Bounding Coordinate 33.00667 North Bounding Coordinate 43.1 South Bounding Coordinate 42.95"], "westBoundingCoordinate": ["32.78333"], "eastBoundingCoordinate": ["33.00667"], "northBoundingCoordinate": ["43.1"], "southBoundingCoordinate": ["42.95"], "dateCreated": ["1948-09-24"], "temporalCoverageEndDate": ["1948-09-25"], "license": ["N/A"], "distribution": ["N/A"], "distributionInfo": ["N/A"], "identifier": ["https://metadatacatalogue.lifewatch.eu:/srv/eng/catalog.search#/metadata/oai:marineinfo.org:id:dataset:4383"], "accessibilitySummary": ["N/A"], "version": ["N/A"], "temporalCoverage": ["N/A"], "publisher": ["N/A"], "spatial": ["N/A"], "citation": ["N/A"], "genre": ["N/A"], "modificationDate": ["2021-12-02"], "image": ["N/A"], "thumbnailUrl": ["N/A"], "headline": ["Phytoplankton data collected during R/V Issledovatel cruise in September 1948"], "abstract": ["Phytoplankton data collected by the IBSS staff on the R/V Issledovatel in several stations in the Black Sea during the cruise 1 in September1948. This dataset contains abundance data(individuals per liter)for phytoplankton taxa. No additionalmetadata is available."], "theme": ["N/A"], "creditText": ["N/A"], "producer": ["\u00c2\u00a0National Academy of Sciences of UkraineInstitute of Biology of the Southern Seas UA "], "author": ["\u00c2\u00a0National Academy of Sciences of UkraineInstitute of Biology of the Southern Seas UA "], "spatialCoverage": [" calculated BBOX > station Bounding Box Bounding Box West Bounding Coordinate 32.78333 East Bounding Coordinate 33.00667 North Bounding Coordinate 43.1 South Bounding Coordinate 42.95"], "sponsor": ["N/A"], "size": ["N/A"], "sameAs": ["N/A"], "publication": ["N/A"], "provider": ["\u00c2\u00a0National Academy of Sciences of UkraineInstitute of Biology of the Southern Seas UA "], "position": ["N/A"], "measurementTechnique": ["N/A"], "material": ["N/A"], "maintainer": ["N/A"], "locationCreated": ["N/A"], "issn": ["N/A"], "isPartOf": ["N/A"], "isBasedOn": ["N/A"], "isAccessibleForFree": ["N/A"], "includedInDataCatalog": ["N/A"], "editor": ["N/A"], "editEIDR": ["N/A"], "copyrightYear": ["N/A"], "copyrightNotice": ["N/A"], "copyrightHolder": ["N/A"], "contributor": ["N/A"], "contentReferenceTime": ["N/A"], "contentLocation": ["N/A"], "character": ["N/A"], "acquireLicensePage": ["N/A"], "accessModeSufficient": ["N/A"], "about": ["N/A"], "rights": ["N/A"], "relation": ["N/A"], "qualifiedRelation": ["N/A"], "qualifiedAttribution": ["N/A"], "previousVersion": ["N/A"], "nextVersion": ["N/A"], "landingPage": ["N/A"], "isReferencedBy": ["N/A"], "hasVersion": ["N/A"], "hasPolicy": ["N/A"], "hasCurrentVersion": ["N/A"], "useConstraints": ["N/A"], "status": ["N/A"], "spatialRepresentationType": ["N/A"], "scope": ["N/A"], "purpose": ["N/A"], "otherLocale": ["N/A"], "metadataProfile": ["N/A"], "metadataLinkage": ["N/A"], "metadataIdentifier": ["N/A"], "environmentDescription": ["N/A"], "contentInfo": ["N/A"], "ResearchInfrastructure": ["LifeWatch"], "EssentialVariables": ["N/A"], "potentialTopics": ["N/A"]}