{"url": ["https://metadatacatalogue.lifewatch.eu:/geonetwork/api/records/oai:marineinfo.org:id:dataset:5685"], "name": ["1507-1997 Paul F. Clark North East Atlantic Crab Atlas"], "description": ["A detailed distribution of true crabs (Brachyura) in the North-EastAtlantic."], "datePublished": ["2021-12-02"], "language": ["en"], "creator": ["\u00c2\u00a0Marine ConservationSociety GB "], "metadataProvider": ["\u00c2\u00a0Flanders Marine Institute(VLIZ) BEhttps://www.vliz.be"], "contact": ["\u00c2\u00a0Marine Biological Association of the UK; The Archive for Marine Speciesand Habitats Data "], "associatedParty": ["N/A"], "licenseInformation": [" Intellectual Rights This work is licensed under a Creative Commons Attribution (CC-BY) 4.0 License .\u00c2\u00a0 "], "downloadLink": ["https://metadatacatalogue.lifewatch.eu:/srv/eng/catalog.search#/metadata/oai:marineinfo.org:id:dataset:5685"], "keywords": ["Data Marine Genomics Species distribution Taxonomy"], "geographicCoverage": ["Geographic Description ANE"], "westBoundingCoordinate": ["-19.966666666667"], "eastBoundingCoordinate": ["10.3166667"], "northBoundingCoordinate": ["65.93333"], "southBoundingCoordinate": ["-6.3666667"], "dateCreated": ["1507-01-01"], "temporalCoverageEndDate": ["1997-01-01"], "license": ["http://portal.oceannet.org/search/full/catalogue/dassh.ac.uk__MEDIN_2.3__d58f7bc0a98d8b062c433ad372a0d6c1.xml"], "distribution": ["http://portal.oceannet.org/search/full/catalogue/dassh.ac.uk__MEDIN_2.3__d58f7bc0a98d8b062c433ad372a0d6c1.xml"], "distributionInfo": ["http://portal.oceannet.org/search/full/catalogue/dassh.ac.uk__MEDIN_2.3__d58f7bc0a98d8b062c433ad372a0d6c1.xml"], "identifier": ["https://metadatacatalogue.lifewatch.eu:/srv/eng/catalog.search#/metadata/oai:marineinfo.org:id:dataset:5685"], "accessibilitySummary": ["N/A"], "version": ["N/A"], "temporalCoverage": ["N/A"], "publisher": ["N/A"], "spatial": ["N/A"], "citation": ["N/A"], "genre": ["N/A"], "modificationDate": ["2021-12-02"], "image": ["N/A"], "thumbnailUrl": ["N/A"], "headline": ["1507-1997 Paul F. Clark North East Atlantic Crab Atlas"], "abstract": ["A detailed distribution of true crabs (Brachyura) in the North-EastAtlantic."], "theme": ["N/A"], "creditText": ["N/A"], "producer": ["\u00c2\u00a0Marine ConservationSociety GB "], "author": ["\u00c2\u00a0Marine ConservationSociety GB "], "spatialCoverage": [" ANE"], "sponsor": ["N/A"], "size": ["N/A"], "sameAs": ["N/A"], "publication": ["N/A"], "provider": ["\u00c2\u00a0Marine ConservationSociety GB "], "position": ["N/A"], "measurementTechnique": ["N/A"], "material": ["N/A"], "maintainer": ["N/A"], "locationCreated": ["N/A"], "issn": ["N/A"], "isPartOf": ["N/A"], "isBasedOn": ["N/A"], "isAccessibleForFree": ["N/A"], "includedInDataCatalog": ["N/A"], "editor": ["N/A"], "editEIDR": ["N/A"], "copyrightYear": ["N/A"], "copyrightNotice": ["N/A"], "copyrightHolder": ["N/A"], "contributor": ["N/A"], "contentReferenceTime": ["N/A"], "contentLocation": ["N/A"], "character": ["N/A"], "acquireLicensePage": ["N/A"], "accessModeSufficient": ["N/A"], "about": ["N/A"], "rights": ["N/A"], "relation": ["N/A"], "qualifiedRelation": ["N/A"], "qualifiedAttribution": ["N/A"], "previousVersion": ["N/A"], "nextVersion": ["N/A"], "landingPage": ["N/A"], "isReferencedBy": ["N/A"], "hasVersion": ["N/A"], "hasPolicy": ["N/A"], "hasCurrentVersion": ["N/A"], "useConstraints": ["N/A"], "status": ["N/A"], "spatialRepresentationType": ["N/A"], "scope": ["N/A"], "purpose": ["N/A"], "otherLocale": ["N/A"], "metadataProfile": ["N/A"], "metadataLinkage": ["N/A"], "metadataIdentifier": ["N/A"], "environmentDescription": ["N/A"], "contentInfo": ["N/A"], "ResearchInfrastructure": ["LifeWatch"], "EssentialVariables": ["N/A"], "potentialTopics": ["N/A"]}