{"url": ["https://metadatacatalogue.lifewatch.eu:/geonetwork/api/records/oai:marineinfo.org:id:dataset:4696"], "name": ["Zooplankton studies at a fixed station (West-Hinder) in the North Sea between 1977 and 1979"], "description": ["Temporal variation in the zooplankton communitysampled at a fixed station, West-Hinder, between March1977 and December 1979. The data are digitizedfrom technical reports in the frame of the 4DEMON project."], "datePublished": ["2021-12-02"], "language": ["en"], "creator": ["\u00c2\u00a0Vrije Universiteit Brussel; Faculteit Wetenschappen;Vakgroep Biologie; Laboratorium voor Ecologie en Systematiek "], "metadataProvider": ["\u00c2\u00a0Flanders Marine Institute(VLIZ) BEhttps://www.vliz.be"], "contact": ["\u00c2\u00a0Vlaams Instituut voor de Zee BE "], "associatedParty": [" custodianSteward\u00c2\u00a0Vlaams Instituut voor de Zee BE "], "licenseInformation": [" Intellectual Rights This work is licensed under a Creative Commons Attribution (CC-BY) 4.0 License .\u00c2\u00a0 "], "downloadLink": ["https://metadatacatalogue.lifewatch.eu:/geonetwork/eng/catalog.search#/metadata/oai:marineinfo.org:id:dataset:4696"], "keywords": ["West-Hinder"], "geographicCoverage": ["Geographic Description ANE, Belgium, Belgian Continental Shelf (BCS)"], "westBoundingCoordinate": ["2.438889"], "eastBoundingCoordinate": ["2.438889"], "northBoundingCoordinate": ["51.38333"], "southBoundingCoordinate": ["51.38333"], "dateCreated": ["1977-03-31"], "temporalCoverageEndDate": ["1979-12-31"], "license": ["N/A"], "distribution": ["N/A"], "distributionInfo": ["N/A"], "identifier": ["https://metadatacatalogue.lifewatch.eu:/geonetwork/eng/catalog.search#/metadata/oai:marineinfo.org:id:dataset:4696"], "accessibilitySummary": ["N/A"], "version": ["N/A"], "temporalCoverage": ["N/A"], "publisher": ["N/A"], "spatial": ["N/A"], "citation": ["N/A"], "genre": ["N/A"], "modificationDate": ["2021-12-02"], "image": ["N/A"], "thumbnailUrl": ["N/A"], "headline": ["Zooplankton studies at a fixed station (West-Hinder) in the North Sea between 1977 and 1979"], "abstract": ["Temporal variation in the zooplankton communitysampled at a fixed station, West-Hinder, between March1977 and December 1979. The data are digitizedfrom technical reports in the frame of the 4DEMON project."], "theme": ["N/A"], "creditText": ["N/A"], "producer": ["\u00c2\u00a0Vrije Universiteit Brussel; Faculteit Wetenschappen;Vakgroep Biologie; Laboratorium voor Ecologie en Systematiek "], "author": ["\u00c2\u00a0Vrije Universiteit Brussel; Faculteit Wetenschappen;Vakgroep Biologie; Laboratorium voor Ecologie en Systematiek "], "spatialCoverage": [" Belgium Belgian Continental Shelf (BCS)"], "sponsor": ["N/A"], "size": ["N/A"], "sameAs": ["N/A"], "publication": ["N/A"], "provider": ["\u00c2\u00a0Vrije Universiteit Brussel; Faculteit Wetenschappen;Vakgroep Biologie; Laboratorium voor Ecologie en Systematiek "], "position": ["N/A"], "measurementTechnique": ["N/A"], "material": ["N/A"], "maintainer": ["N/A"], "locationCreated": ["N/A"], "issn": ["N/A"], "isPartOf": ["N/A"], "isBasedOn": ["N/A"], "isAccessibleForFree": ["N/A"], "includedInDataCatalog": ["N/A"], "editor": ["N/A"], "editEIDR": ["N/A"], "copyrightYear": ["N/A"], "copyrightNotice": ["N/A"], "copyrightHolder": ["N/A"], "contributor": ["N/A"], "contentReferenceTime": ["N/A"], "contentLocation": ["N/A"], "character": ["N/A"], "acquireLicensePage": ["N/A"], "accessModeSufficient": ["N/A"], "about": ["N/A"], "rights": ["N/A"], "relation": ["N/A"], "qualifiedRelation": ["N/A"], "qualifiedAttribution": ["N/A"], "previousVersion": ["N/A"], "nextVersion": ["N/A"], "landingPage": ["N/A"], "isReferencedBy": ["N/A"], "hasVersion": ["N/A"], "hasPolicy": ["N/A"], "hasCurrentVersion": ["N/A"], "useConstraints": ["N/A"], "status": ["N/A"], "spatialRepresentationType": ["N/A"], "scope": ["N/A"], "purpose": ["N/A"], "otherLocale": ["N/A"], "metadataProfile": ["N/A"], "metadataLinkage": ["N/A"], "metadataIdentifier": ["N/A"], "environmentDescription": ["N/A"], "contentInfo": ["N/A"], "ResearchInfrastructure": ["LifeWatch"], "EssentialVariables": ["N/A"], "potentialTopics": ["N/A"]}