{"url": ["https://metadatacatalogue.lifewatch.eu:/geonetwork/api/records/oai:marineinfo.org:id:dataset:3133"], "name": ["CIRCE Marine mammals off Spain 2001-2012"], "description": ["This dataset was collected duringCIRCE's research survey on cetaceans with visualeffort between 2001-2012."], "datePublished": ["2021-12-02"], "language": ["en"], "creator": ["\u00c2\u00a0Conservation, Information and Study on Cetaceans "], "metadataProvider": ["\u00c2\u00a0Flanders Marine Institute(VLIZ) BEhttps://www.vliz.be"], "contact": ["\u00c2\u00a0Conservation, Information and Study on Cetaceans- Philippe Verborgh "], "associatedParty": ["N/A"], "licenseInformation": [" Intellectual Rights This work is licensed under a Creative Commons Attribution NonCommercial (CC-BY-NC) 4.0 License .\u00c2\u00a0 "], "downloadLink": ["https://metadatacatalogue.lifewatch.eu:/geonetwork/eng/catalog.search#/metadata/oai:marineinfo.org:id:dataset:3133"], "keywords": ["Marine mammals"], "geographicCoverage": ["Geographic Description ANE, Atlantic > station Off Spain Bounding Box West Bounding Coordinate -10.27 East Bounding Coordinate -5.03 North Bounding Coordinate 37.13 South Bounding Coordinate 35.79"], "westBoundingCoordinate": ["-10.27"], "eastBoundingCoordinate": ["-5.03"], "northBoundingCoordinate": ["37.13"], "southBoundingCoordinate": ["35.79"], "dateCreated": ["1999-04-22"], "temporalCoverageEndDate": ["2012-02-06"], "license": ["N/A"], "distribution": ["N/A"], "distributionInfo": ["N/A"], "identifier": ["https://metadatacatalogue.lifewatch.eu:/geonetwork/eng/catalog.search#/metadata/oai:marineinfo.org:id:dataset:3133"], "accessibilitySummary": ["N/A"], "version": ["N/A"], "temporalCoverage": ["N/A"], "publisher": ["N/A"], "spatial": ["N/A"], "citation": ["N/A"], "genre": ["N/A"], "modificationDate": ["2021-12-02"], "image": ["N/A"], "thumbnailUrl": ["N/A"], "headline": ["CIRCE Marine mammals off Spain 2001-2012"], "abstract": ["This dataset was collected duringCIRCE's research survey on cetaceans with visualeffort between 2001-2012."], "theme": ["N/A"], "creditText": ["N/A"], "producer": ["\u00c2\u00a0Conservation, Information and Study on Cetaceans "], "author": ["\u00c2\u00a0Conservation, Information and Study on Cetaceans "], "spatialCoverage": [" Atlantic > station Off Spain Bounding Box West Bounding Coordinate -10.27 East Bounding Coordinate -5.03 North Bounding Coordinate 37.13 South Bounding Coordinate 35.79"], "sponsor": ["N/A"], "size": ["N/A"], "sameAs": ["N/A"], "publication": ["N/A"], "provider": ["\u00c2\u00a0Conservation, Information and Study on Cetaceans "], "position": ["N/A"], "measurementTechnique": ["N/A"], "material": ["N/A"], "maintainer": ["N/A"], "locationCreated": ["N/A"], "issn": ["N/A"], "isPartOf": ["N/A"], "isBasedOn": ["N/A"], "isAccessibleForFree": ["N/A"], "includedInDataCatalog": ["N/A"], "editor": ["N/A"], "editEIDR": ["N/A"], "copyrightYear": ["N/A"], "copyrightNotice": ["N/A"], "copyrightHolder": ["N/A"], "contributor": ["N/A"], "contentReferenceTime": ["N/A"], "contentLocation": ["N/A"], "character": ["N/A"], "acquireLicensePage": ["N/A"], "accessModeSufficient": ["N/A"], "about": ["N/A"], "rights": ["N/A"], "relation": ["N/A"], "qualifiedRelation": ["N/A"], "qualifiedAttribution": ["N/A"], "previousVersion": ["N/A"], "nextVersion": ["N/A"], "landingPage": ["N/A"], "isReferencedBy": ["N/A"], "hasVersion": ["N/A"], "hasPolicy": ["N/A"], "hasCurrentVersion": ["N/A"], "useConstraints": ["N/A"], "status": ["N/A"], "spatialRepresentationType": ["N/A"], "scope": ["N/A"], "purpose": ["N/A"], "otherLocale": ["N/A"], "metadataProfile": ["N/A"], "metadataLinkage": ["N/A"], "metadataIdentifier": ["N/A"], "environmentDescription": ["N/A"], "contentInfo": ["N/A"], "ResearchInfrastructure": ["LifeWatch"], "EssentialVariables": ["N/A"], "potentialTopics": ["N/A"]}