{"url": ["https://metadatacatalogue.lifewatch.eu:/srv/api/records/oai:marineinfo.org:id:dataset:3223"], "name": ["Bionomy of macrobenthic amphipods, molluscs and polychaetes in the Evros Delta, September 1981"], "description": ["The composition and distribution of the macrobenthic amphipod, mollusc and polychaete fauna in theEvros Delta have been investigated. The distribution of species showed a zonation mainly related to thedegree of \"confinement\"."], "datePublished": ["2021-12-02"], "language": ["en"], "creator": ["\u00c2\u00a0Democritus University of Thrace;Department of Primary Education- Nestoras Gouvis "], "metadataProvider": ["\u00c2\u00a0Flanders Marine Institute(VLIZ) BEhttps://www.vliz.be"], "contact": ["\u00c2\u00a0Democritus University of Thrace;Department of Primary Education- Theodoros Kevrekidis "], "associatedParty": ["N/A"], "licenseInformation": [" Intellectual Rights This work is licensed under a Creative Commons Attribution (CC-BY) 4.0 License .\u00c2\u00a0 "], "downloadLink": ["https://metadatacatalogue.lifewatch.eu:/srv/eng/catalog.search#/metadata/oai:marineinfo.org:id:dataset:3223"], "keywords": ["Benthos"], "geographicCoverage": ["Geographic Description EurOBIS calculated BBOX > station Bounding Box Bounding Box West Bounding Coordinate 26.005202 East Bounding Coordinate 26.14268 North Bounding Coordinate 40.841663 South Bounding Coordinate 40.749174"], "westBoundingCoordinate": ["26.005202"], "eastBoundingCoordinate": ["26.14268"], "northBoundingCoordinate": ["40.841663"], "southBoundingCoordinate": ["40.749174"], "dateCreated": ["1981-09-01"], "temporalCoverageEndDate": ["1981-09-01"], "license": ["N/A"], "distribution": ["N/A"], "distributionInfo": ["N/A"], "identifier": ["https://metadatacatalogue.lifewatch.eu:/srv/eng/catalog.search#/metadata/oai:marineinfo.org:id:dataset:3223"], "accessibilitySummary": ["N/A"], "version": ["N/A"], "temporalCoverage": ["N/A"], "publisher": ["N/A"], "spatial": ["N/A"], "citation": ["N/A"], "genre": ["N/A"], "modificationDate": ["2021-12-02"], "image": ["N/A"], "thumbnailUrl": ["N/A"], "headline": ["Bionomy of macrobenthic amphipods, molluscs and polychaetes in the Evros Delta, September 1981"], "abstract": ["The composition and distribution of the macrobenthic amphipod, mollusc and polychaete fauna in theEvros Delta have been investigated. The distribution of species showed a zonation mainly related to thedegree of \"confinement\"."], "theme": ["N/A"], "creditText": ["N/A"], "producer": ["\u00c2\u00a0Democritus University of Thrace;Department of Primary Education- Nestoras Gouvis "], "author": ["\u00c2\u00a0Democritus University of Thrace;Department of Primary Education- Nestoras Gouvis "], "spatialCoverage": [" calculated BBOX > station Bounding Box Bounding Box West Bounding Coordinate 26.005202 East Bounding Coordinate 26.14268 North Bounding Coordinate 40.841663 South Bounding Coordinate 40.749174"], "sponsor": ["N/A"], "size": ["N/A"], "sameAs": ["N/A"], "publication": ["N/A"], "provider": ["\u00c2\u00a0Democritus University of Thrace;Department of Primary Education- Nestoras Gouvis "], "position": ["N/A"], "measurementTechnique": ["N/A"], "material": ["N/A"], "maintainer": ["N/A"], "locationCreated": ["N/A"], "issn": ["N/A"], "isPartOf": ["N/A"], "isBasedOn": ["N/A"], "isAccessibleForFree": ["N/A"], "includedInDataCatalog": ["N/A"], "editor": ["N/A"], "editEIDR": ["N/A"], "copyrightYear": ["N/A"], "copyrightNotice": ["N/A"], "copyrightHolder": ["N/A"], "contributor": ["N/A"], "contentReferenceTime": ["N/A"], "contentLocation": ["N/A"], "character": ["N/A"], "acquireLicensePage": ["N/A"], "accessModeSufficient": ["N/A"], "about": ["N/A"], "rights": ["N/A"], "relation": ["N/A"], "qualifiedRelation": ["N/A"], "qualifiedAttribution": ["N/A"], "previousVersion": ["N/A"], "nextVersion": ["N/A"], "landingPage": ["N/A"], "isReferencedBy": ["N/A"], "hasVersion": ["N/A"], "hasPolicy": ["N/A"], "hasCurrentVersion": ["N/A"], "useConstraints": ["N/A"], "status": ["N/A"], "spatialRepresentationType": ["N/A"], "scope": ["N/A"], "purpose": ["N/A"], "otherLocale": ["N/A"], "metadataProfile": ["N/A"], "metadataLinkage": ["N/A"], "metadataIdentifier": ["N/A"], "environmentDescription": ["N/A"], "contentInfo": ["N/A"], "ResearchInfrastructure": ["LifeWatch"], "EssentialVariables": ["N/A"], "potentialTopics": ["N/A"]}