{"url": ["https://metadatacatalogue.lifewatch.eu:/geonetwork/api/records/oai:marineinfo.org:id:dataset:5925"], "name": ["Temporal evolution of zooplankton by Juday-Bogorov net in the Northwestern Mediterranean Sea.Villefranche-sur-mer,1966-1999"], "description": ["The Observatoire of Villefranche sur Mer supportsthe daily sampling ofzooplankton since 1966 at a timeseriesstation located at the entrancy of the Bay of Villefranche sur Mer. Samples were collected by a vertical tow from bottom to surface (75-0 m), using a Juday-Bogorovnet. Juday bogorov net: 380\u00c2\u00b5m of mesh, opening: 0.50, length:1.80m"], "datePublished": ["2021-12-02"], "language": ["en"], "creator": ["\u00c2\u00a0Flanders Marine Institute(VLIZ) BEhttps://www.vliz.be"], "metadataProvider": ["\u00c2\u00a0Flanders Marine Institute(VLIZ) BEhttps://www.vliz.be"], "contact": ["\u00c2\u00a0Centre National de la Recherche Scientifique;Observatoire Oc\u00c3\u00a9anologique de Villefranche sur Mer- Lars Stemmann "], "associatedParty": ["N/A"], "licenseInformation": [" Intellectual Rights To the extent possible underlaw, the publisher has waived all rights to these data and has dedicated them to the Public Domain (CC01.0) . Users may copy, modify,distribute and use the work,including for commercial purposes, without restriction.\u00c2\u00a0 "], "downloadLink": ["https://metadatacatalogue.lifewatch.eu:/srv/eng/catalog.search#/metadata/oai:marineinfo.org:id:dataset:5925"], "keywords": ["Data Marine Genomics Mediterranean Sea Zooplankton"], "geographicCoverage": ["Geographic Description MED, France, Provence-Cote d'Azur,Villefranche-su"], "westBoundingCoordinate": ["N/A"], "eastBoundingCoordinate": ["N/A"], "northBoundingCoordinate": ["N/A"], "southBoundingCoordinate": ["N/A"], "dateCreated": ["1966-11-14"], "temporalCoverageEndDate": ["1999-09-10"], "license": ["N/A"], "distribution": ["N/A"], "distributionInfo": ["N/A"], "identifier": ["https://metadatacatalogue.lifewatch.eu:/srv/eng/catalog.search#/metadata/oai:marineinfo.org:id:dataset:5925"], "accessibilitySummary": ["N/A"], "version": ["N/A"], "temporalCoverage": ["N/A"], "publisher": ["N/A"], "spatial": ["N/A"], "citation": ["N/A"], "genre": ["N/A"], "modificationDate": ["2021-12-02"], "image": ["N/A"], "thumbnailUrl": ["N/A"], "headline": ["Temporal evolution of zooplankton by Juday-Bogorov net in the Northwestern Mediterranean Sea.Villefranche-sur-mer,1966-1999"], "abstract": ["The Observatoire of Villefranche sur Mer supportsthe daily sampling ofzooplankton since 1966 at a timeseriesstation located at the entrancy of the Bay of Villefranche sur Mer. Samples were collected by a vertical tow from bottom to surface (75-0 m), using a Juday-Bogorovnet. Juday bogorov net: 380\u00c2\u00b5m of mesh, opening: 0.50, length:1.80m"], "theme": ["N/A"], "creditText": ["N/A"], "producer": ["\u00c2\u00a0Flanders Marine Institute(VLIZ) BEhttps://www.vliz.be"], "author": ["\u00c2\u00a0Flanders Marine Institute(VLIZ) BEhttps://www.vliz.be"], "spatialCoverage": [" France Provence-Cote d'AzurVillefranche-su"], "sponsor": ["N/A"], "size": ["N/A"], "sameAs": ["N/A"], "publication": ["N/A"], "provider": ["\u00c2\u00a0Flanders Marine Institute(VLIZ) BEhttps://www.vliz.be"], "position": ["N/A"], "measurementTechnique": ["N/A"], "material": ["N/A"], "maintainer": ["N/A"], "locationCreated": ["N/A"], "issn": ["N/A"], "isPartOf": ["N/A"], "isBasedOn": ["N/A"], "isAccessibleForFree": ["N/A"], "includedInDataCatalog": ["N/A"], "editor": ["N/A"], "editEIDR": ["N/A"], "copyrightYear": ["N/A"], "copyrightNotice": ["N/A"], "copyrightHolder": ["N/A"], "contributor": ["N/A"], "contentReferenceTime": ["N/A"], "contentLocation": ["N/A"], "character": ["N/A"], "acquireLicensePage": ["N/A"], "accessModeSufficient": ["N/A"], "about": ["N/A"], "rights": ["N/A"], "relation": ["N/A"], "qualifiedRelation": ["N/A"], "qualifiedAttribution": ["N/A"], "previousVersion": ["N/A"], "nextVersion": ["N/A"], "landingPage": ["N/A"], "isReferencedBy": ["N/A"], "hasVersion": ["N/A"], "hasPolicy": ["N/A"], "hasCurrentVersion": ["N/A"], "useConstraints": ["N/A"], "status": ["N/A"], "spatialRepresentationType": ["N/A"], "scope": ["N/A"], "purpose": ["N/A"], "otherLocale": ["N/A"], "metadataProfile": ["N/A"], "metadataLinkage": ["N/A"], "metadataIdentifier": ["N/A"], "environmentDescription": ["N/A"], "contentInfo": ["N/A"], "ResearchInfrastructure": ["LifeWatch"], "EssentialVariables": ["N/A"], "potentialTopics": ["N/A"]}