{"url": ["https://metadatacatalogue.lifewatch.eu:/geonetwork/api/records/oai:marineinfo.org:id:dataset:6195"], "name": ["Infaunal abundance and biomass from sediment grabs in Belfast Lough as part of a habitat mapping project in 2018"], "description": ["This dataset contains information on infaunal abundance & biomassfrom sediment grabsin Belfast Lough as partof a larger & ongoinghabitat mapping project. The sediment & infaunal survey was carried out in January 2018 by AFBI and this dataset was integrated into the larger mappingproject since 2012. Theproject is joint with theBritish Geological Society and Belfast Harbour with the aimofmapping the seabedfloor and updating it from more historicalinformation."], "datePublished": ["2021-12-02"], "language": ["en"], "creator": ["\u00c2\u00a0Agri-Food and BiosciencesInstitute- Annika Clements "], "metadataProvider": ["\u00c2\u00a0Flanders Marine Institute(VLIZ) BEhttps://www.vliz.be"], "contact": ["\u00c2\u00a0Agri-Food and BiosciencesInstitute- Annika Clements "], "associatedParty": [" contentProvider\u00c2\u00a0Marine Biological Association of theUK GB "], "licenseInformation": [" Intellectual Rights This work is licensed under a Creative Commons Attribution (CC-BY) 4.0 License .\u00c2\u00a0 "], "downloadLink": ["https://metadatacatalogue.lifewatch.eu:/geonetwork/eng/catalog.search#/metadata/oai:marineinfo.org:id:dataset:6195"], "keywords": ["N/A"], "geographicCoverage": ["Geographic Description ANE, IrishSea"], "westBoundingCoordinate": ["-5.67495"], "eastBoundingCoordinate": ["-5.6185"], "northBoundingCoordinate": ["54.795"], "southBoundingCoordinate": ["54.7517"], "dateCreated": ["N/A"], "temporalCoverageEndDate": ["N/A"], "license": ["N/A"], "distribution": ["N/A"], "distributionInfo": ["N/A"], "identifier": ["https://metadatacatalogue.lifewatch.eu:/geonetwork/eng/catalog.search#/metadata/oai:marineinfo.org:id:dataset:6195"], "accessibilitySummary": ["N/A"], "version": ["N/A"], "temporalCoverage": ["N/A"], "publisher": ["N/A"], "spatial": ["N/A"], "citation": ["N/A"], "genre": ["N/A"], "modificationDate": ["2021-12-02"], "image": ["N/A"], "thumbnailUrl": ["N/A"], "headline": ["Infaunal abundance and biomass from sediment grabs in Belfast Lough as part of a habitat mapping project in 2018"], "abstract": ["This dataset contains information on infaunal abundance & biomassfrom sediment grabsin Belfast Lough as partof a larger & ongoinghabitat mapping project. The sediment & infaunal survey was carried out in January 2018 by AFBI and this dataset was integrated into the larger mappingproject since 2012. Theproject is joint with theBritish Geological Society and Belfast Harbour with the aimofmapping the seabedfloor and updating it from more historicalinformation."], "theme": ["N/A"], "creditText": ["N/A"], "producer": ["\u00c2\u00a0Agri-Food and BiosciencesInstitute- Annika Clements "], "author": ["\u00c2\u00a0Agri-Food and BiosciencesInstitute- Annika Clements "], "spatialCoverage": [" IrishSea"], "sponsor": ["N/A"], "size": ["N/A"], "sameAs": ["N/A"], "publication": ["N/A"], "provider": ["\u00c2\u00a0Agri-Food and BiosciencesInstitute- Annika Clements "], "position": ["N/A"], "measurementTechnique": ["N/A"], "material": ["N/A"], "maintainer": ["N/A"], "locationCreated": ["N/A"], "issn": ["N/A"], "isPartOf": ["N/A"], "isBasedOn": ["N/A"], "isAccessibleForFree": ["N/A"], "includedInDataCatalog": ["N/A"], "editor": ["N/A"], "editEIDR": ["N/A"], "copyrightYear": ["N/A"], "copyrightNotice": ["N/A"], "copyrightHolder": ["N/A"], "contributor": ["N/A"], "contentReferenceTime": ["N/A"], "contentLocation": ["N/A"], "character": ["N/A"], "acquireLicensePage": ["N/A"], "accessModeSufficient": ["N/A"], "about": ["N/A"], "rights": ["N/A"], "relation": ["N/A"], "qualifiedRelation": ["N/A"], "qualifiedAttribution": ["N/A"], "previousVersion": ["N/A"], "nextVersion": ["N/A"], "landingPage": ["N/A"], "isReferencedBy": ["N/A"], "hasVersion": ["N/A"], "hasPolicy": ["N/A"], "hasCurrentVersion": ["N/A"], "useConstraints": ["N/A"], "status": ["N/A"], "spatialRepresentationType": ["N/A"], "scope": ["N/A"], "purpose": ["N/A"], "otherLocale": ["N/A"], "metadataProfile": ["N/A"], "metadataLinkage": ["N/A"], "metadataIdentifier": ["N/A"], "environmentDescription": ["N/A"], "contentInfo": ["N/A"], "ResearchInfrastructure": ["LifeWatch"], "EssentialVariables": ["N/A"], "potentialTopics": ["N/A"]}