{"url": ["https://metadatacatalogue.lifewatch.eu:/srv/api/records/oai:marineinfo.org:id:dataset:4221"], "name": ["Macrobenthos of the Western Scheldt (Ossenisse, Valkenisse, Terneuzen and Vlissingen) on 27 and 28 September 1978"], "description": ["Counts, density and biomass of macrobenthos species for 20 stations sampled in the WesternScheldt estuary on 27-28 September 1978. The data were digitized by VLIZ fromthe original report: Vermeulen, Y. (1980). Studievan het makrobenthos van het Westerschelde-estuarium. MSc Thesis. RijksuniversiteitGent: Gent. 83, maps, figurespp."], "datePublished": ["2021-12-02"], "language": ["en"], "creator": ["\u00c2\u00a0Universiteit Gent; FaculteitWetenschappen "], "metadataProvider": ["\u00c2\u00a0Flanders Marine Institute(VLIZ) BEhttps://www.vliz.be"], "contact": ["\u00c2\u00a0Vlaams Instituut voor de Zee BE "], "associatedParty": [" custodianSteward\u00c2\u00a0Vlaams Instituut voor de Zee BE "], "licenseInformation": [" Intellectual Rights This work is licensed under a Creative Commons Attribution (CC-BY) 4.0 License .\u00c2\u00a0 "], "downloadLink": ["https://metadatacatalogue.lifewatch.eu:/srv/eng/catalog.search#/metadata/oai:marineinfo.org:id:dataset:4221"], "keywords": ["Macrobenthos Sediment analysis"], "geographicCoverage": ["Geographic Description ANE, Netherlands, Westerschelde,Ossenisse"], "westBoundingCoordinate": ["3.596667"], "eastBoundingCoordinate": ["4.121667"], "northBoundingCoordinate": ["51.4425"], "southBoundingCoordinate": ["51.34667"], "dateCreated": ["1978-09-27"], "temporalCoverageEndDate": ["1978-09-28"], "license": ["N/A"], "distribution": ["N/A"], "distributionInfo": ["N/A"], "identifier": ["https://metadatacatalogue.lifewatch.eu:/srv/eng/catalog.search#/metadata/oai:marineinfo.org:id:dataset:4221"], "accessibilitySummary": ["N/A"], "version": ["N/A"], "temporalCoverage": ["N/A"], "publisher": ["N/A"], "spatial": ["N/A"], "citation": ["N/A"], "genre": ["N/A"], "modificationDate": ["2021-12-02"], "image": ["N/A"], "thumbnailUrl": ["N/A"], "headline": ["Macrobenthos of the Western Scheldt (Ossenisse, Valkenisse, Terneuzen and Vlissingen) on 27 and 28 September 1978"], "abstract": ["Counts, density and biomass of macrobenthos species for 20 stations sampled in the WesternScheldt estuary on 27-28 September 1978. The data were digitized by VLIZ fromthe original report: Vermeulen, Y. (1980). Studievan het makrobenthos van het Westerschelde-estuarium. MSc Thesis. RijksuniversiteitGent: Gent. 83, maps, figurespp."], "theme": ["N/A"], "creditText": ["N/A"], "producer": ["\u00c2\u00a0Universiteit Gent; FaculteitWetenschappen "], "author": ["\u00c2\u00a0Universiteit Gent; FaculteitWetenschappen "], "spatialCoverage": [" Netherlands WesterscheldeOssenisse"], "sponsor": ["N/A"], "size": ["N/A"], "sameAs": ["N/A"], "publication": ["N/A"], "provider": ["\u00c2\u00a0Universiteit Gent; FaculteitWetenschappen "], "position": ["N/A"], "measurementTechnique": ["N/A"], "material": ["N/A"], "maintainer": ["N/A"], "locationCreated": ["N/A"], "issn": ["N/A"], "isPartOf": ["N/A"], "isBasedOn": ["N/A"], "isAccessibleForFree": ["N/A"], "includedInDataCatalog": ["N/A"], "editor": ["N/A"], "editEIDR": ["N/A"], "copyrightYear": ["N/A"], "copyrightNotice": ["N/A"], "copyrightHolder": ["N/A"], "contributor": ["N/A"], "contentReferenceTime": ["N/A"], "contentLocation": ["N/A"], "character": ["N/A"], "acquireLicensePage": ["N/A"], "accessModeSufficient": ["N/A"], "about": ["N/A"], "rights": ["N/A"], "relation": ["N/A"], "qualifiedRelation": ["N/A"], "qualifiedAttribution": ["N/A"], "previousVersion": ["N/A"], "nextVersion": ["N/A"], "landingPage": ["N/A"], "isReferencedBy": ["N/A"], "hasVersion": ["N/A"], "hasPolicy": ["N/A"], "hasCurrentVersion": ["N/A"], "useConstraints": ["N/A"], "status": ["N/A"], "spatialRepresentationType": ["N/A"], "scope": ["N/A"], "purpose": ["N/A"], "otherLocale": ["N/A"], "metadataProfile": ["N/A"], "metadataLinkage": ["N/A"], "metadataIdentifier": ["N/A"], "environmentDescription": ["N/A"], "contentInfo": ["N/A"], "ResearchInfrastructure": ["LifeWatch"], "EssentialVariables": ["N/A"], "potentialTopics": ["N/A"]}