{"url": ["https://metadatacatalogue.lifewatch.eu:/geonetwork/api/records/oai:marineinfo.org:id:dataset:4044"], "name": ["Phytoplankton monitoring data from Sevastopol Bay (Black Sea) from 1952 to 1963"], "description": ["The data were collected by the IBSS staffduring a monitoringcampaign in Sevastopol Bay (Black Sea) from 1952 to 1963.Thisdataset contains abundance (individuals per liter) and biomass(mg/m\u00c2\u00b3) data for phytoplankton taxa. No additionalmetadata is available."], "datePublished": ["2021-12-02"], "language": ["en"], "creator": ["\u00c2\u00a0National Academy of Sciences of UkraineInstitute of Biology of the Southern Seas UA "], "metadataProvider": ["\u00c2\u00a0Flanders Marine Institute(VLIZ) BEhttps://www.vliz.be"], "contact": ["\u00c2\u00a0National Academy of Sciences ofUkraine;Institute of Biology of the Southern Seas- Kseniia Skuratova "], "associatedParty": [" contentProvider\u00c2\u00a0National Academy of Sciences ofUkraine;Institute of Biology of the Southern Seas- Kseniia Skuratova "], "licenseInformation": [" Intellectual Rights This work is licensed under a Creative Commons Attribution (CC-BY) 4.0 License .\u00c2\u00a0 "], "downloadLink": ["https://metadatacatalogue.lifewatch.eu:/srv/eng/catalog.search#/metadata/oai:marineinfo.org:id:dataset:4044"], "keywords": ["N/A"], "geographicCoverage": ["Geographic Description EurOBIS calculated BBOX > station Bounding Box Bounding Box West Bounding Coordinate 33.5 East Bounding Coordinate 33.5 North Bounding Coordinate 44.62 South Bounding Coordinate 44.62"], "westBoundingCoordinate": ["33.5"], "eastBoundingCoordinate": ["33.5"], "northBoundingCoordinate": ["44.62"], "southBoundingCoordinate": ["44.62"], "dateCreated": ["1952-07-18"], "temporalCoverageEndDate": ["1963-06-01"], "license": ["N/A"], "distribution": ["N/A"], "distributionInfo": ["N/A"], "identifier": ["https://metadatacatalogue.lifewatch.eu:/srv/eng/catalog.search#/metadata/oai:marineinfo.org:id:dataset:4044"], "accessibilitySummary": ["N/A"], "version": ["N/A"], "temporalCoverage": ["N/A"], "publisher": ["N/A"], "spatial": ["N/A"], "citation": ["N/A"], "genre": ["N/A"], "modificationDate": ["2021-12-02"], "image": ["N/A"], "thumbnailUrl": ["N/A"], "headline": ["Phytoplankton monitoring data from Sevastopol Bay (Black Sea) from 1952 to 1963"], "abstract": ["The data were collected by the IBSS staffduring a monitoringcampaign in Sevastopol Bay (Black Sea) from 1952 to 1963.Thisdataset contains abundance (individuals per liter) and biomass(mg/m\u00c2\u00b3) data for phytoplankton taxa. No additionalmetadata is available."], "theme": ["N/A"], "creditText": ["N/A"], "producer": ["\u00c2\u00a0National Academy of Sciences of UkraineInstitute of Biology of the Southern Seas UA "], "author": ["\u00c2\u00a0National Academy of Sciences of UkraineInstitute of Biology of the Southern Seas UA "], "spatialCoverage": [" calculated BBOX > station Bounding Box Bounding Box West Bounding Coordinate 33.5 East Bounding Coordinate 33.5 North Bounding Coordinate 44.62 South Bounding Coordinate 44.62"], "sponsor": ["N/A"], "size": ["N/A"], "sameAs": ["N/A"], "publication": ["N/A"], "provider": ["\u00c2\u00a0National Academy of Sciences of UkraineInstitute of Biology of the Southern Seas UA "], "position": ["N/A"], "measurementTechnique": ["N/A"], "material": ["N/A"], "maintainer": ["N/A"], "locationCreated": ["N/A"], "issn": ["N/A"], "isPartOf": ["N/A"], "isBasedOn": ["N/A"], "isAccessibleForFree": ["N/A"], "includedInDataCatalog": ["N/A"], "editor": ["N/A"], "editEIDR": ["N/A"], "copyrightYear": ["N/A"], "copyrightNotice": ["N/A"], "copyrightHolder": ["N/A"], "contributor": ["N/A"], "contentReferenceTime": ["N/A"], "contentLocation": ["N/A"], "character": ["N/A"], "acquireLicensePage": ["N/A"], "accessModeSufficient": ["N/A"], "about": ["N/A"], "rights": ["N/A"], "relation": ["N/A"], "qualifiedRelation": ["N/A"], "qualifiedAttribution": ["N/A"], "previousVersion": ["N/A"], "nextVersion": ["N/A"], "landingPage": ["N/A"], "isReferencedBy": ["N/A"], "hasVersion": ["N/A"], "hasPolicy": ["N/A"], "hasCurrentVersion": ["N/A"], "useConstraints": ["N/A"], "status": ["N/A"], "spatialRepresentationType": ["N/A"], "scope": ["N/A"], "purpose": ["N/A"], "otherLocale": ["N/A"], "metadataProfile": ["N/A"], "metadataLinkage": ["N/A"], "metadataIdentifier": ["N/A"], "environmentDescription": ["N/A"], "contentInfo": ["N/A"], "ResearchInfrastructure": ["LifeWatch"], "EssentialVariables": ["N/A"], "potentialTopics": ["N/A"]}