{"url": ["https://metadatacatalogue.lifewatch.eu:/geonetwork/api/records/oai:marineinfo.org:id:dataset:1656"], "name": ["Kongsfjorden monitoring data - grid - 2006"], "description": ["In 1997 and 1998 soft-bottom fauna of the arcticglacial fjord Kongsfjorden was extensively sampled and majorcommunities were identified along the fjordaxis, which were believed to be relatedto the diminishing influence of the glacial activity. This setof data was collected as part of a PhD programme and was the result of repeated samplingin search for natural or climate driven communitychanges."], "datePublished": ["2021-12-02"], "language": ["en"], "creator": ["\u00c2\u00a0Polish Academy of SciencesInstitute of Oceanology PL "], "metadataProvider": ["\u00c2\u00a0Flanders Marine Institute(VLIZ) BEhttps://www.vliz.be"], "contact": ["\u00c2\u00a0Polish Academy of Sciences;Institute of Oceanology- Monika Kedra "], "associatedParty": [" contentProvider\u00c2\u00a0Polish Academy of Sciences;Institute of Oceanology- Monika Kedra "], "licenseInformation": [" Intellectual Rights This work is licensed under a Creative Commons Attribution NonCommercial (CC-BY-NC) 4.0 License .\u00c2\u00a0 "], "downloadLink": ["https://metadatacatalogue.lifewatch.eu:/srv/eng/catalog.search#/metadata/oai:marineinfo.org:id:dataset:1656"], "keywords": ["Benthos Biodiversity Data Macrobenthos Marine Genomics"], "geographicCoverage": ["Geographic Description EurOBIS calculated BBOX > station Bounding Box Bounding Box West Bounding Coordinate 11.51163333 East Bounding Coordinate 12.473567 North Bounding Coordinate 79.0399 South Bounding Coordinate 78.884967"], "westBoundingCoordinate": ["11.51163333"], "eastBoundingCoordinate": ["12.473567"], "northBoundingCoordinate": ["79.0399"], "southBoundingCoordinate": ["78.884967"], "dateCreated": ["2006-07-01"], "temporalCoverageEndDate": ["2006-07-01"], "license": ["N/A"], "distribution": ["N/A"], "distributionInfo": ["N/A"], "identifier": ["https://metadatacatalogue.lifewatch.eu:/srv/eng/catalog.search#/metadata/oai:marineinfo.org:id:dataset:1656"], "accessibilitySummary": ["N/A"], "version": ["N/A"], "temporalCoverage": ["N/A"], "publisher": ["N/A"], "spatial": ["N/A"], "citation": ["N/A"], "genre": ["N/A"], "modificationDate": ["2021-12-02"], "image": ["N/A"], "thumbnailUrl": ["N/A"], "headline": ["Kongsfjorden monitoring data - grid - 2006"], "abstract": ["In 1997 and 1998 soft-bottom fauna of the arcticglacial fjord Kongsfjorden was extensively sampled and majorcommunities were identified along the fjordaxis, which were believed to be relatedto the diminishing influence of the glacial activity. This setof data was collected as part of a PhD programme and was the result of repeated samplingin search for natural or climate driven communitychanges."], "theme": ["N/A"], "creditText": ["N/A"], "producer": ["\u00c2\u00a0Polish Academy of SciencesInstitute of Oceanology PL "], "author": ["\u00c2\u00a0Polish Academy of SciencesInstitute of Oceanology PL "], "spatialCoverage": [" calculated BBOX > station Bounding Box Bounding Box West Bounding Coordinate 11.51163333 East Bounding Coordinate 12.473567 North Bounding Coordinate 79.0399 South Bounding Coordinate 78.884967"], "sponsor": ["N/A"], "size": ["N/A"], "sameAs": ["N/A"], "publication": ["N/A"], "provider": ["\u00c2\u00a0Polish Academy of SciencesInstitute of Oceanology PL "], "position": ["N/A"], "measurementTechnique": ["N/A"], "material": ["N/A"], "maintainer": ["N/A"], "locationCreated": ["N/A"], "issn": ["N/A"], "isPartOf": ["N/A"], "isBasedOn": ["N/A"], "isAccessibleForFree": ["N/A"], "includedInDataCatalog": ["N/A"], "editor": ["N/A"], "editEIDR": ["N/A"], "copyrightYear": ["N/A"], "copyrightNotice": ["N/A"], "copyrightHolder": ["N/A"], "contributor": ["N/A"], "contentReferenceTime": ["N/A"], "contentLocation": ["N/A"], "character": ["N/A"], "acquireLicensePage": ["N/A"], "accessModeSufficient": ["N/A"], "about": ["N/A"], "rights": ["N/A"], "relation": ["N/A"], "qualifiedRelation": ["N/A"], "qualifiedAttribution": ["N/A"], "previousVersion": ["N/A"], "nextVersion": ["N/A"], "landingPage": ["N/A"], "isReferencedBy": ["N/A"], "hasVersion": ["N/A"], "hasPolicy": ["N/A"], "hasCurrentVersion": ["N/A"], "useConstraints": ["N/A"], "status": ["N/A"], "spatialRepresentationType": ["N/A"], "scope": ["N/A"], "purpose": ["N/A"], "otherLocale": ["N/A"], "metadataProfile": ["N/A"], "metadataLinkage": ["N/A"], "metadataIdentifier": ["N/A"], "environmentDescription": ["N/A"], "contentInfo": ["N/A"], "ResearchInfrastructure": ["LifeWatch"], "EssentialVariables": ["N/A"], "potentialTopics": ["N/A"]}