{"url": ["https://metadatacatalogue.lifewatch.eu:/srv/api/records/oai:marineinfo.org:id:dataset:4697"], "name": ["Spatial variation of the zooplankton community in the Belgian part of the North Sea on 18-19 April 1978"], "description": ["Qualitative and quantitative composition and spatial distribution of the zooplankton community for 32 stationssampled on 18-19 April1978 in the Belgian part of the NorthSea.The data are digitizedfrom technical reports in the frame of the 4DEMON project."], "datePublished": ["2021-12-02"], "language": ["en"], "creator": ["\u00c2\u00a0Vrije Universiteit Brussel; Faculteit Wetenschappen;Vakgroep Biologie; Laboratorium voor Ecologie en Systematiek "], "metadataProvider": ["\u00c2\u00a0Flanders Marine Institute(VLIZ) BEhttps://www.vliz.be"], "contact": ["\u00c2\u00a0Vlaams Instituut voor de Zee BE "], "associatedParty": [" custodianSteward\u00c2\u00a0Vlaams Instituut voor de Zee BE "], "licenseInformation": [" Intellectual Rights This work is licensed under a Creative Commons Attribution (CC-BY) 4.0 License .\u00c2\u00a0 "], "downloadLink": ["https://metadatacatalogue.lifewatch.eu:/srv/eng/catalog.search#/metadata/oai:marineinfo.org:id:dataset:4697"], "keywords": ["N/A"], "geographicCoverage": ["Geographic Description ANE, Belgium, Belgian Continental Shelf (BCS)"], "westBoundingCoordinate": ["2.283333"], "eastBoundingCoordinate": ["3.283333"], "northBoundingCoordinate": ["51.63333"], "southBoundingCoordinate": ["51.18333"], "dateCreated": ["1978-04-18"], "temporalCoverageEndDate": ["1978-04-19"], "license": ["N/A"], "distribution": ["N/A"], "distributionInfo": ["N/A"], "identifier": ["https://metadatacatalogue.lifewatch.eu:/srv/eng/catalog.search#/metadata/oai:marineinfo.org:id:dataset:4697"], "accessibilitySummary": ["N/A"], "version": ["N/A"], "temporalCoverage": ["N/A"], "publisher": ["N/A"], "spatial": ["N/A"], "citation": ["N/A"], "genre": ["N/A"], "modificationDate": ["2021-12-02"], "image": ["N/A"], "thumbnailUrl": ["N/A"], "headline": ["Spatial variation of the zooplankton community in the Belgian part of the North Sea on 18-19 April 1978"], "abstract": ["Qualitative and quantitative composition and spatial distribution of the zooplankton community for 32 stationssampled on 18-19 April1978 in the Belgian part of the NorthSea.The data are digitizedfrom technical reports in the frame of the 4DEMON project."], "theme": ["N/A"], "creditText": ["N/A"], "producer": ["\u00c2\u00a0Vrije Universiteit Brussel; Faculteit Wetenschappen;Vakgroep Biologie; Laboratorium voor Ecologie en Systematiek "], "author": ["\u00c2\u00a0Vrije Universiteit Brussel; Faculteit Wetenschappen;Vakgroep Biologie; Laboratorium voor Ecologie en Systematiek "], "spatialCoverage": [" Belgium Belgian Continental Shelf (BCS)"], "sponsor": ["N/A"], "size": ["N/A"], "sameAs": ["N/A"], "publication": ["N/A"], "provider": ["\u00c2\u00a0Vrije Universiteit Brussel; Faculteit Wetenschappen;Vakgroep Biologie; Laboratorium voor Ecologie en Systematiek "], "position": ["N/A"], "measurementTechnique": ["N/A"], "material": ["N/A"], "maintainer": ["N/A"], "locationCreated": ["N/A"], "issn": ["N/A"], "isPartOf": ["N/A"], "isBasedOn": ["N/A"], "isAccessibleForFree": ["N/A"], "includedInDataCatalog": ["N/A"], "editor": ["N/A"], "editEIDR": ["N/A"], "copyrightYear": ["N/A"], "copyrightNotice": ["N/A"], "copyrightHolder": ["N/A"], "contributor": ["N/A"], "contentReferenceTime": ["N/A"], "contentLocation": ["N/A"], "character": ["N/A"], "acquireLicensePage": ["N/A"], "accessModeSufficient": ["N/A"], "about": ["N/A"], "rights": ["N/A"], "relation": ["N/A"], "qualifiedRelation": ["N/A"], "qualifiedAttribution": ["N/A"], "previousVersion": ["N/A"], "nextVersion": ["N/A"], "landingPage": ["N/A"], "isReferencedBy": ["N/A"], "hasVersion": ["N/A"], "hasPolicy": ["N/A"], "hasCurrentVersion": ["N/A"], "useConstraints": ["N/A"], "status": ["N/A"], "spatialRepresentationType": ["N/A"], "scope": ["N/A"], "purpose": ["N/A"], "otherLocale": ["N/A"], "metadataProfile": ["N/A"], "metadataLinkage": ["N/A"], "metadataIdentifier": ["N/A"], "environmentDescription": ["N/A"], "contentInfo": ["N/A"], "ResearchInfrastructure": ["LifeWatch"], "EssentialVariables": ["N/A"], "potentialTopics": ["N/A"]}