{"url": ["https://metadatacatalogue.lifewatch.eu:/srv/api/records/oai:marineinfo.org:id:dataset:4444"], "name": ["IMR Macroplankton surveys"], "description": ["The Macroplankton dataset in the IMR planktondatabase contains macroplankton from the Norwegian and Barents Seas.The dataset includes small vertically migratoryfish."], "datePublished": ["2021-12-02"], "language": ["en"], "creator": ["\u00c2\u00a0Institute of MarineResearch- Kjell Bakkeplass "], "metadataProvider": ["\u00c2\u00a0Flanders Marine Institute(VLIZ) BEhttps://www.vliz.be"], "contact": ["\u00c2\u00a0Institute of MarineResearch- Kjell Bakkeplass "], "associatedParty": [" custodianSteward\u00c2\u00a0Institute of MarineResearch "], "licenseInformation": [" Intellectual Rights This work is licensed under a Creative Commons Attribution (CC-BY) 4.0 License .\u00c2\u00a0 "], "downloadLink": ["https://metadatacatalogue.lifewatch.eu:/geonetwork/eng/catalog.search#/metadata/oai:marineinfo.org:id:dataset:4444"], "keywords": ["Vertical migrations"], "geographicCoverage": ["Geographic Description ANE, NorwegianSea"], "westBoundingCoordinate": ["-57.305832"], "eastBoundingCoordinate": ["42.685833"], "northBoundingCoordinate": ["79.95"], "southBoundingCoordinate": ["58.723"], "dateCreated": ["N/A"], "temporalCoverageEndDate": ["N/A"], "license": ["N/A"], "distribution": ["N/A"], "distributionInfo": ["N/A"], "identifier": ["https://metadatacatalogue.lifewatch.eu:/geonetwork/eng/catalog.search#/metadata/oai:marineinfo.org:id:dataset:4444"], "accessibilitySummary": ["N/A"], "version": ["N/A"], "temporalCoverage": ["N/A"], "publisher": ["N/A"], "spatial": ["N/A"], "citation": ["N/A"], "genre": ["N/A"], "modificationDate": ["2021-12-02"], "image": ["N/A"], "thumbnailUrl": ["N/A"], "headline": ["IMR Macroplankton surveys"], "abstract": ["The Macroplankton dataset in the IMR planktondatabase contains macroplankton from the Norwegian and Barents Seas.The dataset includes small vertically migratoryfish."], "theme": ["N/A"], "creditText": ["N/A"], "producer": ["\u00c2\u00a0Institute of MarineResearch- Kjell Bakkeplass "], "author": ["\u00c2\u00a0Institute of MarineResearch- Kjell Bakkeplass "], "spatialCoverage": [" NorwegianSea"], "sponsor": ["N/A"], "size": ["N/A"], "sameAs": ["N/A"], "publication": ["N/A"], "provider": ["\u00c2\u00a0Institute of MarineResearch- Kjell Bakkeplass "], "position": ["N/A"], "measurementTechnique": ["N/A"], "material": ["N/A"], "maintainer": ["N/A"], "locationCreated": ["N/A"], "issn": ["N/A"], "isPartOf": ["N/A"], "isBasedOn": ["N/A"], "isAccessibleForFree": ["N/A"], "includedInDataCatalog": ["N/A"], "editor": ["N/A"], "editEIDR": ["N/A"], "copyrightYear": ["N/A"], "copyrightNotice": ["N/A"], "copyrightHolder": ["N/A"], "contributor": ["N/A"], "contentReferenceTime": ["N/A"], "contentLocation": ["N/A"], "character": ["N/A"], "acquireLicensePage": ["N/A"], "accessModeSufficient": ["N/A"], "about": ["N/A"], "rights": ["N/A"], "relation": ["N/A"], "qualifiedRelation": ["N/A"], "qualifiedAttribution": ["N/A"], "previousVersion": ["N/A"], "nextVersion": ["N/A"], "landingPage": ["N/A"], "isReferencedBy": ["N/A"], "hasVersion": ["N/A"], "hasPolicy": ["N/A"], "hasCurrentVersion": ["N/A"], "useConstraints": ["N/A"], "status": ["N/A"], "spatialRepresentationType": ["N/A"], "scope": ["N/A"], "purpose": ["N/A"], "otherLocale": ["N/A"], "metadataProfile": ["N/A"], "metadataLinkage": ["N/A"], "metadataIdentifier": ["N/A"], "environmentDescription": ["N/A"], "contentInfo": ["N/A"], "ResearchInfrastructure": ["LifeWatch"], "EssentialVariables": ["N/A"], "potentialTopics": ["N/A"]}