{"url": ["https://metadatacatalogue.lifewatch.eu:/srv/api/records/oai:marineinfo.org:id:dataset:2159"], "name": ["ICES contaminants and biological effects"], "description": ["DOME contains marine environmental data featuring: <ul> <li> North-East Atlantic, Greenlandsea, Baltic sea and Norwegiansea <li> Contaminants in biota, sediment and water, fish disease and biologicalcommunities <li> Aggregated fish trawl surveydata <li>Data spanning the years1965-2008 </ul>"], "datePublished": ["2021-12-02"], "language": ["en"], "creator": ["\u00c2\u00a0International Council for the Exploration of theSea- Neil Holdsworth "], "metadataProvider": ["\u00c2\u00a0Flanders Marine Institute(VLIZ) BEhttps://www.vliz.be"], "contact": ["\u00c2\u00a0International Council for the Exploration of theSea- Neil Holdsworth "], "associatedParty": [" custodianSteward\u00c2\u00a0International Council for the Exploration of theSea DK "], "licenseInformation": [" Intellectual Rights Licence\u00c2\u00a0 "], "downloadLink": ["https://metadatacatalogue.lifewatch.eu:/srv/eng/catalog.search#/metadata/oai:marineinfo.org:id:dataset:2159"], "keywords": ["Biological effects Contaminants"], "geographicCoverage": ["Geographic Description European marinewaters"], "westBoundingCoordinate": ["-69.25"], "eastBoundingCoordinate": ["60"], "northBoundingCoordinate": ["80.166667"], "southBoundingCoordinate": ["36.566667"], "dateCreated": ["1977-01-01"], "temporalCoverageEndDate": ["2009-02-01"], "license": ["N/A"], "distribution": ["N/A"], "distributionInfo": ["N/A"], "identifier": ["https://metadatacatalogue.lifewatch.eu:/srv/eng/catalog.search#/metadata/oai:marineinfo.org:id:dataset:2159"], "accessibilitySummary": ["N/A"], "version": ["N/A"], "temporalCoverage": ["N/A"], "publisher": ["N/A"], "spatial": ["N/A"], "citation": ["N/A"], "genre": ["N/A"], "modificationDate": ["2021-12-02"], "image": ["N/A"], "thumbnailUrl": ["N/A"], "headline": ["ICES contaminants and biological effects"], "abstract": ["DOME contains marine environmental data featuring: <ul> <li> North-East Atlantic, Greenlandsea, Baltic sea and Norwegiansea <li> Contaminants in biota, sediment and water, fish disease and biologicalcommunities <li> Aggregated fish trawl surveydata <li>Data spanning the years1965-2008 </ul>"], "theme": ["N/A"], "creditText": ["N/A"], "producer": ["\u00c2\u00a0International Council for the Exploration of theSea- Neil Holdsworth "], "author": ["\u00c2\u00a0International Council for the Exploration of theSea- Neil Holdsworth "], "spatialCoverage": [" European marinewaters"], "sponsor": ["N/A"], "size": ["N/A"], "sameAs": ["N/A"], "publication": ["N/A"], "provider": ["\u00c2\u00a0International Council for the Exploration of theSea- Neil Holdsworth "], "position": ["N/A"], "measurementTechnique": ["N/A"], "material": ["N/A"], "maintainer": ["N/A"], "locationCreated": ["N/A"], "issn": ["N/A"], "isPartOf": ["N/A"], "isBasedOn": ["N/A"], "isAccessibleForFree": ["N/A"], "includedInDataCatalog": ["N/A"], "editor": ["N/A"], "editEIDR": ["N/A"], "copyrightYear": ["N/A"], "copyrightNotice": ["N/A"], "copyrightHolder": ["N/A"], "contributor": ["N/A"], "contentReferenceTime": ["N/A"], "contentLocation": ["N/A"], "character": ["N/A"], "acquireLicensePage": ["N/A"], "accessModeSufficient": ["N/A"], "about": ["N/A"], "rights": ["N/A"], "relation": ["N/A"], "qualifiedRelation": ["N/A"], "qualifiedAttribution": ["N/A"], "previousVersion": ["N/A"], "nextVersion": ["N/A"], "landingPage": ["N/A"], "isReferencedBy": ["N/A"], "hasVersion": ["N/A"], "hasPolicy": ["N/A"], "hasCurrentVersion": ["N/A"], "useConstraints": ["N/A"], "status": ["N/A"], "spatialRepresentationType": ["N/A"], "scope": ["N/A"], "purpose": ["N/A"], "otherLocale": ["N/A"], "metadataProfile": ["N/A"], "metadataLinkage": ["N/A"], "metadataIdentifier": ["N/A"], "environmentDescription": ["N/A"], "contentInfo": ["N/A"], "ResearchInfrastructure": ["LifeWatch"], "EssentialVariables": ["N/A"], "potentialTopics": ["N/A"]}