{"url": ["https://metadatacatalogue.lifewatch.eu:/geonetwork/api/records/oai:marineinfo.org:id:dataset:5080"], "name": ["Distribution and community structure of benthic copepods in the Delta area and the Ems-Dollard between 1976 and 1981"], "description": ["Frequency, density and biomass of copepoda speciesfor several stations in the Oosterschelde, Grevelingen and the Eems-Dollardsampled between 1976 and 1983. The dataweredigitized by VLIZfrom the original report: Willems, K.A. (1989). Verspreiding, ecologie en gemeenschapsstructuur van benthische copepoden in het Delta-gebied en de Eems-Dollard(Nederland). PhD Thesis. Rijksuniversiteit Gent, Faculteitder Wetenschappen: Gent. 2 vol. (440, 198) pp."], "datePublished": ["2021-12-02"], "language": ["en"], "creator": ["\u00c2\u00a0Universiteit Gent; FaculteitWetenschappen "], "metadataProvider": ["\u00c2\u00a0Flanders Marine Institute(VLIZ) BEhttps://www.vliz.be"], "contact": ["\u00c2\u00a0Vlaams Instituut voor de Zee BE "], "associatedParty": [" custodianSteward\u00c2\u00a0Vlaams Instituut voor de Zee BE "], "licenseInformation": [" Intellectual Rights This work is licensed under a Creative Commons Attribution (CC-BY) 4.0 License .\u00c2\u00a0 "], "downloadLink": ["https://metadatacatalogue.lifewatch.eu:/srv/eng/catalog.search#/metadata/oai:marineinfo.org:id:dataset:5080"], "keywords": ["Benthic communitystructure Distribution Frequency"], "geographicCoverage": ["Geographic Description ANE, Ems-DollardEstuary"], "westBoundingCoordinate": ["3.317222"], "eastBoundingCoordinate": ["7.188447"], "northBoundingCoordinate": ["53.481966"], "southBoundingCoordinate": ["51.396197973268"], "dateCreated": ["1976-08-02"], "temporalCoverageEndDate": ["1983-09-01"], "license": ["N/A"], "distribution": ["N/A"], "distributionInfo": ["N/A"], "identifier": ["https://metadatacatalogue.lifewatch.eu:/srv/eng/catalog.search#/metadata/oai:marineinfo.org:id:dataset:5080"], "accessibilitySummary": ["N/A"], "version": ["N/A"], "temporalCoverage": ["N/A"], "publisher": ["N/A"], "spatial": ["N/A"], "citation": ["N/A"], "genre": ["N/A"], "modificationDate": ["2021-12-02"], "image": ["N/A"], "thumbnailUrl": ["N/A"], "headline": ["Distribution and community structure of benthic copepods in the Delta area and the Ems-Dollard between 1976 and 1981"], "abstract": ["Frequency, density and biomass of copepoda speciesfor several stations in the Oosterschelde, Grevelingen and the Eems-Dollardsampled between 1976 and 1983. The dataweredigitized by VLIZfrom the original report: Willems, K.A. (1989). Verspreiding, ecologie en gemeenschapsstructuur van benthische copepoden in het Delta-gebied en de Eems-Dollard(Nederland). PhD Thesis. Rijksuniversiteit Gent, Faculteitder Wetenschappen: Gent. 2 vol. (440, 198) pp."], "theme": ["N/A"], "creditText": ["N/A"], "producer": ["\u00c2\u00a0Universiteit Gent; FaculteitWetenschappen "], "author": ["\u00c2\u00a0Universiteit Gent; FaculteitWetenschappen "], "spatialCoverage": [" Ems-DollardEstuary"], "sponsor": ["N/A"], "size": ["N/A"], "sameAs": ["N/A"], "publication": ["N/A"], "provider": ["\u00c2\u00a0Universiteit Gent; FaculteitWetenschappen "], "position": ["N/A"], "measurementTechnique": ["N/A"], "material": ["N/A"], "maintainer": ["N/A"], "locationCreated": ["N/A"], "issn": ["N/A"], "isPartOf": ["N/A"], "isBasedOn": ["N/A"], "isAccessibleForFree": ["N/A"], "includedInDataCatalog": ["N/A"], "editor": ["N/A"], "editEIDR": ["N/A"], "copyrightYear": ["N/A"], "copyrightNotice": ["N/A"], "copyrightHolder": ["N/A"], "contributor": ["N/A"], "contentReferenceTime": ["N/A"], "contentLocation": ["N/A"], "character": ["N/A"], "acquireLicensePage": ["N/A"], "accessModeSufficient": ["N/A"], "about": ["N/A"], "rights": ["N/A"], "relation": ["N/A"], "qualifiedRelation": ["N/A"], "qualifiedAttribution": ["N/A"], "previousVersion": ["N/A"], "nextVersion": ["N/A"], "landingPage": ["N/A"], "isReferencedBy": ["N/A"], "hasVersion": ["N/A"], "hasPolicy": ["N/A"], "hasCurrentVersion": ["N/A"], "useConstraints": ["N/A"], "status": ["N/A"], "spatialRepresentationType": ["N/A"], "scope": ["N/A"], "purpose": ["N/A"], "otherLocale": ["N/A"], "metadataProfile": ["N/A"], "metadataLinkage": ["N/A"], "metadataIdentifier": ["N/A"], "environmentDescription": ["N/A"], "contentInfo": ["N/A"], "ResearchInfrastructure": ["LifeWatch"], "EssentialVariables": ["N/A"], "potentialTopics": ["N/A"]}