{"url": ["https://metadatacatalogue.lifewatch.eu:/geonetwork/api/records/oai:marineinfo.org:id:dataset:2327"], "name": ["PANGAEA - Data from the Skagerrak experiment (SKAGEX)"], "description": ["A joint international investigation in the Skagerrak area, the Skagerrak Experiment (SKAGEX) was carried out from spring1990 to spring 1991. Four field phases(SKAGEX I-IV) were carried out, and 17 research ships from 7 countries participated."], "datePublished": ["2021-12-02"], "language": ["en"], "creator": ["\u00c2\u00a0International Council for the Exploration of theSea DK "], "metadataProvider": ["\u00c2\u00a0Flanders Marine Institute(VLIZ) BEhttps://www.vliz.be"], "contact": ["\u00c2\u00a0Flanders Marine Institute(VLIZ) BEhttps://www.vliz.be"], "associatedParty": [" custodianSteward\u00c2\u00a0International Council for the Exploration of theSea DK "], "licenseInformation": [" Intellectual Rights This work is licensed under a Creative Commons Attribution (CC-BY) 4.0 License .\u00c2\u00a0 "], "downloadLink": ["https://metadatacatalogue.lifewatch.eu:/srv/eng/catalog.search#/metadata/oai:marineinfo.org:id:dataset:2327"], "keywords": ["Phytoplankton Zooplankton"], "geographicCoverage": ["Geographic Description ANE, Skagerrak"], "westBoundingCoordinate": ["6.9833"], "eastBoundingCoordinate": ["11.525"], "northBoundingCoordinate": ["59.0083"], "southBoundingCoordinate": ["56.7"], "dateCreated": ["1991-01-01"], "temporalCoverageEndDate": ["1992-01-01"], "license": ["N/A"], "distribution": ["N/A"], "distributionInfo": ["N/A"], "identifier": ["https://metadatacatalogue.lifewatch.eu:/srv/eng/catalog.search#/metadata/oai:marineinfo.org:id:dataset:2327"], "accessibilitySummary": ["N/A"], "version": ["N/A"], "temporalCoverage": ["N/A"], "publisher": ["N/A"], "spatial": ["N/A"], "citation": ["N/A"], "genre": ["N/A"], "modificationDate": ["2021-12-02"], "image": ["N/A"], "thumbnailUrl": ["N/A"], "headline": ["PANGAEA - Data from the Skagerrak experiment (SKAGEX)"], "abstract": ["A joint international investigation in the Skagerrak area, the Skagerrak Experiment (SKAGEX) was carried out from spring1990 to spring 1991. Four field phases(SKAGEX I-IV) were carried out, and 17 research ships from 7 countries participated."], "theme": ["N/A"], "creditText": ["N/A"], "producer": ["\u00c2\u00a0International Council for the Exploration of theSea DK "], "author": ["\u00c2\u00a0International Council for the Exploration of theSea DK "], "spatialCoverage": [" Skagerrak"], "sponsor": ["N/A"], "size": ["N/A"], "sameAs": ["N/A"], "publication": ["N/A"], "provider": ["\u00c2\u00a0International Council for the Exploration of theSea DK "], "position": ["N/A"], "measurementTechnique": ["N/A"], "material": ["N/A"], "maintainer": ["N/A"], "locationCreated": ["N/A"], "issn": ["N/A"], "isPartOf": ["N/A"], "isBasedOn": ["N/A"], "isAccessibleForFree": ["N/A"], "includedInDataCatalog": ["N/A"], "editor": ["N/A"], "editEIDR": ["N/A"], "copyrightYear": ["N/A"], "copyrightNotice": ["N/A"], "copyrightHolder": ["N/A"], "contributor": ["N/A"], "contentReferenceTime": ["N/A"], "contentLocation": ["N/A"], "character": ["N/A"], "acquireLicensePage": ["N/A"], "accessModeSufficient": ["N/A"], "about": ["N/A"], "rights": ["N/A"], "relation": ["N/A"], "qualifiedRelation": ["N/A"], "qualifiedAttribution": ["N/A"], "previousVersion": ["N/A"], "nextVersion": ["N/A"], "landingPage": ["N/A"], "isReferencedBy": ["N/A"], "hasVersion": ["N/A"], "hasPolicy": ["N/A"], "hasCurrentVersion": ["N/A"], "useConstraints": ["N/A"], "status": ["N/A"], "spatialRepresentationType": ["N/A"], "scope": ["N/A"], "purpose": ["N/A"], "otherLocale": ["N/A"], "metadataProfile": ["N/A"], "metadataLinkage": ["N/A"], "metadataIdentifier": ["N/A"], "environmentDescription": ["N/A"], "contentInfo": ["N/A"], "ResearchInfrastructure": ["LifeWatch"], "EssentialVariables": ["N/A"], "potentialTopics": ["N/A"]}