{"url": ["https://metadatacatalogue.lifewatch.eu:/geonetwork/api/records/oai:marineinfo.org:id:dataset:5740"], "name": ["Microphytobenthos in mussel farms - North Adriatic Sea (SosteMiTS Project) 2008-2009"], "description": ["Microphytobenthos collected near mussel farm activities in the Gulf ofTrieste - North AdriaticSea in the framework of SosteMiTS Project financed by FriuliVenezia Giulia Region. Data collected in 2008-2009."], "datePublished": ["2021-12-02"], "language": ["en"], "creator": ["\u00c2\u00a0National Institute of Oceanography andExperimentalGeophysics- Tamara Cibic "], "metadataProvider": ["\u00c2\u00a0Flanders Marine Institute(VLIZ) BEhttps://www.vliz.be"], "contact": ["\u00c2\u00a0National Institute of Oceanography andExperimentalGeophysics- Tamara Cibic "], "associatedParty": ["N/A"], "licenseInformation": [" Intellectual Rights This work is licensed under a Creative Commons Attribution NonCommercial (CC-BY-NC) 4.0 License .\u00c2\u00a0 "], "downloadLink": ["https://metadatacatalogue.lifewatch.eu:/srv/eng/catalog.search#/metadata/oai:marineinfo.org:id:dataset:5740"], "keywords": ["N/A"], "geographicCoverage": ["Geographic Description EurOBIS calculated BBOX > station Bounding Box Bounding Box West Bounding Coordinate 13.6437 East Bounding Coordinate 13.6517 North Bounding Coordinate 45.752 South Bounding Coordinate 45.747"], "westBoundingCoordinate": ["13.6437"], "eastBoundingCoordinate": ["13.6517"], "northBoundingCoordinate": ["45.752"], "southBoundingCoordinate": ["45.747"], "dateCreated": ["2008-05-13"], "temporalCoverageEndDate": ["2009-01-19"], "license": ["http://nodc.ogs.trieste.it/nodc/metadata/doidetails?doi=10.6092/e4514d08-2159-46ac-bcb9-6cb9cb376005"], "distribution": ["http://nodc.ogs.trieste.it/nodc/metadata/doidetails?doi=10.6092/e4514d08-2159-46ac-bcb9-6cb9cb376005"], "distributionInfo": ["http://nodc.ogs.trieste.it/nodc/metadata/doidetails?doi=10.6092/e4514d08-2159-46ac-bcb9-6cb9cb376005"], "identifier": ["https://metadatacatalogue.lifewatch.eu:/srv/eng/catalog.search#/metadata/oai:marineinfo.org:id:dataset:5740"], "accessibilitySummary": ["N/A"], "version": ["N/A"], "temporalCoverage": ["N/A"], "publisher": ["N/A"], "spatial": ["N/A"], "citation": ["N/A"], "genre": ["N/A"], "modificationDate": ["2021-12-02"], "image": ["N/A"], "thumbnailUrl": ["N/A"], "headline": ["Microphytobenthos in mussel farms - North Adriatic Sea (SosteMiTS Project) 2008-2009"], "abstract": ["Microphytobenthos collected near mussel farm activities in the Gulf ofTrieste - North AdriaticSea in the framework of SosteMiTS Project financed by FriuliVenezia Giulia Region. Data collected in 2008-2009."], "theme": ["N/A"], "creditText": ["N/A"], "producer": ["\u00c2\u00a0National Institute of Oceanography andExperimentalGeophysics- Tamara Cibic "], "author": ["\u00c2\u00a0National Institute of Oceanography andExperimentalGeophysics- Tamara Cibic "], "spatialCoverage": [" calculated BBOX > station Bounding Box Bounding Box West Bounding Coordinate 13.6437 East Bounding Coordinate 13.6517 North Bounding Coordinate 45.752 South Bounding Coordinate 45.747"], "sponsor": ["N/A"], "size": ["N/A"], "sameAs": ["N/A"], "publication": ["N/A"], "provider": ["\u00c2\u00a0National Institute of Oceanography andExperimentalGeophysics- Tamara Cibic "], "position": ["N/A"], "measurementTechnique": ["N/A"], "material": ["N/A"], "maintainer": ["N/A"], "locationCreated": ["N/A"], "issn": ["N/A"], "isPartOf": ["N/A"], "isBasedOn": ["N/A"], "isAccessibleForFree": ["N/A"], "includedInDataCatalog": ["N/A"], "editor": ["N/A"], "editEIDR": ["N/A"], "copyrightYear": ["N/A"], "copyrightNotice": ["N/A"], "copyrightHolder": ["N/A"], "contributor": ["N/A"], "contentReferenceTime": ["N/A"], "contentLocation": ["N/A"], "character": ["N/A"], "acquireLicensePage": ["N/A"], "accessModeSufficient": ["N/A"], "about": ["N/A"], "rights": ["N/A"], "relation": ["N/A"], "qualifiedRelation": ["N/A"], "qualifiedAttribution": ["N/A"], "previousVersion": ["N/A"], "nextVersion": ["N/A"], "landingPage": ["N/A"], "isReferencedBy": ["N/A"], "hasVersion": ["N/A"], "hasPolicy": ["N/A"], "hasCurrentVersion": ["N/A"], "useConstraints": ["N/A"], "status": ["N/A"], "spatialRepresentationType": ["N/A"], "scope": ["N/A"], "purpose": ["N/A"], "otherLocale": ["N/A"], "metadataProfile": ["N/A"], "metadataLinkage": ["N/A"], "metadataIdentifier": ["N/A"], "environmentDescription": ["N/A"], "contentInfo": ["N/A"], "ResearchInfrastructure": ["LifeWatch"], "EssentialVariables": ["N/A"], "potentialTopics": ["N/A"]}