{"url": ["https://metadatacatalogue.lifewatch.eu:/geonetwork/api/records/oai:marineinfo.org:id:dataset:6451"], "name": ["Macrobenthos Data from Shoreham, the Tyne and the Thames Estuaries, UK, 2000 to 2006"], "description": ["These data describe counts of macrobenthic infauna (with associated stationmetadata) taken from sedimentsamplescollected at sites in the Tyne,Thames and Shoreham, UK from 2000 to2006. For selected samples, wet biomass data is also included per taxon. The samples from the Shoreham site were collected across an aggregate extractionarea over 4 years withthe aim to test several habitat mapping techniques by documenting the presence of different faunal levelsacross the area. The samples collected at the Tyne and Thames were initiated at former sewage sludge disposal sites. Cefas conducted annual sampling in these areas during and post cessation of sewage disposal after January 1999 to monitor the benthic macrofaunacommunity."], "datePublished": ["2021-12-02"], "language": ["en"], "creator": ["\u00c2\u00a0Centre for Environment,Fisheries and AquacultureScience- Stefan Bolam "], "metadataProvider": ["\u00c2\u00a0Flanders Marine Institute(VLIZ) BEhttps://www.vliz.be"], "contact": ["\u00c2\u00a0Flanders Marine Institute(VLIZ) BEhttps://www.vliz.be"], "associatedParty": ["N/A"], "licenseInformation": [" Intellectual Rights This work is licensed under a Creative Commons Attribution (CC-BY) 4.0 License .\u00c2\u00a0 "], "downloadLink": ["https://metadatacatalogue.lifewatch.eu:/geonetwork/eng/catalog.search#/metadata/oai:marineinfo.org:id:dataset:6451"], "keywords": ["Abundance"], "geographicCoverage": ["Geographic Description ANE, NorthSea Bounding Box West Bounding Coordinate -2.197 East Bounding Coordinate 1.494 North Bounding Coordinate 55.578 South Bounding Coordinate 50.485"], "westBoundingCoordinate": ["-2.197"], "eastBoundingCoordinate": ["1.494"], "northBoundingCoordinate": ["55.578"], "southBoundingCoordinate": ["50.485"], "dateCreated": ["2000-05-15"], "temporalCoverageEndDate": ["2006-04-24"], "license": ["N/A"], "distribution": ["N/A"], "distributionInfo": ["N/A"], "identifier": ["https://metadatacatalogue.lifewatch.eu:/geonetwork/eng/catalog.search#/metadata/oai:marineinfo.org:id:dataset:6451"], "accessibilitySummary": ["N/A"], "version": ["N/A"], "temporalCoverage": ["N/A"], "publisher": ["N/A"], "spatial": ["N/A"], "citation": ["N/A"], "genre": ["N/A"], "modificationDate": ["2021-12-02"], "image": ["N/A"], "thumbnailUrl": ["N/A"], "headline": ["Macrobenthos Data from Shoreham, the Tyne and the Thames Estuaries, UK, 2000 to 2006"], "abstract": ["These data describe counts of macrobenthic infauna (with associated stationmetadata) taken from sedimentsamplescollected at sites in the Tyne,Thames and Shoreham, UK from 2000 to2006. For selected samples, wet biomass data is also included per taxon. The samples from the Shoreham site were collected across an aggregate extractionarea over 4 years withthe aim to test several habitat mapping techniques by documenting the presence of different faunal levelsacross the area. The samples collected at the Tyne and Thames were initiated at former sewage sludge disposal sites. Cefas conducted annual sampling in these areas during and post cessation of sewage disposal after January 1999 to monitor the benthic macrofaunacommunity."], "theme": ["N/A"], "creditText": ["N/A"], "producer": ["\u00c2\u00a0Centre for Environment,Fisheries and AquacultureScience- Stefan Bolam "], "author": ["\u00c2\u00a0Centre for Environment,Fisheries and AquacultureScience- Stefan Bolam "], "spatialCoverage": [" NorthSea Bounding Box West Bounding Coordinate -2.197 East Bounding Coordinate 1.494 North Bounding Coordinate 55.578 South Bounding Coordinate 50.485"], "sponsor": ["N/A"], "size": ["N/A"], "sameAs": ["N/A"], "publication": ["N/A"], "provider": ["\u00c2\u00a0Centre for Environment,Fisheries and AquacultureScience- Stefan Bolam "], "position": ["N/A"], "measurementTechnique": ["N/A"], "material": ["N/A"], "maintainer": ["N/A"], "locationCreated": ["N/A"], "issn": ["N/A"], "isPartOf": ["N/A"], "isBasedOn": ["N/A"], "isAccessibleForFree": ["N/A"], "includedInDataCatalog": ["N/A"], "editor": ["N/A"], "editEIDR": ["N/A"], "copyrightYear": ["N/A"], "copyrightNotice": ["N/A"], "copyrightHolder": ["N/A"], "contributor": ["N/A"], "contentReferenceTime": ["N/A"], "contentLocation": ["N/A"], "character": ["N/A"], "acquireLicensePage": ["N/A"], "accessModeSufficient": ["N/A"], "about": ["N/A"], "rights": ["N/A"], "relation": ["N/A"], "qualifiedRelation": ["N/A"], "qualifiedAttribution": ["N/A"], "previousVersion": ["N/A"], "nextVersion": ["N/A"], "landingPage": ["N/A"], "isReferencedBy": ["N/A"], "hasVersion": ["N/A"], "hasPolicy": ["N/A"], "hasCurrentVersion": ["N/A"], "useConstraints": ["N/A"], "status": ["N/A"], "spatialRepresentationType": ["N/A"], "scope": ["N/A"], "purpose": ["N/A"], "otherLocale": ["N/A"], "metadataProfile": ["N/A"], "metadataLinkage": ["N/A"], "metadataIdentifier": ["N/A"], "environmentDescription": ["N/A"], "contentInfo": ["N/A"], "ResearchInfrastructure": ["LifeWatch"], "EssentialVariables": ["N/A"], "potentialTopics": ["N/A"]}