{"url": ["https://metadatacatalogue.lifewatch.eu:/geonetwork/api/records/oai:marineinfo.org:id:dataset:5078"], "name": ["Zooplankton counts measured at the West-Hinder in 1902"], "description": ["This dataset is part of the historic monitoring campaign onboard of the lightshipWest-Hinder. Temperature, salinity & alkalinity weremeasured daily. At thesame time plankton samples were taken. The presences/absences for planktonsamples were recovered by ICES.Thequantitative data could not be found, but zooplankton counts for 1902 were published in Van Meel 1975. La Mer duNordm\u00c3\u00a9ridionale, le Pas-de-Calais et la Manche: essai d'\u00c3\u00a9cologiemarine, principalement en ce qui concernelemicroplancton: II. Etude planctonique.Data were digitized by VLIZin the frame of the LifeWatchproject."], "datePublished": ["2021-12-02"], "language": ["en"], "creator": ["\u00c2\u00a0Gustave Gilson "], "metadataProvider": ["\u00c2\u00a0Flanders Marine Institute(VLIZ) BEhttps://www.vliz.be"], "contact": ["\u00c2\u00a0Vlaams Instituut voor de Zee BE "], "associatedParty": [" contentProvider\u00c2\u00a0Koninklijk Belgisch InstituutvoorNatuurwetenschappen- Ludo Van Meel "], "licenseInformation": [" Intellectual Rights This work is licensed under a Creative Commons Attribution (CC-BY) 4.0 License .\u00c2\u00a0 "], "downloadLink": ["https://metadatacatalogue.lifewatch.eu:/srv/eng/catalog.search#/metadata/oai:marineinfo.org:id:dataset:5078"], "keywords": ["West-Hinder Zooplankton species"], "geographicCoverage": ["Geographic Description ANE, Belgium, Belgian Continental Shelf (BCS)"], "westBoundingCoordinate": ["2.43"], "eastBoundingCoordinate": ["2.43"], "northBoundingCoordinate": ["51.37"], "southBoundingCoordinate": ["51.37"], "dateCreated": ["1902-03-17"], "temporalCoverageEndDate": ["1903-01-16"], "license": ["N/A"], "distribution": ["N/A"], "distributionInfo": ["N/A"], "identifier": ["https://metadatacatalogue.lifewatch.eu:/srv/eng/catalog.search#/metadata/oai:marineinfo.org:id:dataset:5078"], "accessibilitySummary": ["N/A"], "version": ["N/A"], "temporalCoverage": ["N/A"], "publisher": ["N/A"], "spatial": ["N/A"], "citation": ["N/A"], "genre": ["N/A"], "modificationDate": ["2021-12-02"], "image": ["N/A"], "thumbnailUrl": ["N/A"], "headline": ["Zooplankton counts measured at the West-Hinder in 1902"], "abstract": ["This dataset is part of the historic monitoring campaign onboard of the lightshipWest-Hinder. Temperature, salinity & alkalinity weremeasured daily. At thesame time plankton samples were taken. The presences/absences for planktonsamples were recovered by ICES.Thequantitative data could not be found, but zooplankton counts for 1902 were published in Van Meel 1975. La Mer duNordm\u00c3\u00a9ridionale, le Pas-de-Calais et la Manche: essai d'\u00c3\u00a9cologiemarine, principalement en ce qui concernelemicroplancton: II. Etude planctonique.Data were digitized by VLIZin the frame of the LifeWatchproject."], "theme": ["N/A"], "creditText": ["N/A"], "producer": ["\u00c2\u00a0Gustave Gilson "], "author": ["\u00c2\u00a0Gustave Gilson "], "spatialCoverage": [" Belgium Belgian Continental Shelf (BCS)"], "sponsor": ["N/A"], "size": ["N/A"], "sameAs": ["N/A"], "publication": ["N/A"], "provider": ["\u00c2\u00a0Gustave Gilson "], "position": ["N/A"], "measurementTechnique": ["N/A"], "material": ["N/A"], "maintainer": ["N/A"], "locationCreated": ["N/A"], "issn": ["N/A"], "isPartOf": ["N/A"], "isBasedOn": ["N/A"], "isAccessibleForFree": ["N/A"], "includedInDataCatalog": ["N/A"], "editor": ["N/A"], "editEIDR": ["N/A"], "copyrightYear": ["N/A"], "copyrightNotice": ["N/A"], "copyrightHolder": ["N/A"], "contributor": ["N/A"], "contentReferenceTime": ["N/A"], "contentLocation": ["N/A"], "character": ["N/A"], "acquireLicensePage": ["N/A"], "accessModeSufficient": ["N/A"], "about": ["N/A"], "rights": ["N/A"], "relation": ["N/A"], "qualifiedRelation": ["N/A"], "qualifiedAttribution": ["N/A"], "previousVersion": ["N/A"], "nextVersion": ["N/A"], "landingPage": ["N/A"], "isReferencedBy": ["N/A"], "hasVersion": ["N/A"], "hasPolicy": ["N/A"], "hasCurrentVersion": ["N/A"], "useConstraints": ["N/A"], "status": ["N/A"], "spatialRepresentationType": ["N/A"], "scope": ["N/A"], "purpose": ["N/A"], "otherLocale": ["N/A"], "metadataProfile": ["N/A"], "metadataLinkage": ["N/A"], "metadataIdentifier": ["N/A"], "environmentDescription": ["N/A"], "contentInfo": ["N/A"], "ResearchInfrastructure": ["LifeWatch"], "EssentialVariables": ["N/A"], "potentialTopics": ["N/A"]}