{"url": ["https://metadatacatalogue.lifewatch.eu:/geonetwork/api/records/oai:marineinfo.org:id:dataset:693"], "name": ["Meiofauna from Kongsfjord (Spitsbergen Arctic)"], "description": ["This dataset was compiled to describetheintertidal meiobenthic community of Kongsfjorden and to better understand the relationship between the horizontal and verticaldistribution of meiofaunawith a special focus on nematodes and environmentalfeatures"], "datePublished": ["2021-12-02"], "language": ["en"], "creator": ["\u00c2\u00a0Polish Academy of SciencesInstitute of Oceanology PL "], "metadataProvider": ["\u00c2\u00a0Flanders Marine Institute(VLIZ) BEhttps://www.vliz.be"], "contact": ["\u00c2\u00a0Sea Fisheries Institute in Gdynia- Basia Urban-Malinga "], "associatedParty": ["N/A"], "licenseInformation": [" Intellectual Rights This work is licensed under a Creative Commons Attribution (CC-BY) 4.0 License .\u00c2\u00a0 "], "downloadLink": ["https://metadatacatalogue.lifewatch.eu:/srv/eng/catalog.search#/metadata/oai:marineinfo.org:id:dataset:693"], "keywords": ["Data Horizontal distribution Intertidal environment Marine Genomics Meiobenthos Meiofauna Vertical distribution"], "geographicCoverage": ["Geographic Description EurOBIS calculated BBOX > station Bounding Box Bounding Box West Bounding Coordinate 12.03361 East Bounding Coordinate 12.3975 North Bounding Coordinate 79.02 South Bounding Coordinate 78.88833"], "westBoundingCoordinate": ["12.03361"], "eastBoundingCoordinate": ["12.3975"], "northBoundingCoordinate": ["79.02"], "southBoundingCoordinate": ["78.88833"], "dateCreated": ["N/A"], "temporalCoverageEndDate": ["N/A"], "license": ["N/A"], "distribution": ["N/A"], "distributionInfo": ["N/A"], "identifier": ["https://metadatacatalogue.lifewatch.eu:/srv/eng/catalog.search#/metadata/oai:marineinfo.org:id:dataset:693"], "accessibilitySummary": ["N/A"], "version": ["N/A"], "temporalCoverage": ["N/A"], "publisher": ["N/A"], "spatial": ["N/A"], "citation": ["N/A"], "genre": ["N/A"], "modificationDate": ["2021-12-02"], "image": ["N/A"], "thumbnailUrl": ["N/A"], "headline": ["Meiofauna from Kongsfjord (Spitsbergen Arctic)"], "abstract": ["This dataset was compiled to describetheintertidal meiobenthic community of Kongsfjorden and to better understand the relationship between the horizontal and verticaldistribution of meiofaunawith a special focus on nematodes and environmentalfeatures"], "theme": ["N/A"], "creditText": ["N/A"], "producer": ["\u00c2\u00a0Polish Academy of SciencesInstitute of Oceanology PL "], "author": ["\u00c2\u00a0Polish Academy of SciencesInstitute of Oceanology PL "], "spatialCoverage": [" calculated BBOX > station Bounding Box Bounding Box West Bounding Coordinate 12.03361 East Bounding Coordinate 12.3975 North Bounding Coordinate 79.02 South Bounding Coordinate 78.88833"], "sponsor": ["N/A"], "size": ["N/A"], "sameAs": ["N/A"], "publication": ["N/A"], "provider": ["\u00c2\u00a0Polish Academy of SciencesInstitute of Oceanology PL "], "position": ["N/A"], "measurementTechnique": ["N/A"], "material": ["N/A"], "maintainer": ["N/A"], "locationCreated": ["N/A"], "issn": ["N/A"], "isPartOf": ["N/A"], "isBasedOn": ["N/A"], "isAccessibleForFree": ["N/A"], "includedInDataCatalog": ["N/A"], "editor": ["N/A"], "editEIDR": ["N/A"], "copyrightYear": ["N/A"], "copyrightNotice": ["N/A"], "copyrightHolder": ["N/A"], "contributor": ["N/A"], "contentReferenceTime": ["N/A"], "contentLocation": ["N/A"], "character": ["N/A"], "acquireLicensePage": ["N/A"], "accessModeSufficient": ["N/A"], "about": ["N/A"], "rights": ["N/A"], "relation": ["N/A"], "qualifiedRelation": ["N/A"], "qualifiedAttribution": ["N/A"], "previousVersion": ["N/A"], "nextVersion": ["N/A"], "landingPage": ["N/A"], "isReferencedBy": ["N/A"], "hasVersion": ["N/A"], "hasPolicy": ["N/A"], "hasCurrentVersion": ["N/A"], "useConstraints": ["N/A"], "status": ["N/A"], "spatialRepresentationType": ["N/A"], "scope": ["N/A"], "purpose": ["N/A"], "otherLocale": ["N/A"], "metadataProfile": ["N/A"], "metadataLinkage": ["N/A"], "metadataIdentifier": ["N/A"], "environmentDescription": ["N/A"], "contentInfo": ["N/A"], "ResearchInfrastructure": ["LifeWatch"], "EssentialVariables": ["N/A"], "potentialTopics": ["N/A"]}