{"url": ["https://metadatacatalogue.lifewatch.eu:/srv/api/records/oai:marineinfo.org:id:dataset:153"], "name": ["Characterisation of the habitat of the Flemish banks, the maritime country banks and of the hinder banks on the basis of the hyper benthos communities"], "description": ["The hyperbenthic community of subtidal sandbanks is described (density, species composition) and related to abiotic variables in order to get an idea about the habitats and thebiota of the sandbanks."], "datePublished": ["2021-12-02"], "language": ["en"], "creator": ["\u00c2\u00a0Universiteit Gent; Faculteit Wetenschappen; Vakgroep Biologie; Onderzoeksgroep Mariene Biologie- Andr\u00c3\u00a9 Cattrijsse "], "metadataProvider": ["\u00c2\u00a0Flanders Marine Institute(VLIZ) BEhttps://www.vliz.be"], "contact": ["\u00c2\u00a0Universiteit Gent; Faculteit Wetenschappen; Vakgroep Biologie; Onderzoeksgroep Mariene Biologie- Andr\u00c3\u00a9 Cattrijsse "], "associatedParty": ["N/A"], "licenseInformation": [" Intellectual Rights This work is licensed under a Creative Commons Attribution (CC-BY) 4.0 License .\u00c2\u00a0 "], "downloadLink": ["https://metadatacatalogue.lifewatch.eu:/srv/eng/catalog.search#/metadata/oai:marineinfo.org:id:dataset:153"], "keywords": ["Benthic communities Ecosystem functioning Habitat Hyperbenthos Sand banks"], "geographicCoverage": ["Geographic Description ANE, Belgium, Belgian Continental Shelf (BCS)"], "westBoundingCoordinate": ["2.600800037384"], "eastBoundingCoordinate": ["2.9842000007629"], "northBoundingCoordinate": ["51.5910987854"], "southBoundingCoordinate": ["51.252498626709"], "dateCreated": ["1997-02-01"], "temporalCoverageEndDate": ["1998-10-01"], "license": ["N/A"], "distribution": ["N/A"], "distributionInfo": ["N/A"], "identifier": ["https://metadatacatalogue.lifewatch.eu:/srv/eng/catalog.search#/metadata/oai:marineinfo.org:id:dataset:153"], "accessibilitySummary": ["N/A"], "version": ["N/A"], "temporalCoverage": ["N/A"], "publisher": ["N/A"], "spatial": ["N/A"], "citation": ["N/A"], "genre": ["N/A"], "modificationDate": ["2021-12-02"], "image": ["N/A"], "thumbnailUrl": ["N/A"], "headline": ["Characterisation of the habitat of the Flemish banks, the maritime country banks and of the hinder banks on the basis of the hyper benthos communities"], "abstract": ["The hyperbenthic community of subtidal sandbanks is described (density, species composition) and related to abiotic variables in order to get an idea about the habitats and thebiota of the sandbanks."], "theme": ["N/A"], "creditText": ["N/A"], "producer": ["\u00c2\u00a0Universiteit Gent; Faculteit Wetenschappen; Vakgroep Biologie; Onderzoeksgroep Mariene Biologie- Andr\u00c3\u00a9 Cattrijsse "], "author": ["\u00c2\u00a0Universiteit Gent; Faculteit Wetenschappen; Vakgroep Biologie; Onderzoeksgroep Mariene Biologie- Andr\u00c3\u00a9 Cattrijsse "], "spatialCoverage": [" Belgium Belgian Continental Shelf (BCS)"], "sponsor": ["N/A"], "size": ["N/A"], "sameAs": ["N/A"], "publication": ["N/A"], "provider": ["\u00c2\u00a0Universiteit Gent; Faculteit Wetenschappen; Vakgroep Biologie; Onderzoeksgroep Mariene Biologie- Andr\u00c3\u00a9 Cattrijsse "], "position": ["N/A"], "measurementTechnique": ["N/A"], "material": ["N/A"], "maintainer": ["N/A"], "locationCreated": ["N/A"], "issn": ["N/A"], "isPartOf": ["N/A"], "isBasedOn": ["N/A"], "isAccessibleForFree": ["N/A"], "includedInDataCatalog": ["N/A"], "editor": ["N/A"], "editEIDR": ["N/A"], "copyrightYear": ["N/A"], "copyrightNotice": ["N/A"], "copyrightHolder": ["N/A"], "contributor": ["N/A"], "contentReferenceTime": ["N/A"], "contentLocation": ["N/A"], "character": ["N/A"], "acquireLicensePage": ["N/A"], "accessModeSufficient": ["N/A"], "about": ["N/A"], "rights": ["N/A"], "relation": ["N/A"], "qualifiedRelation": ["N/A"], "qualifiedAttribution": ["N/A"], "previousVersion": ["N/A"], "nextVersion": ["N/A"], "landingPage": ["N/A"], "isReferencedBy": ["N/A"], "hasVersion": ["N/A"], "hasPolicy": ["N/A"], "hasCurrentVersion": ["N/A"], "useConstraints": ["N/A"], "status": ["N/A"], "spatialRepresentationType": ["N/A"], "scope": ["N/A"], "purpose": ["N/A"], "otherLocale": ["N/A"], "metadataProfile": ["N/A"], "metadataLinkage": ["N/A"], "metadataIdentifier": ["N/A"], "environmentDescription": ["N/A"], "contentInfo": ["N/A"], "ResearchInfrastructure": ["LifeWatch"], "EssentialVariables": ["N/A"], "potentialTopics": ["N/A"]}