{"url": ["https://metadatacatalogue.lifewatch.eu:/geonetwork/api/records/oai:marineinfo.org:id:dataset:272"], "name": ["Environmental impact assessment of oil pollution accident in Gialova lagoon and Navarino Bay"], "description": ["Dataset results from nationalProject on the consequences of the NavarinoOil spill, in 1994."], "datePublished": ["2021-12-02"], "language": ["en"], "creator": ["\u00c2\u00a0Hellenic Centre for MarineResearch- Costas Dounas "], "metadataProvider": ["\u00c2\u00a0Flanders Marine Institute(VLIZ) BEhttps://www.vliz.be"], "contact": ["\u00c2\u00a0Hellenic Centre for MarineResearch- Christos Arvanitidis "], "associatedParty": ["N/A"], "licenseInformation": [" Intellectual Rights This work is licensed under a Creative Commons Attribution (CC-BY) 4.0 License .\u00c2\u00a0 "], "downloadLink": ["https://metadatacatalogue.lifewatch.eu:/srv/eng/catalog.search#/metadata/oai:marineinfo.org:id:dataset:272"], "keywords": ["Data Environmental assessment Fauna Ichthyofauna Macrofauna Marine Genomics Microbial loadings Oil pollution Ornithofauna Plankton"], "geographicCoverage": ["Geographic Description EurOBIS calculated BBOX > station Bounding Box Bounding Box West Bounding Coordinate 21.662016666667 East Bounding Coordinate 21.676883333333 North Bounding Coordinate 36.967783333333 South Bounding Coordinate 36.954183333333"], "westBoundingCoordinate": ["21.662016666667"], "eastBoundingCoordinate": ["21.676883333333"], "northBoundingCoordinate": ["36.967783333333"], "southBoundingCoordinate": ["36.954183333333"], "dateCreated": ["1995-05-27"], "temporalCoverageEndDate": ["1996-03-24"], "license": ["N/A"], "distribution": ["N/A"], "distributionInfo": ["N/A"], "identifier": ["https://metadatacatalogue.lifewatch.eu:/srv/eng/catalog.search#/metadata/oai:marineinfo.org:id:dataset:272"], "accessibilitySummary": ["N/A"], "version": ["N/A"], "temporalCoverage": ["N/A"], "publisher": ["N/A"], "spatial": ["N/A"], "citation": ["N/A"], "genre": ["N/A"], "modificationDate": ["2021-12-02"], "image": ["N/A"], "thumbnailUrl": ["N/A"], "headline": ["Environmental impact assessment of oil pollution accident in Gialova lagoon and Navarino Bay"], "abstract": ["Dataset results from nationalProject on the consequences of the NavarinoOil spill, in 1994."], "theme": ["N/A"], "creditText": ["N/A"], "producer": ["\u00c2\u00a0Hellenic Centre for MarineResearch- Costas Dounas "], "author": ["\u00c2\u00a0Hellenic Centre for MarineResearch- Costas Dounas "], "spatialCoverage": [" calculated BBOX > station Bounding Box Bounding Box West Bounding Coordinate 21.662016666667 East Bounding Coordinate 21.676883333333 North Bounding Coordinate 36.967783333333 South Bounding Coordinate 36.954183333333"], "sponsor": ["N/A"], "size": ["N/A"], "sameAs": ["N/A"], "publication": ["N/A"], "provider": ["\u00c2\u00a0Hellenic Centre for MarineResearch- Costas Dounas "], "position": ["N/A"], "measurementTechnique": ["N/A"], "material": ["N/A"], "maintainer": ["N/A"], "locationCreated": ["N/A"], "issn": ["N/A"], "isPartOf": ["N/A"], "isBasedOn": ["N/A"], "isAccessibleForFree": ["N/A"], "includedInDataCatalog": ["N/A"], "editor": ["N/A"], "editEIDR": ["N/A"], "copyrightYear": ["N/A"], "copyrightNotice": ["N/A"], "copyrightHolder": ["N/A"], "contributor": ["N/A"], "contentReferenceTime": ["N/A"], "contentLocation": ["N/A"], "character": ["N/A"], "acquireLicensePage": ["N/A"], "accessModeSufficient": ["N/A"], "about": ["N/A"], "rights": ["N/A"], "relation": ["N/A"], "qualifiedRelation": ["N/A"], "qualifiedAttribution": ["N/A"], "previousVersion": ["N/A"], "nextVersion": ["N/A"], "landingPage": ["N/A"], "isReferencedBy": ["N/A"], "hasVersion": ["N/A"], "hasPolicy": ["N/A"], "hasCurrentVersion": ["N/A"], "useConstraints": ["N/A"], "status": ["N/A"], "spatialRepresentationType": ["N/A"], "scope": ["N/A"], "purpose": ["N/A"], "otherLocale": ["N/A"], "metadataProfile": ["N/A"], "metadataLinkage": ["N/A"], "metadataIdentifier": ["N/A"], "environmentDescription": ["N/A"], "contentInfo": ["N/A"], "ResearchInfrastructure": ["LifeWatch"], "EssentialVariables": ["N/A"], "potentialTopics": ["N/A"]}