{"url": ["https://metadatacatalogue.lifewatch.eu:/geonetwork/api/records/oai:marineinfo.org:id:dataset:4580"], "name": ["Concentrations of phytoplankton, chlorophyll, POC, dry weight measurements and abiotic data in the surface water of Gazi creek (Kenya) sampled in August 1989"], "description": ["Data on concentrations of chlorophyll, phytoplankton, POC anddry weight measurements during three 24h-cycli at Gazi Creek in August 1989.Additionally tide, temperature, salinity and pH were measured.The data were digitized by VLIZ fromtheoriginal report: Aernaudts, H. (1990). Seston in mangroveecosysteem (Gazi, Kenia) = Seston in a mangrove ecosystem (Gazi, Kenya). MSc Thesis.VUB: Brussel. 52 pp."], "datePublished": ["2021-12-02"], "language": ["en"], "creator": ["\u00c2\u00a0Vrije Universiteit Brussel; Faculteit Wetenschappen;Vakgroep Biologie; Laboratorium voor Ecologie en Systematiek "], "metadataProvider": ["\u00c2\u00a0Flanders Marine Institute(VLIZ) BEhttps://www.vliz.be"], "contact": ["\u00c2\u00a0Vlaams Instituut voor de Zee BE "], "associatedParty": [" custodianSteward\u00c2\u00a0Vlaams Instituut voor de Zee BE "], "licenseInformation": [" Intellectual Rights This work is licensed under a Creative Commons Attribution (CC-BY) 4.0 License .\u00c2\u00a0 "], "downloadLink": ["https://metadatacatalogue.lifewatch.eu:/srv/eng/catalog.search#/metadata/oai:marineinfo.org:id:dataset:4580"], "keywords": ["Benthic diatoms Diatoms fresh water phytoplankton Mangroves Primary production Seston"], "geographicCoverage": ["Geographic Description ISW, Kenya, GaziCreek Bounding Box West Bounding Coordinate 39.5096723254 East Bounding Coordinate 39.5096723254 North Bounding Coordinate -4.44046183011 South Bounding Coordinate -4.44046183011"], "westBoundingCoordinate": ["39.5096723254"], "eastBoundingCoordinate": ["39.5096723254"], "northBoundingCoordinate": ["-4.44046183011"], "southBoundingCoordinate": ["-4.44046183011"], "dateCreated": ["1989-08-08"], "temporalCoverageEndDate": ["1989-08-25"], "license": ["N/A"], "distribution": ["N/A"], "distributionInfo": ["N/A"], "identifier": ["https://metadatacatalogue.lifewatch.eu:/srv/eng/catalog.search#/metadata/oai:marineinfo.org:id:dataset:4580"], "accessibilitySummary": ["N/A"], "version": ["N/A"], "temporalCoverage": ["N/A"], "publisher": ["N/A"], "spatial": ["N/A"], "citation": ["N/A"], "genre": ["N/A"], "modificationDate": ["2021-12-02"], "image": ["N/A"], "thumbnailUrl": ["N/A"], "headline": ["Concentrations of phytoplankton, chlorophyll, POC, dry weight measurements and abiotic data in the surface water of Gazi creek (Kenya) sampled in August 1989"], "abstract": ["Data on concentrations of chlorophyll, phytoplankton, POC anddry weight measurements during three 24h-cycli at Gazi Creek in August 1989.Additionally tide, temperature, salinity and pH were measured.The data were digitized by VLIZ fromtheoriginal report: Aernaudts, H. (1990). Seston in mangroveecosysteem (Gazi, Kenia) = Seston in a mangrove ecosystem (Gazi, Kenya). MSc Thesis.VUB: Brussel. 52 pp."], "theme": ["N/A"], "creditText": ["N/A"], "producer": ["\u00c2\u00a0Vrije Universiteit Brussel; Faculteit Wetenschappen;Vakgroep Biologie; Laboratorium voor Ecologie en Systematiek "], "author": ["\u00c2\u00a0Vrije Universiteit Brussel; Faculteit Wetenschappen;Vakgroep Biologie; Laboratorium voor Ecologie en Systematiek "], "spatialCoverage": [" Kenya GaziCreek Bounding Box West Bounding Coordinate 39.5096723254 East Bounding Coordinate 39.5096723254 North Bounding Coordinate -4.44046183011 South Bounding Coordinate -4.44046183011"], "sponsor": ["N/A"], "size": ["N/A"], "sameAs": ["N/A"], "publication": ["N/A"], "provider": ["\u00c2\u00a0Vrije Universiteit Brussel; Faculteit Wetenschappen;Vakgroep Biologie; Laboratorium voor Ecologie en Systematiek "], "position": ["N/A"], "measurementTechnique": ["N/A"], "material": ["N/A"], "maintainer": ["N/A"], "locationCreated": ["N/A"], "issn": ["N/A"], "isPartOf": ["N/A"], "isBasedOn": ["N/A"], "isAccessibleForFree": ["N/A"], "includedInDataCatalog": ["N/A"], "editor": ["N/A"], "editEIDR": ["N/A"], "copyrightYear": ["N/A"], "copyrightNotice": ["N/A"], "copyrightHolder": ["N/A"], "contributor": ["N/A"], "contentReferenceTime": ["N/A"], "contentLocation": ["N/A"], "character": ["N/A"], "acquireLicensePage": ["N/A"], "accessModeSufficient": ["N/A"], "about": ["N/A"], "rights": ["N/A"], "relation": ["N/A"], "qualifiedRelation": ["N/A"], "qualifiedAttribution": ["N/A"], "previousVersion": ["N/A"], "nextVersion": ["N/A"], "landingPage": ["N/A"], "isReferencedBy": ["N/A"], "hasVersion": ["N/A"], "hasPolicy": ["N/A"], "hasCurrentVersion": ["N/A"], "useConstraints": ["N/A"], "status": ["N/A"], "spatialRepresentationType": ["N/A"], "scope": ["N/A"], "purpose": ["N/A"], "otherLocale": ["N/A"], "metadataProfile": ["N/A"], "metadataLinkage": ["N/A"], "metadataIdentifier": ["N/A"], "environmentDescription": ["N/A"], "contentInfo": ["N/A"], "ResearchInfrastructure": ["LifeWatch"], "EssentialVariables": ["N/A"], "potentialTopics": ["N/A"]}