{"url": ["https://metadatacatalogue.lifewatch.eu:/geonetwork/api/records/oai:marineinfo.org:id:dataset:6021"], "name": ["Phytoplankton composition, biomass and abundance in Estonian territorial waters 1993-2016"], "description": ["The dataset contains abundance and biomass for different taxonomicalunits of phytoplankton (from phylum to species, according to identification accuracy) sampled fromEstonian open and coastal waters in the BalticSea. Samples are collected with Ferryboxmethod (sampling depth appr. 5m)or by pooling samples from discretedepths (1, 5 and 10m) in national monitoringstations.Phytoplankton identification and enumeration was carried out using microscopy,biomass calculations were done usingvolume formulas provided by HELCOM-PEG (phytoplanktonexpert group) and publishedinhttp://www.ices.dk/marine-data/data-portals/Pages/DOME.aspx (PEG BIOVOLUME)."], "datePublished": ["2021-12-02"], "language": ["en"], "creator": ["\u00c2\u00a0Tallinn University of Technology; Marine Systems Institute "], "metadataProvider": ["\u00c2\u00a0Flanders Marine Institute(VLIZ) BEhttps://www.vliz.be"], "contact": ["\u00c2\u00a0Ministry of the Environmentof the EstonianRepublic- Asko P\u00c3\u00b5der "], "associatedParty": ["N/A"], "licenseInformation": [" Intellectual Rights This work is licensed under a Creative Commons Attribution NonCommercial (CC-BY-NC) 4.0 License .\u00c2\u00a0 "], "downloadLink": ["https://metadatacatalogue.lifewatch.eu:/srv/eng/catalog.search#/metadata/oai:marineinfo.org:id:dataset:6021"], "keywords": ["N/A"], "geographicCoverage": ["Geographic Description ANE, Baltic, FinlandGulf"], "westBoundingCoordinate": ["19.2023"], "eastBoundingCoordinate": ["28.008333"], "northBoundingCoordinate": ["59.916667"], "southBoundingCoordinate": ["57.616667"], "dateCreated": ["1994-01-01"], "temporalCoverageEndDate": ["2016-01-01"], "license": ["N/A"], "distribution": ["N/A"], "distributionInfo": ["N/A"], "identifier": ["https://metadatacatalogue.lifewatch.eu:/srv/eng/catalog.search#/metadata/oai:marineinfo.org:id:dataset:6021"], "accessibilitySummary": ["N/A"], "version": ["N/A"], "temporalCoverage": ["N/A"], "publisher": ["N/A"], "spatial": ["N/A"], "citation": ["N/A"], "genre": ["N/A"], "modificationDate": ["2021-12-02"], "image": ["N/A"], "thumbnailUrl": ["N/A"], "headline": ["Phytoplankton composition, biomass and abundance in Estonian territorial waters 1993-2016"], "abstract": ["The dataset contains abundance and biomass for different taxonomicalunits of phytoplankton (from phylum to species, according to identification accuracy) sampled fromEstonian open and coastal waters in the BalticSea. Samples are collected with Ferryboxmethod (sampling depth appr. 5m)or by pooling samples from discretedepths (1, 5 and 10m) in national monitoringstations.Phytoplankton identification and enumeration was carried out using microscopy,biomass calculations were done usingvolume formulas provided by HELCOM-PEG (phytoplanktonexpert group) and publishedinhttp://www.ices.dk/marine-data/data-portals/Pages/DOME.aspx (PEG BIOVOLUME)."], "theme": ["N/A"], "creditText": ["N/A"], "producer": ["\u00c2\u00a0Tallinn University of Technology; Marine Systems Institute "], "author": ["\u00c2\u00a0Tallinn University of Technology; Marine Systems Institute "], "spatialCoverage": [" Baltic FinlandGulf"], "sponsor": ["N/A"], "size": ["N/A"], "sameAs": ["N/A"], "publication": ["N/A"], "provider": ["\u00c2\u00a0Tallinn University of Technology; Marine Systems Institute "], "position": ["N/A"], "measurementTechnique": ["N/A"], "material": ["N/A"], "maintainer": ["N/A"], "locationCreated": ["N/A"], "issn": ["N/A"], "isPartOf": ["N/A"], "isBasedOn": ["N/A"], "isAccessibleForFree": ["N/A"], "includedInDataCatalog": ["N/A"], "editor": ["N/A"], "editEIDR": ["N/A"], "copyrightYear": ["N/A"], "copyrightNotice": ["N/A"], "copyrightHolder": ["N/A"], "contributor": ["N/A"], "contentReferenceTime": ["N/A"], "contentLocation": ["N/A"], "character": ["N/A"], "acquireLicensePage": ["N/A"], "accessModeSufficient": ["N/A"], "about": ["N/A"], "rights": ["N/A"], "relation": ["N/A"], "qualifiedRelation": ["N/A"], "qualifiedAttribution": ["N/A"], "previousVersion": ["N/A"], "nextVersion": ["N/A"], "landingPage": ["N/A"], "isReferencedBy": ["N/A"], "hasVersion": ["N/A"], "hasPolicy": ["N/A"], "hasCurrentVersion": ["N/A"], "useConstraints": ["N/A"], "status": ["N/A"], "spatialRepresentationType": ["N/A"], "scope": ["N/A"], "purpose": ["N/A"], "otherLocale": ["N/A"], "metadataProfile": ["N/A"], "metadataLinkage": ["N/A"], "metadataIdentifier": ["N/A"], "environmentDescription": ["N/A"], "contentInfo": ["N/A"], "ResearchInfrastructure": ["LifeWatch"], "EssentialVariables": ["N/A"], "potentialTopics": ["N/A"]}