{"url": ["https://metadatacatalogue.lifewatch.eu:/geonetwork/api/records/oai:marineinfo.org:id:dataset:781"], "name": ["Cross Sands broadscale survey 1998"], "description": ["Broadscale benthic survey undertaken by CEFASoff the east coast of the United Kingdom."], "datePublished": ["2006-04-05"], "language": ["en"], "creator": ["\u00c2\u00a0Centre for Environment, Fisheries and Aquaculture Science; Burnham Laboratory- Keith Cooper "], "metadataProvider": ["\u00c2\u00a0Flanders Marine Institute(VLIZ) BEhttps://www.vliz.be"], "contact": ["\u00c2\u00a0Centre for Environment, Fisheries and Aquaculture Science; Burnham Laboratory- Keith Cooper "], "associatedParty": [" custodianSteward\u00c2\u00a0Centre for Environment, Fisheries and Aquaculture Science; Burnham Laboratory- Keith Cooper "], "licenseInformation": [" Intellectual Rights This work is licensed under a Creative Commons Attribution (CC-BY) 4.0 License .\u00c2\u00a0 "], "downloadLink": ["https://metadatacatalogue.lifewatch.eu:/srv/eng/catalog.search#/metadata/oai:marineinfo.org:id:dataset:781"], "keywords": ["Aggregate Benthos Hamon grab Macrobenthos Macrofauna Zoobenthos"], "geographicCoverage": ["Geographic Description EurOBIS calculated BBOX > station Bounding Box Bounding Box West Bounding Coordinate 1.7024234 East Bounding Coordinate 2.5261902 North Bounding Coordinate 52.8150863 South Bounding Coordinate 52.1815034"], "westBoundingCoordinate": ["1.7024234"], "eastBoundingCoordinate": ["2.5261902"], "northBoundingCoordinate": ["52.8150863"], "southBoundingCoordinate": ["52.1815034"], "dateCreated": ["1998-01-01"], "temporalCoverageEndDate": ["1998-01-01"], "license": ["N/A"], "distribution": ["N/A"], "distributionInfo": ["N/A"], "identifier": ["https://metadatacatalogue.lifewatch.eu:/srv/eng/catalog.search#/metadata/oai:marineinfo.org:id:dataset:781"], "accessibilitySummary": ["N/A"], "version": ["N/A"], "temporalCoverage": ["N/A"], "publisher": ["N/A"], "spatial": ["N/A"], "citation": ["N/A"], "genre": ["N/A"], "modificationDate": ["2006-04-05"], "image": ["N/A"], "thumbnailUrl": ["N/A"], "headline": ["Cross Sands broadscale survey 1998"], "abstract": ["Broadscale benthic survey undertaken by CEFASoff the east coast of the United Kingdom."], "theme": ["N/A"], "creditText": ["N/A"], "producer": ["\u00c2\u00a0Centre for Environment, Fisheries and Aquaculture Science; Burnham Laboratory- Keith Cooper "], "author": ["\u00c2\u00a0Centre for Environment, Fisheries and Aquaculture Science; Burnham Laboratory- Keith Cooper "], "spatialCoverage": [" calculated BBOX > station Bounding Box Bounding Box West Bounding Coordinate 1.7024234 East Bounding Coordinate 2.5261902 North Bounding Coordinate 52.8150863 South Bounding Coordinate 52.1815034"], "sponsor": ["N/A"], "size": ["N/A"], "sameAs": ["N/A"], "publication": ["N/A"], "provider": ["\u00c2\u00a0Centre for Environment, Fisheries and Aquaculture Science; Burnham Laboratory- Keith Cooper "], "position": ["N/A"], "measurementTechnique": ["N/A"], "material": ["N/A"], "maintainer": ["N/A"], "locationCreated": ["N/A"], "issn": ["N/A"], "isPartOf": ["N/A"], "isBasedOn": ["N/A"], "isAccessibleForFree": ["N/A"], "includedInDataCatalog": ["N/A"], "editor": ["N/A"], "editEIDR": ["N/A"], "copyrightYear": ["N/A"], "copyrightNotice": ["N/A"], "copyrightHolder": ["N/A"], "contributor": ["N/A"], "contentReferenceTime": ["N/A"], "contentLocation": ["N/A"], "character": ["N/A"], "acquireLicensePage": ["N/A"], "accessModeSufficient": ["N/A"], "about": ["N/A"], "rights": ["N/A"], "relation": ["N/A"], "qualifiedRelation": ["N/A"], "qualifiedAttribution": ["N/A"], "previousVersion": ["N/A"], "nextVersion": ["N/A"], "landingPage": ["N/A"], "isReferencedBy": ["N/A"], "hasVersion": ["N/A"], "hasPolicy": ["N/A"], "hasCurrentVersion": ["N/A"], "useConstraints": ["N/A"], "status": ["N/A"], "spatialRepresentationType": ["N/A"], "scope": ["N/A"], "purpose": ["N/A"], "otherLocale": ["N/A"], "metadataProfile": ["N/A"], "metadataLinkage": ["N/A"], "metadataIdentifier": ["N/A"], "environmentDescription": ["N/A"], "contentInfo": ["N/A"], "ResearchInfrastructure": ["LifeWatch"], "EssentialVariables": ["N/A"], "potentialTopics": ["N/A"]}