{"url": ["https://metadatacatalogue.lifewatch.eu:/geonetwork/api/records/oai:marineinfo.org:id:dataset:5037"], "name": ["Vertical distribution of the free-living Plathelminthes (Turbellaria) from the sandy beaches of the Belgian coast in 1985 and 1986"], "description": ["Density and biomass of meiofauna for 6 sandy beaches(Knokke,Mariakerke, Oostende, Heist, Bredene,Zwin) along the Belgian coast sampled between April 1985 andMay 1986. The data were digitized by VLIZ from the original report: Jouk, P. (1992). Studie naar de ecologie van de vrijlevende Plathelminthes (Turbellaria) van de zandstranden van de Belgische kust. PhDThesis. Limburgs Universitair Centrum: Diepenbeek. 2 volumespp."], "datePublished": ["2021-12-02"], "language": ["en"], "creator": ["\u00c2\u00a0Limburgs UniversitairCentrum "], "metadataProvider": ["\u00c2\u00a0Flanders Marine Institute(VLIZ) BEhttps://www.vliz.be"], "contact": ["\u00c2\u00a0Vlaams Instituut voor de Zee BE "], "associatedParty": [" custodianSteward\u00c2\u00a0Vlaams Instituut voor de Zee BE "], "licenseInformation": [" Intellectual Rights This work is licensed under a Creative Commons Attribution (CC-BY) 4.0 License .\u00c2\u00a0 "], "downloadLink": ["https://metadatacatalogue.lifewatch.eu:/geonetwork/eng/catalog.search#/metadata/oai:marineinfo.org:id:dataset:5037"], "keywords": ["Flatworms Meiofauna Sandy beaches Vertical distribution"], "geographicCoverage": ["Geographic Description ANE, Belgium, BelgianCoast"], "westBoundingCoordinate": ["2.83279"], "eastBoundingCoordinate": ["3.36827"], "northBoundingCoordinate": ["51.37332"], "southBoundingCoordinate": ["51.19833"], "dateCreated": ["1985-04-01"], "temporalCoverageEndDate": ["1986-05-01"], "license": ["N/A"], "distribution": ["N/A"], "distributionInfo": ["N/A"], "identifier": ["https://metadatacatalogue.lifewatch.eu:/geonetwork/eng/catalog.search#/metadata/oai:marineinfo.org:id:dataset:5037"], "accessibilitySummary": ["N/A"], "version": ["N/A"], "temporalCoverage": ["N/A"], "publisher": ["N/A"], "spatial": ["N/A"], "citation": ["N/A"], "genre": ["N/A"], "modificationDate": ["2021-12-02"], "image": ["N/A"], "thumbnailUrl": ["N/A"], "headline": ["Vertical distribution of the free-living Plathelminthes (Turbellaria) from the sandy beaches of the Belgian coast in 1985 and 1986"], "abstract": ["Density and biomass of meiofauna for 6 sandy beaches(Knokke,Mariakerke, Oostende, Heist, Bredene,Zwin) along the Belgian coast sampled between April 1985 andMay 1986. The data were digitized by VLIZ from the original report: Jouk, P. (1992). Studie naar de ecologie van de vrijlevende Plathelminthes (Turbellaria) van de zandstranden van de Belgische kust. PhDThesis. Limburgs Universitair Centrum: Diepenbeek. 2 volumespp."], "theme": ["N/A"], "creditText": ["N/A"], "producer": ["\u00c2\u00a0Limburgs UniversitairCentrum "], "author": ["\u00c2\u00a0Limburgs UniversitairCentrum "], "spatialCoverage": [" Belgium BelgianCoast"], "sponsor": ["N/A"], "size": ["N/A"], "sameAs": ["N/A"], "publication": ["N/A"], "provider": ["\u00c2\u00a0Limburgs UniversitairCentrum "], "position": ["N/A"], "measurementTechnique": ["N/A"], "material": ["N/A"], "maintainer": ["N/A"], "locationCreated": ["N/A"], "issn": ["N/A"], "isPartOf": ["N/A"], "isBasedOn": ["N/A"], "isAccessibleForFree": ["N/A"], "includedInDataCatalog": ["N/A"], "editor": ["N/A"], "editEIDR": ["N/A"], "copyrightYear": ["N/A"], "copyrightNotice": ["N/A"], "copyrightHolder": ["N/A"], "contributor": ["N/A"], "contentReferenceTime": ["N/A"], "contentLocation": ["N/A"], "character": ["N/A"], "acquireLicensePage": ["N/A"], "accessModeSufficient": ["N/A"], "about": ["N/A"], "rights": ["N/A"], "relation": ["N/A"], "qualifiedRelation": ["N/A"], "qualifiedAttribution": ["N/A"], "previousVersion": ["N/A"], "nextVersion": ["N/A"], "landingPage": ["N/A"], "isReferencedBy": ["N/A"], "hasVersion": ["N/A"], "hasPolicy": ["N/A"], "hasCurrentVersion": ["N/A"], "useConstraints": ["N/A"], "status": ["N/A"], "spatialRepresentationType": ["N/A"], "scope": ["N/A"], "purpose": ["N/A"], "otherLocale": ["N/A"], "metadataProfile": ["N/A"], "metadataLinkage": ["N/A"], "metadataIdentifier": ["N/A"], "environmentDescription": ["N/A"], "contentInfo": ["N/A"], "ResearchInfrastructure": ["LifeWatch"], "EssentialVariables": ["N/A"], "potentialTopics": ["N/A"]}