{"url": ["https://metadatacatalogue.lifewatch.eu:/srv/api/records/oai:marineinfo.org:id:dataset:490"], "name": ["Biocean"], "description": ["Deep-sea benthic fauna collected during Ifremercruises"], "datePublished": ["2021-12-02"], "language": ["en"], "creator": ["\u00c2\u00a0Institut Fran\u00c3\u00a7ais de Recherchepour l'Exploitation de laMer FR "], "metadataProvider": ["\u00c2\u00a0Flanders Marine Institute(VLIZ) BEhttps://www.vliz.be"], "contact": ["\u00c2\u00a0Institut Fran\u00c3\u00a7ais de Recherchepour l'Exploitation de laMer- Catherine Borremans "], "associatedParty": [" custodianSteward\u00c2\u00a0Institut Fran\u00c3\u00a7ais de Recherchepour l'Exploitation de laMer- Catherine Borremans "], "licenseInformation": [" Intellectual Rights This work is licensed under a Creative Commons Attribution (CC-BY) 4.0 License .\u00c2\u00a0 "], "downloadLink": ["https://metadatacatalogue.lifewatch.eu:/srv/eng/catalog.search#/metadata/oai:marineinfo.org:id:dataset:490"], "keywords": ["Benthos Deep sea Fauna"], "geographicCoverage": ["Geographic Description EurOBIS calculated BBOX > station Bounding Box Bounding Box West Bounding Coordinate -150 East Bounding Coordinate 168 North Bounding Coordinate 77 South Bounding Coordinate -53"], "westBoundingCoordinate": ["-150"], "eastBoundingCoordinate": ["168"], "northBoundingCoordinate": ["77"], "southBoundingCoordinate": ["-53"], "dateCreated": ["1967-01-01"], "temporalCoverageEndDate": ["2007-01-01"], "license": ["http://www.ifremer.fr/isi/biocean"], "distribution": ["http://www.ifremer.fr/isi/biocean"], "distributionInfo": ["http://www.ifremer.fr/isi/biocean"], "identifier": ["https://metadatacatalogue.lifewatch.eu:/srv/eng/catalog.search#/metadata/oai:marineinfo.org:id:dataset:490"], "accessibilitySummary": ["N/A"], "version": ["N/A"], "temporalCoverage": ["N/A"], "publisher": ["N/A"], "spatial": ["N/A"], "citation": ["N/A"], "genre": ["N/A"], "modificationDate": ["2021-12-02"], "image": ["N/A"], "thumbnailUrl": ["N/A"], "headline": ["Biocean"], "abstract": ["Deep-sea benthic fauna collected during Ifremercruises"], "theme": ["N/A"], "creditText": ["N/A"], "producer": ["\u00c2\u00a0Institut Fran\u00c3\u00a7ais de Recherchepour l'Exploitation de laMer FR "], "author": ["\u00c2\u00a0Institut Fran\u00c3\u00a7ais de Recherchepour l'Exploitation de laMer FR "], "spatialCoverage": [" calculated BBOX > station Bounding Box Bounding Box West Bounding Coordinate -150 East Bounding Coordinate 168 North Bounding Coordinate 77 South Bounding Coordinate -53"], "sponsor": ["N/A"], "size": ["N/A"], "sameAs": ["N/A"], "publication": ["N/A"], "provider": ["\u00c2\u00a0Institut Fran\u00c3\u00a7ais de Recherchepour l'Exploitation de laMer FR "], "position": ["N/A"], "measurementTechnique": ["N/A"], "material": ["N/A"], "maintainer": ["N/A"], "locationCreated": ["N/A"], "issn": ["N/A"], "isPartOf": ["N/A"], "isBasedOn": ["N/A"], "isAccessibleForFree": ["N/A"], "includedInDataCatalog": ["N/A"], "editor": ["N/A"], "editEIDR": ["N/A"], "copyrightYear": ["N/A"], "copyrightNotice": ["N/A"], "copyrightHolder": ["N/A"], "contributor": ["N/A"], "contentReferenceTime": ["N/A"], "contentLocation": ["N/A"], "character": ["N/A"], "acquireLicensePage": ["N/A"], "accessModeSufficient": ["N/A"], "about": ["N/A"], "rights": ["N/A"], "relation": ["N/A"], "qualifiedRelation": ["N/A"], "qualifiedAttribution": ["N/A"], "previousVersion": ["N/A"], "nextVersion": ["N/A"], "landingPage": ["N/A"], "isReferencedBy": ["N/A"], "hasVersion": ["N/A"], "hasPolicy": ["N/A"], "hasCurrentVersion": ["N/A"], "useConstraints": ["N/A"], "status": ["N/A"], "spatialRepresentationType": ["N/A"], "scope": ["N/A"], "purpose": ["N/A"], "otherLocale": ["N/A"], "metadataProfile": ["N/A"], "metadataLinkage": ["N/A"], "metadataIdentifier": ["N/A"], "environmentDescription": ["N/A"], "contentInfo": ["N/A"], "ResearchInfrastructure": ["LifeWatch"], "EssentialVariables": ["N/A"], "potentialTopics": ["N/A"]}