{"url": ["https://metadatacatalogue.lifewatch.eu:/srv/api/records/oai:marineinfo.org:id:dataset:4621"], "name": ["Polychaetes from two subtidal rocky shores of the North coast of Crete, collected for the NaGISA project 2007-2008"], "description": ["This dataset contains occurrence records of subtidal polychaetes (Annelida)from two midlittoral rocky shore sampling sites innorthern Crete (Greece)."], "datePublished": ["2021-12-02"], "language": ["en"], "creator": ["\u00c2\u00a0Hellenic Centre for MarineResearch- Christos Arvanitidis "], "metadataProvider": ["\u00c2\u00a0Flanders Marine Institute(VLIZ) BEhttps://www.vliz.be"], "contact": ["\u00c2\u00a0Hellenic Centre for MarineResearch- Giorgos Chatzigeorgiou "], "associatedParty": ["N/A"], "licenseInformation": [" Intellectual Rights This work is licensed under a Creative Commons Attribution (CC-BY) 4.0 License .\u00c2\u00a0 "], "downloadLink": ["https://metadatacatalogue.lifewatch.eu:/srv/eng/catalog.search#/metadata/oai:marineinfo.org:id:dataset:4621"], "keywords": ["Data Marine Genomics Rocky subtidal"], "geographicCoverage": ["Geographic Description MED, Greece,Crete"], "westBoundingCoordinate": ["N/A"], "eastBoundingCoordinate": ["N/A"], "northBoundingCoordinate": ["N/A"], "southBoundingCoordinate": ["N/A"], "dateCreated": ["2007-09-18"], "temporalCoverageEndDate": ["2008-06-08"], "license": ["N/A"], "distribution": ["N/A"], "distributionInfo": ["N/A"], "identifier": ["https://metadatacatalogue.lifewatch.eu:/srv/eng/catalog.search#/metadata/oai:marineinfo.org:id:dataset:4621"], "accessibilitySummary": ["N/A"], "version": ["N/A"], "temporalCoverage": ["N/A"], "publisher": ["N/A"], "spatial": ["N/A"], "citation": ["N/A"], "genre": ["N/A"], "modificationDate": ["2021-12-02"], "image": ["N/A"], "thumbnailUrl": ["N/A"], "headline": ["Polychaetes from two subtidal rocky shores of the North coast of Crete, collected for the NaGISA project 2007-2008"], "abstract": ["This dataset contains occurrence records of subtidal polychaetes (Annelida)from two midlittoral rocky shore sampling sites innorthern Crete (Greece)."], "theme": ["N/A"], "creditText": ["N/A"], "producer": ["\u00c2\u00a0Hellenic Centre for MarineResearch- Christos Arvanitidis "], "author": ["\u00c2\u00a0Hellenic Centre for MarineResearch- Christos Arvanitidis "], "spatialCoverage": [" GreeceCrete"], "sponsor": ["N/A"], "size": ["N/A"], "sameAs": ["N/A"], "publication": ["N/A"], "provider": ["\u00c2\u00a0Hellenic Centre for MarineResearch- Christos Arvanitidis "], "position": ["N/A"], "measurementTechnique": ["N/A"], "material": ["N/A"], "maintainer": ["N/A"], "locationCreated": ["N/A"], "issn": ["N/A"], "isPartOf": ["N/A"], "isBasedOn": ["N/A"], "isAccessibleForFree": ["N/A"], "includedInDataCatalog": ["N/A"], "editor": ["N/A"], "editEIDR": ["N/A"], "copyrightYear": ["N/A"], "copyrightNotice": ["N/A"], "copyrightHolder": ["N/A"], "contributor": ["N/A"], "contentReferenceTime": ["N/A"], "contentLocation": ["N/A"], "character": ["N/A"], "acquireLicensePage": ["N/A"], "accessModeSufficient": ["N/A"], "about": ["N/A"], "rights": ["N/A"], "relation": ["N/A"], "qualifiedRelation": ["N/A"], "qualifiedAttribution": ["N/A"], "previousVersion": ["N/A"], "nextVersion": ["N/A"], "landingPage": ["N/A"], "isReferencedBy": ["N/A"], "hasVersion": ["N/A"], "hasPolicy": ["N/A"], "hasCurrentVersion": ["N/A"], "useConstraints": ["N/A"], "status": ["N/A"], "spatialRepresentationType": ["N/A"], "scope": ["N/A"], "purpose": ["N/A"], "otherLocale": ["N/A"], "metadataProfile": ["N/A"], "metadataLinkage": ["N/A"], "metadataIdentifier": ["N/A"], "environmentDescription": ["N/A"], "contentInfo": ["N/A"], "ResearchInfrastructure": ["LifeWatch"], "EssentialVariables": ["N/A"], "potentialTopics": ["N/A"]}