{"url": ["https://metadatacatalogue.lifewatch.eu:/geonetwork/api/records/oai:marineinfo.org:id:dataset:5831"], "name": ["Observatoire Pelagis boat surveys 2003-2016"], "description": ["Original provider: Observatoire PELAGIS UMS 3462 University La Rochelle - CNRS Datasetcredits: Observatoire PELAGIS UMS 3462, University La Rochelle- CNRS - Agence des Aires MarinesProt\u00c3\u00a9g\u00c3\u00a9es - Direction de l'Eau etde la Biodiversit\u00c3\u00a9 Abstract: Since 2003,the Observatoire PELAGIS (La Rochelle University) participated to annual halieuticsurveys, led by the IFREMER, to collect data on the distribution of marinetop predators in order to estimate their relativeabundance and preferredhabitats in the Bay of Biscay, the Channel and the NorthSea."], "datePublished": ["2021-12-02"], "language": ["en"], "creator": ["\u00c2\u00a0Universit\u00c3\u00a9 de La Rochelle;Observatoire Pelagis (UMS 3462)- Ghislain Doremus "], "metadataProvider": ["\u00c2\u00a0Flanders Marine Institute(VLIZ) BEhttps://www.vliz.be"], "contact": ["\u00c2\u00a0Universit\u00c3\u00a9 de La Rochelle;Observatoire Pelagis (UMS 3462)- Ghislain Doremus "], "associatedParty": ["N/A"], "licenseInformation": [" Intellectual Rights This work is licensed under a Creative Commons Attribution NonCommercial (CC-BY-NC) 4.0 License .\u00c2\u00a0 "], "downloadLink": ["https://metadatacatalogue.lifewatch.eu:/geonetwork/eng/catalog.search#/metadata/oai:marineinfo.org:id:dataset:5831"], "keywords": ["Marine ecology Marine mammals Sea birds Sea turtles"], "geographicCoverage": ["Geographic Description AE, North Atlantic"], "westBoundingCoordinate": ["N/A"], "eastBoundingCoordinate": ["N/A"], "northBoundingCoordinate": ["N/A"], "southBoundingCoordinate": ["N/A"], "dateCreated": ["2003-05-29"], "temporalCoverageEndDate": ["2016-11-16"], "license": ["N/A"], "distribution": ["N/A"], "distributionInfo": ["N/A"], "identifier": ["https://metadatacatalogue.lifewatch.eu:/geonetwork/eng/catalog.search#/metadata/oai:marineinfo.org:id:dataset:5831"], "accessibilitySummary": ["N/A"], "version": ["N/A"], "temporalCoverage": ["N/A"], "publisher": ["N/A"], "spatial": ["N/A"], "citation": ["N/A"], "genre": ["N/A"], "modificationDate": ["2021-12-02"], "image": ["N/A"], "thumbnailUrl": ["N/A"], "headline": ["Observatoire Pelagis boat surveys 2003-2016"], "abstract": ["Original provider: Observatoire PELAGIS UMS 3462 University La Rochelle - CNRS Datasetcredits: Observatoire PELAGIS UMS 3462, University La Rochelle- CNRS - Agence des Aires MarinesProt\u00c3\u00a9g\u00c3\u00a9es - Direction de l'Eau etde la Biodiversit\u00c3\u00a9 Abstract: Since 2003,the Observatoire PELAGIS (La Rochelle University) participated to annual halieuticsurveys, led by the IFREMER, to collect data on the distribution of marinetop predators in order to estimate their relativeabundance and preferredhabitats in the Bay of Biscay, the Channel and the NorthSea."], "theme": ["N/A"], "creditText": ["N/A"], "producer": ["\u00c2\u00a0Universit\u00c3\u00a9 de La Rochelle;Observatoire Pelagis (UMS 3462)- Ghislain Doremus "], "author": ["\u00c2\u00a0Universit\u00c3\u00a9 de La Rochelle;Observatoire Pelagis (UMS 3462)- Ghislain Doremus "], "spatialCoverage": [" North Atlantic"], "sponsor": ["N/A"], "size": ["N/A"], "sameAs": ["N/A"], "publication": ["N/A"], "provider": ["\u00c2\u00a0Universit\u00c3\u00a9 de La Rochelle;Observatoire Pelagis (UMS 3462)- Ghislain Doremus "], "position": ["N/A"], "measurementTechnique": ["N/A"], "material": ["N/A"], "maintainer": ["N/A"], "locationCreated": ["N/A"], "issn": ["N/A"], "isPartOf": ["N/A"], "isBasedOn": ["N/A"], "isAccessibleForFree": ["N/A"], "includedInDataCatalog": ["N/A"], "editor": ["N/A"], "editEIDR": ["N/A"], "copyrightYear": ["N/A"], "copyrightNotice": ["N/A"], "copyrightHolder": ["N/A"], "contributor": ["N/A"], "contentReferenceTime": ["N/A"], "contentLocation": ["N/A"], "character": ["N/A"], "acquireLicensePage": ["N/A"], "accessModeSufficient": ["N/A"], "about": ["N/A"], "rights": ["N/A"], "relation": ["N/A"], "qualifiedRelation": ["N/A"], "qualifiedAttribution": ["N/A"], "previousVersion": ["N/A"], "nextVersion": ["N/A"], "landingPage": ["N/A"], "isReferencedBy": ["N/A"], "hasVersion": ["N/A"], "hasPolicy": ["N/A"], "hasCurrentVersion": ["N/A"], "useConstraints": ["N/A"], "status": ["N/A"], "spatialRepresentationType": ["N/A"], "scope": ["N/A"], "purpose": ["N/A"], "otherLocale": ["N/A"], "metadataProfile": ["N/A"], "metadataLinkage": ["N/A"], "metadataIdentifier": ["N/A"], "environmentDescription": ["N/A"], "contentInfo": ["N/A"], "ResearchInfrastructure": ["LifeWatch"], "EssentialVariables": ["N/A"], "potentialTopics": ["N/A"]}