{"url": ["https://metadatacatalogue.lifewatch.eu:/srv/api/records/oai:marineinfo.org:id:dataset:3144"], "name": ["HMAP Dataset 07: Danish Baltic Catch Data, 1611-1920"], "description": ["This dataset contains data onBaltic fish catchesbetween 1611 and 1920, derivedfrom Danish archives."], "datePublished": ["2021-12-02"], "language": ["en"], "creator": ["\u00c2\u00a0Museum Amager- Maibritt Bager "], "metadataProvider": ["\u00c2\u00a0Flanders Marine Institute(VLIZ) BEhttps://www.vliz.be"], "contact": ["\u00c2\u00a0Museum Amager- Maibritt Bager "], "associatedParty": [" contentProvider\u00c2\u00a0Museum Amager- Maibritt Bager "], "licenseInformation": [" Intellectual Rights This work is licensed under a Creative Commons Attribution (CC-BY) 4.0 License .\u00c2\u00a0 "], "downloadLink": ["https://metadatacatalogue.lifewatch.eu:/geonetwork/eng/catalog.search#/metadata/oai:marineinfo.org:id:dataset:3144"], "keywords": ["Fish catch statistics Historical records"], "geographicCoverage": ["Geographic Description ANE, Baltic"], "westBoundingCoordinate": ["12.588899612427"], "eastBoundingCoordinate": ["16.035900115967"], "northBoundingCoordinate": ["55.964099884033"], "southBoundingCoordinate": ["55.080799102783"], "dateCreated": ["1611-01-01"], "temporalCoverageEndDate": ["1920-01-01"], "license": ["https://hydra.hull.ac.uk/assets/hull:2159/content03"], "distribution": ["https://hydra.hull.ac.uk/assets/hull:2159/content03"], "distributionInfo": ["https://hydra.hull.ac.uk/assets/hull:2159/content03"], "identifier": ["https://metadatacatalogue.lifewatch.eu:/geonetwork/eng/catalog.search#/metadata/oai:marineinfo.org:id:dataset:3144"], "accessibilitySummary": ["N/A"], "version": ["N/A"], "temporalCoverage": ["N/A"], "publisher": ["N/A"], "spatial": ["N/A"], "citation": ["N/A"], "genre": ["N/A"], "modificationDate": ["2021-12-02"], "image": ["N/A"], "thumbnailUrl": ["N/A"], "headline": ["HMAP Dataset 07: Danish Baltic Catch Data, 1611-1920"], "abstract": ["This dataset contains data onBaltic fish catchesbetween 1611 and 1920, derivedfrom Danish archives."], "theme": ["N/A"], "creditText": ["N/A"], "producer": ["\u00c2\u00a0Museum Amager- Maibritt Bager "], "author": ["\u00c2\u00a0Museum Amager- Maibritt Bager "], "spatialCoverage": [" Baltic"], "sponsor": ["N/A"], "size": ["N/A"], "sameAs": ["N/A"], "publication": ["N/A"], "provider": ["\u00c2\u00a0Museum Amager- Maibritt Bager "], "position": ["N/A"], "measurementTechnique": ["N/A"], "material": ["N/A"], "maintainer": ["N/A"], "locationCreated": ["N/A"], "issn": ["N/A"], "isPartOf": ["N/A"], "isBasedOn": ["N/A"], "isAccessibleForFree": ["N/A"], "includedInDataCatalog": ["N/A"], "editor": ["N/A"], "editEIDR": ["N/A"], "copyrightYear": ["N/A"], "copyrightNotice": ["N/A"], "copyrightHolder": ["N/A"], "contributor": ["N/A"], "contentReferenceTime": ["N/A"], "contentLocation": ["N/A"], "character": ["N/A"], "acquireLicensePage": ["N/A"], "accessModeSufficient": ["N/A"], "about": ["N/A"], "rights": ["N/A"], "relation": ["N/A"], "qualifiedRelation": ["N/A"], "qualifiedAttribution": ["N/A"], "previousVersion": ["N/A"], "nextVersion": ["N/A"], "landingPage": ["N/A"], "isReferencedBy": ["N/A"], "hasVersion": ["N/A"], "hasPolicy": ["N/A"], "hasCurrentVersion": ["N/A"], "useConstraints": ["N/A"], "status": ["N/A"], "spatialRepresentationType": ["N/A"], "scope": ["N/A"], "purpose": ["N/A"], "otherLocale": ["N/A"], "metadataProfile": ["N/A"], "metadataLinkage": ["N/A"], "metadataIdentifier": ["N/A"], "environmentDescription": ["N/A"], "contentInfo": ["N/A"], "ResearchInfrastructure": ["LifeWatch"], "EssentialVariables": ["N/A"], "potentialTopics": ["N/A"]}