{"url": ["https://metadatacatalogue.lifewatch.eu:/geonetwork/api/records/oai:marineinfo.org:id:dataset:6511"], "name": ["Plankton community in WP2 net (200\u00c2\u00b5m), PNMIR cruises, Parc Naturel Marin d'Iroise, France"], "description": ["The PNMIR cruises sample zooplankton(and other variables) regularly within the Marine Protected Area \"Parc Naturel Marin d\u00e2\u0080\u0099Iroise\",under the supervision of the Office Franc\u00cc\u00a7ais de la Biodiversite\u00cc\u0081. This monitoring is part of the generalassessment of this MarineProtected Area and is to be linkedwith the small pelagicfish stock in the region. This datasetcomes from collection with a WP2 net and therefore coversorganisms from 200\u00c2\u00b5m to ~2cm"], "datePublished": ["2021-12-02"], "language": ["en"], "creator": ["\u00c2\u00a0Office Franc\u00cc\u00a7ais delaBiodiversite\u00cc\u0081 "], "metadataProvider": ["\u00c2\u00a0Flanders Marine Institute(VLIZ) BEhttps://www.vliz.be"], "contact": ["\u00c2\u00a0Flanders Marine Institute(VLIZ) BEhttps://www.vliz.be"], "associatedParty": [" contentProvider\u00c2\u00a0Office Franc\u00cc\u00a7ais delaBiodiversite\u00cc\u0081- Patrick Pouline "], "licenseInformation": [" Intellectual Rights This work is licensed under a Creative Commons Attribution (CC-BY) 4.0 License .\u00c2\u00a0 "], "downloadLink": ["https://metadatacatalogue.lifewatch.eu:/srv/eng/catalog.search#/metadata/oai:marineinfo.org:id:dataset:6511"], "keywords": ["EcoTaxa Imaging ZooSCAN"], "geographicCoverage": ["Geographic Description ANE, France, Brittany, Brest Bay"], "westBoundingCoordinate": ["-5.694"], "eastBoundingCoordinate": ["-4.417"], "northBoundingCoordinate": ["48.556"], "southBoundingCoordinate": ["48.167"], "dateCreated": ["2010-05-06"], "temporalCoverageEndDate": ["2017-10-27"], "license": ["https://ecotaxa.obs-vlfr.fr/api/collections/by_short_title?q=pnmi-wp2-zooscan"], "distribution": ["https://ecotaxa.obs-vlfr.fr/api/collections/by_short_title?q=pnmi-wp2-zooscan"], "distributionInfo": ["https://ecotaxa.obs-vlfr.fr/api/collections/by_short_title?q=pnmi-wp2-zooscan"], "identifier": ["https://metadatacatalogue.lifewatch.eu:/srv/eng/catalog.search#/metadata/oai:marineinfo.org:id:dataset:6511"], "accessibilitySummary": ["N/A"], "version": ["N/A"], "temporalCoverage": ["N/A"], "publisher": ["N/A"], "spatial": ["N/A"], "citation": ["N/A"], "genre": ["N/A"], "modificationDate": ["2021-12-02"], "image": ["N/A"], "thumbnailUrl": ["N/A"], "headline": ["Plankton community in WP2 net (200\u00c2\u00b5m), PNMIR cruises, Parc Naturel Marin d'Iroise, France"], "abstract": ["The PNMIR cruises sample zooplankton(and other variables) regularly within the Marine Protected Area \"Parc Naturel Marin d\u00e2\u0080\u0099Iroise\",under the supervision of the Office Franc\u00cc\u00a7ais de la Biodiversite\u00cc\u0081. This monitoring is part of the generalassessment of this MarineProtected Area and is to be linkedwith the small pelagicfish stock in the region. This datasetcomes from collection with a WP2 net and therefore coversorganisms from 200\u00c2\u00b5m to ~2cm"], "theme": ["N/A"], "creditText": ["N/A"], "producer": ["\u00c2\u00a0Office Franc\u00cc\u00a7ais delaBiodiversite\u00cc\u0081 "], "author": ["\u00c2\u00a0Office Franc\u00cc\u00a7ais delaBiodiversite\u00cc\u0081 "], "spatialCoverage": [" France Brittany Brest Bay"], "sponsor": ["N/A"], "size": ["N/A"], "sameAs": ["N/A"], "publication": ["N/A"], "provider": ["\u00c2\u00a0Office Franc\u00cc\u00a7ais delaBiodiversite\u00cc\u0081 "], "position": ["N/A"], "measurementTechnique": ["N/A"], "material": ["N/A"], "maintainer": ["N/A"], "locationCreated": ["N/A"], "issn": ["N/A"], "isPartOf": ["N/A"], "isBasedOn": ["N/A"], "isAccessibleForFree": ["N/A"], "includedInDataCatalog": ["N/A"], "editor": ["N/A"], "editEIDR": ["N/A"], "copyrightYear": ["N/A"], "copyrightNotice": ["N/A"], "copyrightHolder": ["N/A"], "contributor": ["N/A"], "contentReferenceTime": ["N/A"], "contentLocation": ["N/A"], "character": ["N/A"], "acquireLicensePage": ["N/A"], "accessModeSufficient": ["N/A"], "about": ["N/A"], "rights": ["N/A"], "relation": ["N/A"], "qualifiedRelation": ["N/A"], "qualifiedAttribution": ["N/A"], "previousVersion": ["N/A"], "nextVersion": ["N/A"], "landingPage": ["N/A"], "isReferencedBy": ["N/A"], "hasVersion": ["N/A"], "hasPolicy": ["N/A"], "hasCurrentVersion": ["N/A"], "useConstraints": ["N/A"], "status": ["N/A"], "spatialRepresentationType": ["N/A"], "scope": ["N/A"], "purpose": ["N/A"], "otherLocale": ["N/A"], "metadataProfile": ["N/A"], "metadataLinkage": ["N/A"], "metadataIdentifier": ["N/A"], "environmentDescription": ["N/A"], "contentInfo": ["N/A"], "ResearchInfrastructure": ["LifeWatch"], "EssentialVariables": ["N/A"], "potentialTopics": ["N/A"]}