{"url": ["https://metadatacatalogue.lifewatch.eu:/geonetwork/api/records/oai:marineinfo.org:id:dataset:1875"], "name": ["Ross Coral Mapping Project - NBN South West Pilot Project Case Studies"], "description": ["The results of dive surveys carried out by Purbeck Marine Research Unit, Canford School during1994 and 1995 torecord the distribution of Ross Coral <i>Pentapora foliacea</i> at the eastern limit of itsrange off the DorsetCoast."], "datePublished": ["2021-12-02"], "language": ["en"], "creator": ["\u00c2\u00a0Dorset Environmental RecordsCentre GB "], "metadataProvider": ["\u00c2\u00a0Flanders Marine Institute(VLIZ) BEhttps://www.vliz.be"], "contact": ["\u00c2\u00a0Dorset Environmental RecordsCentre- Alison Stewart "], "associatedParty": [" contentProvider\u00c2\u00a0Marine Biological Association of theUK GB "], "licenseInformation": [" Intellectual Rights This work is licensed under a Creative Commons Attribution (CC-BY) 4.0 License .\u00c2\u00a0 "], "downloadLink": ["https://metadatacatalogue.lifewatch.eu:/srv/eng/catalog.search#/metadata/oai:marineinfo.org:id:dataset:1875"], "keywords": ["Corals"], "geographicCoverage": ["Geographic Description ANE, British Isles, England,Dorset"], "westBoundingCoordinate": ["-2.00136"], "eastBoundingCoordinate": ["-2.00136"], "northBoundingCoordinate": ["50.619702"], "southBoundingCoordinate": ["50.619702"], "dateCreated": ["1994-01-01"], "temporalCoverageEndDate": ["1995-01-01"], "license": ["https://data.nbn.org.uk/Datasets/GA000053"], "distribution": ["https://data.nbn.org.uk/Datasets/GA000053"], "distributionInfo": ["https://data.nbn.org.uk/Datasets/GA000053"], "identifier": ["https://metadatacatalogue.lifewatch.eu:/srv/eng/catalog.search#/metadata/oai:marineinfo.org:id:dataset:1875"], "accessibilitySummary": ["N/A"], "version": ["N/A"], "temporalCoverage": ["N/A"], "publisher": ["N/A"], "spatial": ["N/A"], "citation": ["N/A"], "genre": ["N/A"], "modificationDate": ["2021-12-02"], "image": ["N/A"], "thumbnailUrl": ["N/A"], "headline": ["Ross Coral Mapping Project - NBN South West Pilot Project Case Studies"], "abstract": ["The results of dive surveys carried out by Purbeck Marine Research Unit, Canford School during1994 and 1995 torecord the distribution of Ross Coral <i>Pentapora foliacea</i> at the eastern limit of itsrange off the DorsetCoast."], "theme": ["N/A"], "creditText": ["N/A"], "producer": ["\u00c2\u00a0Dorset Environmental RecordsCentre GB "], "author": ["\u00c2\u00a0Dorset Environmental RecordsCentre GB "], "spatialCoverage": [" British Isles EnglandDorset"], "sponsor": ["N/A"], "size": ["N/A"], "sameAs": ["N/A"], "publication": ["N/A"], "provider": ["\u00c2\u00a0Dorset Environmental RecordsCentre GB "], "position": ["N/A"], "measurementTechnique": ["N/A"], "material": ["N/A"], "maintainer": ["N/A"], "locationCreated": ["N/A"], "issn": ["N/A"], "isPartOf": ["N/A"], "isBasedOn": ["N/A"], "isAccessibleForFree": ["N/A"], "includedInDataCatalog": ["N/A"], "editor": ["N/A"], "editEIDR": ["N/A"], "copyrightYear": ["N/A"], "copyrightNotice": ["N/A"], "copyrightHolder": ["N/A"], "contributor": ["N/A"], "contentReferenceTime": ["N/A"], "contentLocation": ["N/A"], "character": ["N/A"], "acquireLicensePage": ["N/A"], "accessModeSufficient": ["N/A"], "about": ["N/A"], "rights": ["N/A"], "relation": ["N/A"], "qualifiedRelation": ["N/A"], "qualifiedAttribution": ["N/A"], "previousVersion": ["N/A"], "nextVersion": ["N/A"], "landingPage": ["N/A"], "isReferencedBy": ["N/A"], "hasVersion": ["N/A"], "hasPolicy": ["N/A"], "hasCurrentVersion": ["N/A"], "useConstraints": ["N/A"], "status": ["N/A"], "spatialRepresentationType": ["N/A"], "scope": ["N/A"], "purpose": ["N/A"], "otherLocale": ["N/A"], "metadataProfile": ["N/A"], "metadataLinkage": ["N/A"], "metadataIdentifier": ["N/A"], "environmentDescription": ["N/A"], "contentInfo": ["N/A"], "ResearchInfrastructure": ["LifeWatch"], "EssentialVariables": ["N/A"], "potentialTopics": ["N/A"]}