{"url": ["https://metadatacatalogue.lifewatch.eu:/geonetwork/api/records/oai:marineinfo.org:id:dataset:3126"], "name": ["Ecoscope tuna bycatch observer data"], "description": ["Tuna bycatch observerdata."], "datePublished": ["2021-12-02"], "language": ["en"], "creator": ["\u00c2\u00a0Institut de Recherchepour le D\u00c3\u00a9veloppement- Julien Barde "], "metadataProvider": ["\u00c2\u00a0Flanders Marine Institute(VLIZ) BEhttps://www.vliz.be"], "contact": ["\u00c2\u00a0Institut de Recherchepour le D\u00c3\u00a9veloppement- Julien Barde "], "associatedParty": [" pointOfContact\u00c2\u00a0Institut de Recherchepour le D\u00c3\u00a9veloppement- Pascal Cauquil "], "licenseInformation": [" Intellectual Rights This work is licensed under a Creative Commons Attribution (CC-BY) 4.0 License .\u00c2\u00a0 "], "downloadLink": ["https://metadatacatalogue.lifewatch.eu:/srv/eng/catalog.search#/metadata/oai:marineinfo.org:id:dataset:3126"], "keywords": ["Bycatches Tuna fisheries"], "geographicCoverage": ["Geographic Description ANE, Atlantic Bounding Box West Bounding Coordinate -24.133472 East Bounding Coordinate 79.68347 North Bounding Coordinate 15.866806 South Bounding Coordinate -21.866806"], "westBoundingCoordinate": ["-24.133472"], "eastBoundingCoordinate": ["79.68347"], "northBoundingCoordinate": ["15.866806"], "southBoundingCoordinate": ["-21.866806"], "dateCreated": ["N/A"], "temporalCoverageEndDate": ["N/A"], "license": ["N/A"], "distribution": ["N/A"], "distributionInfo": ["N/A"], "identifier": ["https://metadatacatalogue.lifewatch.eu:/srv/eng/catalog.search#/metadata/oai:marineinfo.org:id:dataset:3126"], "accessibilitySummary": ["N/A"], "version": ["N/A"], "temporalCoverage": ["N/A"], "publisher": ["N/A"], "spatial": ["N/A"], "citation": ["N/A"], "genre": ["N/A"], "modificationDate": ["2021-12-02"], "image": ["N/A"], "thumbnailUrl": ["N/A"], "headline": ["Ecoscope tuna bycatch observer data"], "abstract": ["Tuna bycatch observerdata."], "theme": ["N/A"], "creditText": ["N/A"], "producer": ["\u00c2\u00a0Institut de Recherchepour le D\u00c3\u00a9veloppement- Julien Barde "], "author": ["\u00c2\u00a0Institut de Recherchepour le D\u00c3\u00a9veloppement- Julien Barde "], "spatialCoverage": [" Atlantic Bounding Box West Bounding Coordinate -24.133472 East Bounding Coordinate 79.68347 North Bounding Coordinate 15.866806 South Bounding Coordinate -21.866806"], "sponsor": ["N/A"], "size": ["N/A"], "sameAs": ["N/A"], "publication": ["N/A"], "provider": ["\u00c2\u00a0Institut de Recherchepour le D\u00c3\u00a9veloppement- Julien Barde "], "position": ["N/A"], "measurementTechnique": ["N/A"], "material": ["N/A"], "maintainer": ["N/A"], "locationCreated": ["N/A"], "issn": ["N/A"], "isPartOf": ["N/A"], "isBasedOn": ["N/A"], "isAccessibleForFree": ["N/A"], "includedInDataCatalog": ["N/A"], "editor": ["N/A"], "editEIDR": ["N/A"], "copyrightYear": ["N/A"], "copyrightNotice": ["N/A"], "copyrightHolder": ["N/A"], "contributor": ["N/A"], "contentReferenceTime": ["N/A"], "contentLocation": ["N/A"], "character": ["N/A"], "acquireLicensePage": ["N/A"], "accessModeSufficient": ["N/A"], "about": ["N/A"], "rights": ["N/A"], "relation": ["N/A"], "qualifiedRelation": ["N/A"], "qualifiedAttribution": ["N/A"], "previousVersion": ["N/A"], "nextVersion": ["N/A"], "landingPage": ["N/A"], "isReferencedBy": ["N/A"], "hasVersion": ["N/A"], "hasPolicy": ["N/A"], "hasCurrentVersion": ["N/A"], "useConstraints": ["N/A"], "status": ["N/A"], "spatialRepresentationType": ["N/A"], "scope": ["N/A"], "purpose": ["N/A"], "otherLocale": ["N/A"], "metadataProfile": ["N/A"], "metadataLinkage": ["N/A"], "metadataIdentifier": ["N/A"], "environmentDescription": ["N/A"], "contentInfo": ["N/A"], "ResearchInfrastructure": ["LifeWatch"], "EssentialVariables": ["N/A"], "potentialTopics": ["N/A"]}