{"url": ["https://metadatacatalogue.lifewatch.eu:/geonetwork/api/records/oai:marineinfo.org:id:dataset:4238"], "name": ["Waterbird observations in Lake Victoria wetlands, south Kenya coast and Tana River dams (Kenya) in 1995"], "description": ["Count of observed waterbirds during a surveyin Kenya in 1995.The data were digitized by VLIZ from the original report: Nasirwa, O.; Oyugi, J.;Jackson, C.; Lens, L.; Bennun, L.; Seys, J.(1995).Surveys of waterbirds in Kenya, 1995: LakeVictoria wetlands, south Kenya coast and TanaRiver dams. Centre for Biodiversity Research Reports: Ornithology, 20. National Museums of Kenya: Nairobi. 22 pp."], "datePublished": ["2021-12-02"], "language": ["en"], "creator": ["\u00c2\u00a0Kenya Marine and FisheriesResearch Institute MombasaCentre "], "metadataProvider": ["\u00c2\u00a0Flanders Marine Institute(VLIZ) BEhttps://www.vliz.be"], "contact": ["\u00c2\u00a0Vlaams Instituut voor de Zee BE "], "associatedParty": [" custodianSteward\u00c2\u00a0Vlaams Instituut voor de Zee BE "], "licenseInformation": [" Intellectual Rights This work is licensed under a Creative Commons Attribution (CC-BY) 4.0 License .\u00c2\u00a0 "], "downloadLink": ["https://metadatacatalogue.lifewatch.eu:/srv/eng/catalog.search#/metadata/oai:marineinfo.org:id:dataset:4238"], "keywords": ["Waterbirds"], "geographicCoverage": ["Geographic Description ISW, KenyanCoast"], "westBoundingCoordinate": ["N/A"], "eastBoundingCoordinate": ["N/A"], "northBoundingCoordinate": ["N/A"], "southBoundingCoordinate": ["N/A"], "dateCreated": ["1995-02-04"], "temporalCoverageEndDate": ["1995-03-26"], "license": ["N/A"], "distribution": ["N/A"], "distributionInfo": ["N/A"], "identifier": ["https://metadatacatalogue.lifewatch.eu:/srv/eng/catalog.search#/metadata/oai:marineinfo.org:id:dataset:4238"], "accessibilitySummary": ["N/A"], "version": ["N/A"], "temporalCoverage": ["N/A"], "publisher": ["N/A"], "spatial": ["N/A"], "citation": ["N/A"], "genre": ["N/A"], "modificationDate": ["2021-12-02"], "image": ["N/A"], "thumbnailUrl": ["N/A"], "headline": ["Waterbird observations in Lake Victoria wetlands, south Kenya coast and Tana River dams (Kenya) in 1995"], "abstract": ["Count of observed waterbirds during a surveyin Kenya in 1995.The data were digitized by VLIZ from the original report: Nasirwa, O.; Oyugi, J.;Jackson, C.; Lens, L.; Bennun, L.; Seys, J.(1995).Surveys of waterbirds in Kenya, 1995: LakeVictoria wetlands, south Kenya coast and TanaRiver dams. Centre for Biodiversity Research Reports: Ornithology, 20. National Museums of Kenya: Nairobi. 22 pp."], "theme": ["N/A"], "creditText": ["N/A"], "producer": ["\u00c2\u00a0Kenya Marine and FisheriesResearch Institute MombasaCentre "], "author": ["\u00c2\u00a0Kenya Marine and FisheriesResearch Institute MombasaCentre "], "spatialCoverage": [" KenyanCoast"], "sponsor": ["N/A"], "size": ["N/A"], "sameAs": ["N/A"], "publication": ["N/A"], "provider": ["\u00c2\u00a0Kenya Marine and FisheriesResearch Institute MombasaCentre "], "position": ["N/A"], "measurementTechnique": ["N/A"], "material": ["N/A"], "maintainer": ["N/A"], "locationCreated": ["N/A"], "issn": ["N/A"], "isPartOf": ["N/A"], "isBasedOn": ["N/A"], "isAccessibleForFree": ["N/A"], "includedInDataCatalog": ["N/A"], "editor": ["N/A"], "editEIDR": ["N/A"], "copyrightYear": ["N/A"], "copyrightNotice": ["N/A"], "copyrightHolder": ["N/A"], "contributor": ["N/A"], "contentReferenceTime": ["N/A"], "contentLocation": ["N/A"], "character": ["N/A"], "acquireLicensePage": ["N/A"], "accessModeSufficient": ["N/A"], "about": ["N/A"], "rights": ["N/A"], "relation": ["N/A"], "qualifiedRelation": ["N/A"], "qualifiedAttribution": ["N/A"], "previousVersion": ["N/A"], "nextVersion": ["N/A"], "landingPage": ["N/A"], "isReferencedBy": ["N/A"], "hasVersion": ["N/A"], "hasPolicy": ["N/A"], "hasCurrentVersion": ["N/A"], "useConstraints": ["N/A"], "status": ["N/A"], "spatialRepresentationType": ["N/A"], "scope": ["N/A"], "purpose": ["N/A"], "otherLocale": ["N/A"], "metadataProfile": ["N/A"], "metadataLinkage": ["N/A"], "metadataIdentifier": ["N/A"], "environmentDescription": ["N/A"], "contentInfo": ["N/A"], "ResearchInfrastructure": ["LifeWatch"], "EssentialVariables": ["N/A"], "potentialTopics": ["N/A"]}