{"url": ["https://metadatacatalogue.lifewatch.eu:/geonetwork/api/records/oai:marineinfo.org:id:dataset:612"], "name": ["Gulf of Gdansk"], "description": ["Data on macrobenthos in theGulf of Gdansk collected as part of thephDthesis of JanasU."], "datePublished": ["2021-12-02"], "language": ["en"], "creator": ["\u00c2\u00a0University of Gdansk; Institute of Oceanography; Department of MarineBiology and Ecology; Marine Invertebrates Ecophysiology Laboratory- Urszula Janas "], "metadataProvider": ["\u00c2\u00a0Flanders Marine Institute(VLIZ) BEhttps://www.vliz.be"], "contact": ["\u00c2\u00a0University of Gdansk; Institute of Oceanography; Department of MarineBiology and Ecology; Marine Invertebrates Ecophysiology Laboratory- Urszula Janas "], "associatedParty": ["N/A"], "licenseInformation": [" Intellectual Rights This work is licensed under a Creative Commons Attribution NonCommercial (CC-BY-NC) 4.0 License .\u00c2\u00a0 "], "downloadLink": ["https://metadatacatalogue.lifewatch.eu:/geonetwork/eng/catalog.search#/metadata/oai:marineinfo.org:id:dataset:612"], "keywords": ["Macrobenthos"], "geographicCoverage": ["Geographic Description ANE, Baltic, GdanskGulf"], "westBoundingCoordinate": ["18.066659927368"], "eastBoundingCoordinate": ["19.003299713135"], "northBoundingCoordinate": ["54.082614898682"], "southBoundingCoordinate": ["54.047660827637"], "dateCreated": ["1995-06-01"], "temporalCoverageEndDate": ["2002-09-01"], "license": ["N/A"], "distribution": ["N/A"], "distributionInfo": ["N/A"], "identifier": ["https://metadatacatalogue.lifewatch.eu:/geonetwork/eng/catalog.search#/metadata/oai:marineinfo.org:id:dataset:612"], "accessibilitySummary": ["N/A"], "version": ["N/A"], "temporalCoverage": ["N/A"], "publisher": ["N/A"], "spatial": ["N/A"], "citation": ["N/A"], "genre": ["N/A"], "modificationDate": ["2021-12-02"], "image": ["N/A"], "thumbnailUrl": ["N/A"], "headline": ["Gulf of Gdansk"], "abstract": ["Data on macrobenthos in theGulf of Gdansk collected as part of thephDthesis of JanasU."], "theme": ["N/A"], "creditText": ["N/A"], "producer": ["\u00c2\u00a0University of Gdansk; Institute of Oceanography; Department of MarineBiology and Ecology; Marine Invertebrates Ecophysiology Laboratory- Urszula Janas "], "author": ["\u00c2\u00a0University of Gdansk; Institute of Oceanography; Department of MarineBiology and Ecology; Marine Invertebrates Ecophysiology Laboratory- Urszula Janas "], "spatialCoverage": [" Baltic GdanskGulf"], "sponsor": ["N/A"], "size": ["N/A"], "sameAs": ["N/A"], "publication": ["N/A"], "provider": ["\u00c2\u00a0University of Gdansk; Institute of Oceanography; Department of MarineBiology and Ecology; Marine Invertebrates Ecophysiology Laboratory- Urszula Janas "], "position": ["N/A"], "measurementTechnique": ["N/A"], "material": ["N/A"], "maintainer": ["N/A"], "locationCreated": ["N/A"], "issn": ["N/A"], "isPartOf": ["N/A"], "isBasedOn": ["N/A"], "isAccessibleForFree": ["N/A"], "includedInDataCatalog": ["N/A"], "editor": ["N/A"], "editEIDR": ["N/A"], "copyrightYear": ["N/A"], "copyrightNotice": ["N/A"], "copyrightHolder": ["N/A"], "contributor": ["N/A"], "contentReferenceTime": ["N/A"], "contentLocation": ["N/A"], "character": ["N/A"], "acquireLicensePage": ["N/A"], "accessModeSufficient": ["N/A"], "about": ["N/A"], "rights": ["N/A"], "relation": ["N/A"], "qualifiedRelation": ["N/A"], "qualifiedAttribution": ["N/A"], "previousVersion": ["N/A"], "nextVersion": ["N/A"], "landingPage": ["N/A"], "isReferencedBy": ["N/A"], "hasVersion": ["N/A"], "hasPolicy": ["N/A"], "hasCurrentVersion": ["N/A"], "useConstraints": ["N/A"], "status": ["N/A"], "spatialRepresentationType": ["N/A"], "scope": ["N/A"], "purpose": ["N/A"], "otherLocale": ["N/A"], "metadataProfile": ["N/A"], "metadataLinkage": ["N/A"], "metadataIdentifier": ["N/A"], "environmentDescription": ["N/A"], "contentInfo": ["N/A"], "ResearchInfrastructure": ["LifeWatch"], "EssentialVariables": ["N/A"], "potentialTopics": ["N/A"]}