{"url": ["https://metadatacatalogue.lifewatch.eu:/geonetwork/api/records/oai:marineinfo.org:id:dataset:1038"], "name": ["Cefas10 - Effects of physical disturbance on nematodes communities in sand and mud"], "description": ["This dataset was the first of its kind,making use of simplified ecosystem models or so-calledmicrocosms to examine the effects of differentfrequencies of physical disturbances on meiofaunalcommunities."], "datePublished": ["2021-12-02"], "language": ["en"], "creator": ["\u00c2\u00a0Centre for Environment,Fisheries and AquacultureScience- Michaela Schratzberger "], "metadataProvider": ["\u00c2\u00a0Flanders Marine Institute(VLIZ) BEhttps://www.vliz.be"], "contact": ["\u00c2\u00a0Centre for Environment,Fisheries and AquacultureScience- Michaela Schratzberger "], "associatedParty": [" contentProvider\u00c2\u00a0Marine Biological Association of theUK GB "], "licenseInformation": [" Intellectual Rights This work is licensed under a Creative Commons Attribution (CC-BY) 4.0 License .\u00c2\u00a0 "], "downloadLink": ["https://metadatacatalogue.lifewatch.eu:/srv/eng/catalog.search#/metadata/oai:marineinfo.org:id:dataset:1038"], "keywords": ["Meiobenthos"], "geographicCoverage": ["Geographic Description ANE, British Isles,England"], "westBoundingCoordinate": ["-4.245"], "eastBoundingCoordinate": ["-3.4317"], "northBoundingCoordinate": ["50.6283"], "southBoundingCoordinate": ["50.365"], "dateCreated": ["N/A"], "temporalCoverageEndDate": ["N/A"], "license": ["N/A"], "distribution": ["N/A"], "distributionInfo": ["N/A"], "identifier": ["https://metadatacatalogue.lifewatch.eu:/srv/eng/catalog.search#/metadata/oai:marineinfo.org:id:dataset:1038"], "accessibilitySummary": ["N/A"], "version": ["N/A"], "temporalCoverage": ["N/A"], "publisher": ["N/A"], "spatial": ["N/A"], "citation": ["N/A"], "genre": ["N/A"], "modificationDate": ["2021-12-02"], "image": ["N/A"], "thumbnailUrl": ["N/A"], "headline": ["Cefas10 - Effects of physical disturbance on nematodes communities in sand and mud"], "abstract": ["This dataset was the first of its kind,making use of simplified ecosystem models or so-calledmicrocosms to examine the effects of differentfrequencies of physical disturbances on meiofaunalcommunities."], "theme": ["N/A"], "creditText": ["N/A"], "producer": ["\u00c2\u00a0Centre for Environment,Fisheries and AquacultureScience- Michaela Schratzberger "], "author": ["\u00c2\u00a0Centre for Environment,Fisheries and AquacultureScience- Michaela Schratzberger "], "spatialCoverage": [" British IslesEngland"], "sponsor": ["N/A"], "size": ["N/A"], "sameAs": ["N/A"], "publication": ["N/A"], "provider": ["\u00c2\u00a0Centre for Environment,Fisheries and AquacultureScience- Michaela Schratzberger "], "position": ["N/A"], "measurementTechnique": ["N/A"], "material": ["N/A"], "maintainer": ["N/A"], "locationCreated": ["N/A"], "issn": ["N/A"], "isPartOf": ["N/A"], "isBasedOn": ["N/A"], "isAccessibleForFree": ["N/A"], "includedInDataCatalog": ["N/A"], "editor": ["N/A"], "editEIDR": ["N/A"], "copyrightYear": ["N/A"], "copyrightNotice": ["N/A"], "copyrightHolder": ["N/A"], "contributor": ["N/A"], "contentReferenceTime": ["N/A"], "contentLocation": ["N/A"], "character": ["N/A"], "acquireLicensePage": ["N/A"], "accessModeSufficient": ["N/A"], "about": ["N/A"], "rights": ["N/A"], "relation": ["N/A"], "qualifiedRelation": ["N/A"], "qualifiedAttribution": ["N/A"], "previousVersion": ["N/A"], "nextVersion": ["N/A"], "landingPage": ["N/A"], "isReferencedBy": ["N/A"], "hasVersion": ["N/A"], "hasPolicy": ["N/A"], "hasCurrentVersion": ["N/A"], "useConstraints": ["N/A"], "status": ["N/A"], "spatialRepresentationType": ["N/A"], "scope": ["N/A"], "purpose": ["N/A"], "otherLocale": ["N/A"], "metadataProfile": ["N/A"], "metadataLinkage": ["N/A"], "metadataIdentifier": ["N/A"], "environmentDescription": ["N/A"], "contentInfo": ["N/A"], "ResearchInfrastructure": ["LifeWatch"], "EssentialVariables": ["N/A"], "potentialTopics": ["N/A"]}