{"url": ["https://metadatacatalogue.lifewatch.eu:/geonetwork/api/records/oai:marineinfo.org:id:dataset:6177"], "name": ["Abundance and biomass of infaunal species as part of Essential fish habitat surveys, Co. Down Coast (Northern Ireland) 2012-2013"], "description": ["This dataset contains information on infaunal abundance and biomassfrom sediment grab samplesoff the Co. Down coast in Northern Ireland as part ofanEssesntial Fish Habitat (EFH) project.Essential Fish Habitat is defined as \u00e2\u0080\u009cthose waters & substratanecessary to fish for spawning,breeding, feeding or growth to maturity\u00e2\u0080\u009d and these canhelp to form a basisfor the designation of Marine Protected Areas such as Marine ConservationZones (MCZs). This surveywas carried out on the RV Corystes in 2012and 2013 off theCo. Down coast using a 0.1m2 day grab.In 2012 there were 88 samples taken.In 2013 therewere 48 samples. Infaunal analysis,Particle Size Analysis (PSA) and Carbon& Nitrogen analysis were carried outon all samples."], "datePublished": ["2021-12-02"], "language": ["en"], "creator": ["\u00c2\u00a0Agri-Food and BiosciencesInstitute- Annika Clements "], "metadataProvider": ["\u00c2\u00a0Flanders Marine Institute(VLIZ) BEhttps://www.vliz.be"], "contact": ["\u00c2\u00a0Agri-Food and BiosciencesInstitute- Matt Service "], "associatedParty": [" contentProvider\u00c2\u00a0Marine Biological Association of theUK GB "], "licenseInformation": [" Intellectual Rights This work is licensed under a Creative Commons Attribution (CC-BY) 4.0 License .\u00c2\u00a0 "], "downloadLink": ["https://metadatacatalogue.lifewatch.eu:/srv/eng/catalog.search#/metadata/oai:marineinfo.org:id:dataset:6177"], "keywords": ["N/A"], "geographicCoverage": ["Geographic Description ANE, IrishSea"], "westBoundingCoordinate": ["-5.9256"], "eastBoundingCoordinate": ["-5.160283333333"], "northBoundingCoordinate": ["54.5606"], "southBoundingCoordinate": ["53.553"], "dateCreated": ["2012-02-16"], "temporalCoverageEndDate": ["2013-05-07"], "license": ["N/A"], "distribution": ["N/A"], "distributionInfo": ["N/A"], "identifier": ["https://metadatacatalogue.lifewatch.eu:/srv/eng/catalog.search#/metadata/oai:marineinfo.org:id:dataset:6177"], "accessibilitySummary": ["N/A"], "version": ["N/A"], "temporalCoverage": ["N/A"], "publisher": ["N/A"], "spatial": ["N/A"], "citation": ["N/A"], "genre": ["N/A"], "modificationDate": ["2021-12-02"], "image": ["N/A"], "thumbnailUrl": ["N/A"], "headline": ["Abundance and biomass of infaunal species as part of Essential fish habitat surveys, Co. Down Coast (Northern Ireland) 2012-2013"], "abstract": ["This dataset contains information on infaunal abundance and biomassfrom sediment grab samplesoff the Co. Down coast in Northern Ireland as part ofanEssesntial Fish Habitat (EFH) project.Essential Fish Habitat is defined as \u00e2\u0080\u009cthose waters & substratanecessary to fish for spawning,breeding, feeding or growth to maturity\u00e2\u0080\u009d and these canhelp to form a basisfor the designation of Marine Protected Areas such as Marine ConservationZones (MCZs). This surveywas carried out on the RV Corystes in 2012and 2013 off theCo. Down coast using a 0.1m2 day grab.In 2012 there were 88 samples taken.In 2013 therewere 48 samples. Infaunal analysis,Particle Size Analysis (PSA) and Carbon& Nitrogen analysis were carried outon all samples."], "theme": ["N/A"], "creditText": ["N/A"], "producer": ["\u00c2\u00a0Agri-Food and BiosciencesInstitute- Annika Clements "], "author": ["\u00c2\u00a0Agri-Food and BiosciencesInstitute- Annika Clements "], "spatialCoverage": [" IrishSea"], "sponsor": ["N/A"], "size": ["N/A"], "sameAs": ["N/A"], "publication": ["N/A"], "provider": ["\u00c2\u00a0Agri-Food and BiosciencesInstitute- Annika Clements "], "position": ["N/A"], "measurementTechnique": ["N/A"], "material": ["N/A"], "maintainer": ["N/A"], "locationCreated": ["N/A"], "issn": ["N/A"], "isPartOf": ["N/A"], "isBasedOn": ["N/A"], "isAccessibleForFree": ["N/A"], "includedInDataCatalog": ["N/A"], "editor": ["N/A"], "editEIDR": ["N/A"], "copyrightYear": ["N/A"], "copyrightNotice": ["N/A"], "copyrightHolder": ["N/A"], "contributor": ["N/A"], "contentReferenceTime": ["N/A"], "contentLocation": ["N/A"], "character": ["N/A"], "acquireLicensePage": ["N/A"], "accessModeSufficient": ["N/A"], "about": ["N/A"], "rights": ["N/A"], "relation": ["N/A"], "qualifiedRelation": ["N/A"], "qualifiedAttribution": ["N/A"], "previousVersion": ["N/A"], "nextVersion": ["N/A"], "landingPage": ["N/A"], "isReferencedBy": ["N/A"], "hasVersion": ["N/A"], "hasPolicy": ["N/A"], "hasCurrentVersion": ["N/A"], "useConstraints": ["N/A"], "status": ["N/A"], "spatialRepresentationType": ["N/A"], "scope": ["N/A"], "purpose": ["N/A"], "otherLocale": ["N/A"], "metadataProfile": ["N/A"], "metadataLinkage": ["N/A"], "metadataIdentifier": ["N/A"], "environmentDescription": ["N/A"], "contentInfo": ["N/A"], "ResearchInfrastructure": ["LifeWatch"], "EssentialVariables": ["N/A"], "potentialTopics": ["N/A"]}