{"url": ["https://metadatacatalogue.lifewatch.eu:/srv/api/records/oai:marineinfo.org:id:dataset:690"], "name": ["Marine species data for Scottish waters held and managed by Scottish Natural Heritage, derived from benthic surveys 1993 to 2012"], "description": ["The dataset comprises: species records from benthic surveyscommissioned by SNH or projects where SNH were a partner and the outputs are underthe custodianship of SNH. Additionally species records determined from SNH analysis of third party commissioned benthicsurvey video footage are included. The datasetcontains surveys which contributed to the Marine Nature Conservation Review (MNCR) programme,EU-funded BioMar Life project, SNH Site Condition Monitoring including broadscale surveys in supportof the Natura process, surveys to establish the impact of specific activities on marine habitatsand species and surveys to support the Scottish Marine Protected Areasproject."], "datePublished": ["2005-04-22"], "language": ["en"], "creator": ["\u00c2\u00a0Scottish Natural Heritage - Headquarters GB "], "metadataProvider": ["\u00c2\u00a0Flanders Marine Institute(VLIZ) BEhttps://www.vliz.be"], "contact": ["\u00c2\u00a0Flanders Marine Institute(VLIZ) BEhttps://www.vliz.be"], "associatedParty": ["N/A"], "licenseInformation": [" Intellectual Rights This work is licensed under a Creative Commons Attribution (CC-BY) 4.0 License .\u00c2\u00a0 "], "downloadLink": ["https://metadatacatalogue.lifewatch.eu:/srv/eng/catalog.search#/metadata/oai:marineinfo.org:id:dataset:690"], "keywords": ["Biodiversity"], "geographicCoverage": ["Geographic Description ANE, British Isles,Scotland"], "westBoundingCoordinate": ["-8.6375679449609"], "eastBoundingCoordinate": ["0.4636680278875"], "northBoundingCoordinate": ["60.674555941052"], "southBoundingCoordinate": ["54.638541844356"], "dateCreated": ["1993-01-01"], "temporalCoverageEndDate": ["2012-01-01"], "license": ["https://data.nbn.org.uk/Datasets/GA000173"], "distribution": ["https://data.nbn.org.uk/Datasets/GA000173"], "distributionInfo": ["https://data.nbn.org.uk/Datasets/GA000173"], "identifier": ["https://metadatacatalogue.lifewatch.eu:/srv/eng/catalog.search#/metadata/oai:marineinfo.org:id:dataset:690"], "accessibilitySummary": ["N/A"], "version": ["N/A"], "temporalCoverage": ["N/A"], "publisher": ["N/A"], "spatial": ["N/A"], "citation": ["N/A"], "genre": ["N/A"], "modificationDate": ["2005-04-22"], "image": ["N/A"], "thumbnailUrl": ["N/A"], "headline": ["Marine species data for Scottish waters held and managed by Scottish Natural Heritage, derived from benthic surveys 1993 to 2012"], "abstract": ["The dataset comprises: species records from benthic surveyscommissioned by SNH or projects where SNH were a partner and the outputs are underthe custodianship of SNH. Additionally species records determined from SNH analysis of third party commissioned benthicsurvey video footage are included. The datasetcontains surveys which contributed to the Marine Nature Conservation Review (MNCR) programme,EU-funded BioMar Life project, SNH Site Condition Monitoring including broadscale surveys in supportof the Natura process, surveys to establish the impact of specific activities on marine habitatsand species and surveys to support the Scottish Marine Protected Areasproject."], "theme": ["N/A"], "creditText": ["N/A"], "producer": ["\u00c2\u00a0Scottish Natural Heritage - Headquarters GB "], "author": ["\u00c2\u00a0Scottish Natural Heritage - Headquarters GB "], "spatialCoverage": [" British IslesScotland"], "sponsor": ["N/A"], "size": ["N/A"], "sameAs": ["N/A"], "publication": ["N/A"], "provider": ["\u00c2\u00a0Scottish Natural Heritage - Headquarters GB "], "position": ["N/A"], "measurementTechnique": ["N/A"], "material": ["N/A"], "maintainer": ["N/A"], "locationCreated": ["N/A"], "issn": ["N/A"], "isPartOf": ["N/A"], "isBasedOn": ["N/A"], "isAccessibleForFree": ["N/A"], "includedInDataCatalog": ["N/A"], "editor": ["N/A"], "editEIDR": ["N/A"], "copyrightYear": ["N/A"], "copyrightNotice": ["N/A"], "copyrightHolder": ["N/A"], "contributor": ["N/A"], "contentReferenceTime": ["N/A"], "contentLocation": ["N/A"], "character": ["N/A"], "acquireLicensePage": ["N/A"], "accessModeSufficient": ["N/A"], "about": ["N/A"], "rights": ["N/A"], "relation": ["N/A"], "qualifiedRelation": ["N/A"], "qualifiedAttribution": ["N/A"], "previousVersion": ["N/A"], "nextVersion": ["N/A"], "landingPage": ["N/A"], "isReferencedBy": ["N/A"], "hasVersion": ["N/A"], "hasPolicy": ["N/A"], "hasCurrentVersion": ["N/A"], "useConstraints": ["N/A"], "status": ["N/A"], "spatialRepresentationType": ["N/A"], "scope": ["N/A"], "purpose": ["N/A"], "otherLocale": ["N/A"], "metadataProfile": ["N/A"], "metadataLinkage": ["N/A"], "metadataIdentifier": ["N/A"], "environmentDescription": ["N/A"], "contentInfo": ["N/A"], "ResearchInfrastructure": ["LifeWatch"], "EssentialVariables": ["N/A"], "potentialTopics": ["N/A"]}