{"url": ["https://metadatacatalogue.lifewatch.eu:/geonetwork/api/records/oai:marineinfo.org:id:dataset:4479"], "name": ["Mesozooplankton South Adriatic-PRISMA1-Flussi Project"], "description": ["Mesozooplankton data collected in the Southern Adriatic during Italian PRISMA programme,Phase 1 (1995-1996)."], "datePublished": ["2021-12-02"], "language": ["en"], "creator": ["\u00c2\u00a0University of Trieste;Marine Biology Laboratory- Serena Fonda-Umani "], "metadataProvider": ["\u00c2\u00a0Flanders Marine Institute(VLIZ) BEhttps://www.vliz.be"], "contact": ["\u00c2\u00a0National Institute of Oceanography andExperimentalGeophysics- Marina Lipizer "], "associatedParty": [" custodianSteward\u00c2\u00a0National Institute of Oceanography andExperimentalGeophysics- Marina Lipizer "], "licenseInformation": [" Intellectual Rights This work is licensed under a Creative Commons Attribution (CC-BY) 4.0 License .\u00c2\u00a0 "], "downloadLink": ["https://metadatacatalogue.lifewatch.eu:/geonetwork/eng/catalog.search#/metadata/oai:marineinfo.org:id:dataset:4479"], "keywords": ["N/A"], "geographicCoverage": ["Geographic Description EurOBIS calculated BBOX > station Bounding Box Bounding Box West Bounding Coordinate 12.8683333 East Bounding Coordinate 19.0296667 North Bounding Coordinate 44.6183333 South Bounding Coordinate 40.387"], "westBoundingCoordinate": ["12.8683333"], "eastBoundingCoordinate": ["19.0296667"], "northBoundingCoordinate": ["44.6183333"], "southBoundingCoordinate": ["40.387"], "dateCreated": ["1995-01-01"], "temporalCoverageEndDate": ["1996-01-01"], "license": ["http://nodc.ogs.trieste.it/nodc/metadata/doidetails?doi=10.6092/f8dde52c-cb1f-4e27-908f-c04d43c4e859"], "distribution": ["http://nodc.ogs.trieste.it/nodc/metadata/doidetails?doi=10.6092/f8dde52c-cb1f-4e27-908f-c04d43c4e859"], "distributionInfo": ["http://nodc.ogs.trieste.it/nodc/metadata/doidetails?doi=10.6092/f8dde52c-cb1f-4e27-908f-c04d43c4e859"], "identifier": ["https://metadatacatalogue.lifewatch.eu:/geonetwork/eng/catalog.search#/metadata/oai:marineinfo.org:id:dataset:4479"], "accessibilitySummary": ["N/A"], "version": ["N/A"], "temporalCoverage": ["N/A"], "publisher": ["N/A"], "spatial": ["N/A"], "citation": ["N/A"], "genre": ["N/A"], "modificationDate": ["2021-12-02"], "image": ["N/A"], "thumbnailUrl": ["N/A"], "headline": ["Mesozooplankton South Adriatic-PRISMA1-Flussi Project"], "abstract": ["Mesozooplankton data collected in the Southern Adriatic during Italian PRISMA programme,Phase 1 (1995-1996)."], "theme": ["N/A"], "creditText": ["N/A"], "producer": ["\u00c2\u00a0University of Trieste;Marine Biology Laboratory- Serena Fonda-Umani "], "author": ["\u00c2\u00a0University of Trieste;Marine Biology Laboratory- Serena Fonda-Umani "], "spatialCoverage": [" calculated BBOX > station Bounding Box Bounding Box West Bounding Coordinate 12.8683333 East Bounding Coordinate 19.0296667 North Bounding Coordinate 44.6183333 South Bounding Coordinate 40.387"], "sponsor": ["N/A"], "size": ["N/A"], "sameAs": ["N/A"], "publication": ["N/A"], "provider": ["\u00c2\u00a0University of Trieste;Marine Biology Laboratory- Serena Fonda-Umani "], "position": ["N/A"], "measurementTechnique": ["N/A"], "material": ["N/A"], "maintainer": ["N/A"], "locationCreated": ["N/A"], "issn": ["N/A"], "isPartOf": ["N/A"], "isBasedOn": ["N/A"], "isAccessibleForFree": ["N/A"], "includedInDataCatalog": ["N/A"], "editor": ["N/A"], "editEIDR": ["N/A"], "copyrightYear": ["N/A"], "copyrightNotice": ["N/A"], "copyrightHolder": ["N/A"], "contributor": ["N/A"], "contentReferenceTime": ["N/A"], "contentLocation": ["N/A"], "character": ["N/A"], "acquireLicensePage": ["N/A"], "accessModeSufficient": ["N/A"], "about": ["N/A"], "rights": ["N/A"], "relation": ["N/A"], "qualifiedRelation": ["N/A"], "qualifiedAttribution": ["N/A"], "previousVersion": ["N/A"], "nextVersion": ["N/A"], "landingPage": ["N/A"], "isReferencedBy": ["N/A"], "hasVersion": ["N/A"], "hasPolicy": ["N/A"], "hasCurrentVersion": ["N/A"], "useConstraints": ["N/A"], "status": ["N/A"], "spatialRepresentationType": ["N/A"], "scope": ["N/A"], "purpose": ["N/A"], "otherLocale": ["N/A"], "metadataProfile": ["N/A"], "metadataLinkage": ["N/A"], "metadataIdentifier": ["N/A"], "environmentDescription": ["N/A"], "contentInfo": ["N/A"], "ResearchInfrastructure": ["LifeWatch"], "EssentialVariables": ["N/A"], "potentialTopics": ["N/A"]}