{"url": ["https://metadatacatalogue.lifewatch.eu:/srv/api/records/oai:marineinfo.org:id:dataset:6459"], "name": ["Fish observations delivered by \"Canarias por una Costa Viva\" project"], "description": ["The project \u00e2\u0080\u0098Canarias, por una costa viva (CCV)\u00e2\u0080\u0099 wasanintegrated research and educational initiative that run between2003 \u00e2\u0080\u0093 2004 with the goalsofgathering robust scientific information of keystonecoastalhabitats and the promotion of public awarenessabout responsible uses of marine resources in the Canary Islands (Central East Atlantic Ocean). Samplingeffort has been carried out biannually at 100 locations around the coastlines of the overall Canary Islands. Specifically, we have studied the conservation status of key fishspecies and their role in their ecosystems. The relationship between the human population, the natural environment and the pressures it supports has been observed in different anthropogenically stressed areas (sewage areas, shell fishing activity, sea-cage fish farms and ports) and preservedareas"], "datePublished": ["2021-12-02"], "language": ["en"], "creator": ["\u00c2\u00a0University of Las Palmas de GranCanaria; University Institute of Aquaculture and Sustainable Marine Ecosystems "], "metadataProvider": ["\u00c2\u00a0Flanders Marine Institute(VLIZ) BEhttps://www.vliz.be"], "contact": ["\u00c2\u00a0University of Las Palmas de GranCanaria; University Institute of Aquaculture and Sustainable Marine Ecosystems- Alejandro Garc\u00c3\u00ada Mendoza "], "associatedParty": ["N/A"], "licenseInformation": [" Intellectual Rights To the extent possible underlaw, the publisher has waived all rights to these data and has dedicated them to the Public Domain (CC01.0) . Users may copy, modify,distribute and use the work,including for commercial purposes, without restriction.\u00c2\u00a0 "], "downloadLink": ["https://metadatacatalogue.lifewatch.eu:/srv/eng/catalog.search#/metadata/oai:marineinfo.org:id:dataset:6459"], "keywords": ["Biological monitoring Coastal fisheries Transect"], "geographicCoverage": ["Geographic Description http://marineregions.org/eezdetails.php?mrgid=8364&zone=eez_12nm"], "westBoundingCoordinate": ["-18.0267"], "eastBoundingCoordinate": ["-13.3373"], "northBoundingCoordinate": ["29.4111"], "southBoundingCoordinate": ["27.6379"], "dateCreated": ["2003-03-06"], "temporalCoverageEndDate": ["2005-10-15"], "license": ["N/A"], "distribution": ["N/A"], "distributionInfo": ["N/A"], "identifier": ["https://metadatacatalogue.lifewatch.eu:/srv/eng/catalog.search#/metadata/oai:marineinfo.org:id:dataset:6459"], "accessibilitySummary": ["N/A"], "version": ["N/A"], "temporalCoverage": ["N/A"], "publisher": ["N/A"], "spatial": ["N/A"], "citation": ["N/A"], "genre": ["N/A"], "modificationDate": ["2021-12-02"], "image": ["N/A"], "thumbnailUrl": ["N/A"], "headline": ["Fish observations delivered by \"Canarias por una Costa Viva\" project"], "abstract": ["The project \u00e2\u0080\u0098Canarias, por una costa viva (CCV)\u00e2\u0080\u0099 wasanintegrated research and educational initiative that run between2003 \u00e2\u0080\u0093 2004 with the goalsofgathering robust scientific information of keystonecoastalhabitats and the promotion of public awarenessabout responsible uses of marine resources in the Canary Islands (Central East Atlantic Ocean). Samplingeffort has been carried out biannually at 100 locations around the coastlines of the overall Canary Islands. Specifically, we have studied the conservation status of key fishspecies and their role in their ecosystems. The relationship between the human population, the natural environment and the pressures it supports has been observed in different anthropogenically stressed areas (sewage areas, shell fishing activity, sea-cage fish farms and ports) and preservedareas"], "theme": ["N/A"], "creditText": ["N/A"], "producer": ["\u00c2\u00a0University of Las Palmas de GranCanaria; University Institute of Aquaculture and Sustainable Marine Ecosystems "], "author": ["\u00c2\u00a0University of Las Palmas de GranCanaria; University Institute of Aquaculture and Sustainable Marine Ecosystems "], "spatialCoverage": [" http//marineregions.org/eezdetails.php?mrgid=8364&zone=eez_12nm"], "sponsor": ["N/A"], "size": ["N/A"], "sameAs": ["N/A"], "publication": ["N/A"], "provider": ["\u00c2\u00a0University of Las Palmas de GranCanaria; University Institute of Aquaculture and Sustainable Marine Ecosystems "], "position": ["N/A"], "measurementTechnique": ["N/A"], "material": ["N/A"], "maintainer": ["N/A"], "locationCreated": ["N/A"], "issn": ["N/A"], "isPartOf": ["N/A"], "isBasedOn": ["N/A"], "isAccessibleForFree": ["N/A"], "includedInDataCatalog": ["N/A"], "editor": ["N/A"], "editEIDR": ["N/A"], "copyrightYear": ["N/A"], "copyrightNotice": ["N/A"], "copyrightHolder": ["N/A"], "contributor": ["N/A"], "contentReferenceTime": ["N/A"], "contentLocation": ["N/A"], "character": ["N/A"], "acquireLicensePage": ["N/A"], "accessModeSufficient": ["N/A"], "about": ["N/A"], "rights": ["N/A"], "relation": ["N/A"], "qualifiedRelation": ["N/A"], "qualifiedAttribution": ["N/A"], "previousVersion": ["N/A"], "nextVersion": ["N/A"], "landingPage": ["N/A"], "isReferencedBy": ["N/A"], "hasVersion": ["N/A"], "hasPolicy": ["N/A"], "hasCurrentVersion": ["N/A"], "useConstraints": ["N/A"], "status": ["N/A"], "spatialRepresentationType": ["N/A"], "scope": ["N/A"], "purpose": ["N/A"], "otherLocale": ["N/A"], "metadataProfile": ["N/A"], "metadataLinkage": ["N/A"], "metadataIdentifier": ["N/A"], "environmentDescription": ["N/A"], "contentInfo": ["N/A"], "ResearchInfrastructure": ["LifeWatch"], "EssentialVariables": ["N/A"], "potentialTopics": ["N/A"]}