{"url": ["https://metadatacatalogue.lifewatch.eu:/geonetwork/api/records/oai:marineinfo.org:id:dataset:5783"], "name": ["Benthic fauna of the Southwest Alentejo and Vicentine Coast Natural Park (SW Portugal) collected in August 2011"], "description": ["A macrozoobenthos species list is provided, based on datasets originated from infra and uppercircalittoral samples (10 to 53 m depth) collected in the soft sediment bottom off Sines within the marine area of the SouthwestAlentejo and Vicentine Coast Natural Park (SW Portugal). Species composition and abundance persampling station are provided."], "datePublished": ["2021-12-02"], "language": ["en"], "creator": ["\u00c2\u00a0Portuguese Institute of the SeaandAtmosphere- Maria-Jos\u00c3\u00a9 Gaud\u00c3\u00aancio "], "metadataProvider": ["\u00c2\u00a0Flanders Marine Institute(VLIZ) BEhttps://www.vliz.be"], "contact": ["\u00c2\u00a0Portuguese Institute of the SeaandAtmosphere- Alessandro Marraccini "], "associatedParty": [" pointOfContact\u00c2\u00a0Portuguese Institute of the SeaandAtmosphere- Miriam Tuaty-Guerra "], "licenseInformation": [" Intellectual Rights This work is licensed under a Creative Commons Attribution NonCommercial (CC-BY-NC) 4.0 License .\u00c2\u00a0 "], "downloadLink": ["https://metadatacatalogue.lifewatch.eu:/srv/eng/catalog.search#/metadata/oai:marineinfo.org:id:dataset:5783"], "keywords": ["N/A"], "geographicCoverage": ["Geographic Description ANE, Portugal"], "westBoundingCoordinate": ["-8.882183333"], "eastBoundingCoordinate": ["-8.798816667"], "northBoundingCoordinate": ["37.93438333"], "southBoundingCoordinate": ["37.8318"], "dateCreated": ["2011-08-01"], "temporalCoverageEndDate": ["2011-08-01"], "license": ["N/A"], "distribution": ["N/A"], "distributionInfo": ["N/A"], "identifier": ["https://metadatacatalogue.lifewatch.eu:/srv/eng/catalog.search#/metadata/oai:marineinfo.org:id:dataset:5783"], "accessibilitySummary": ["N/A"], "version": ["N/A"], "temporalCoverage": ["N/A"], "publisher": ["N/A"], "spatial": ["N/A"], "citation": ["N/A"], "genre": ["N/A"], "modificationDate": ["2021-12-02"], "image": ["N/A"], "thumbnailUrl": ["N/A"], "headline": ["Benthic fauna of the Southwest Alentejo and Vicentine Coast Natural Park (SW Portugal) collected in August 2011"], "abstract": ["A macrozoobenthos species list is provided, based on datasets originated from infra and uppercircalittoral samples (10 to 53 m depth) collected in the soft sediment bottom off Sines within the marine area of the SouthwestAlentejo and Vicentine Coast Natural Park (SW Portugal). Species composition and abundance persampling station are provided."], "theme": ["N/A"], "creditText": ["N/A"], "producer": ["\u00c2\u00a0Portuguese Institute of the SeaandAtmosphere- Maria-Jos\u00c3\u00a9 Gaud\u00c3\u00aancio "], "author": ["\u00c2\u00a0Portuguese Institute of the SeaandAtmosphere- Maria-Jos\u00c3\u00a9 Gaud\u00c3\u00aancio "], "spatialCoverage": [" Portugal"], "sponsor": ["N/A"], "size": ["N/A"], "sameAs": ["N/A"], "publication": ["N/A"], "provider": ["\u00c2\u00a0Portuguese Institute of the SeaandAtmosphere- Maria-Jos\u00c3\u00a9 Gaud\u00c3\u00aancio "], "position": ["N/A"], "measurementTechnique": ["N/A"], "material": ["N/A"], "maintainer": ["N/A"], "locationCreated": ["N/A"], "issn": ["N/A"], "isPartOf": ["N/A"], "isBasedOn": ["N/A"], "isAccessibleForFree": ["N/A"], "includedInDataCatalog": ["N/A"], "editor": ["N/A"], "editEIDR": ["N/A"], "copyrightYear": ["N/A"], "copyrightNotice": ["N/A"], "copyrightHolder": ["N/A"], "contributor": ["N/A"], "contentReferenceTime": ["N/A"], "contentLocation": ["N/A"], "character": ["N/A"], "acquireLicensePage": ["N/A"], "accessModeSufficient": ["N/A"], "about": ["N/A"], "rights": ["N/A"], "relation": ["N/A"], "qualifiedRelation": ["N/A"], "qualifiedAttribution": ["N/A"], "previousVersion": ["N/A"], "nextVersion": ["N/A"], "landingPage": ["N/A"], "isReferencedBy": ["N/A"], "hasVersion": ["N/A"], "hasPolicy": ["N/A"], "hasCurrentVersion": ["N/A"], "useConstraints": ["N/A"], "status": ["N/A"], "spatialRepresentationType": ["N/A"], "scope": ["N/A"], "purpose": ["N/A"], "otherLocale": ["N/A"], "metadataProfile": ["N/A"], "metadataLinkage": ["N/A"], "metadataIdentifier": ["N/A"], "environmentDescription": ["N/A"], "contentInfo": ["N/A"], "ResearchInfrastructure": ["LifeWatch"], "EssentialVariables": ["N/A"], "potentialTopics": ["N/A"]}