{"url": ["https://metadatacatalogue.lifewatch.eu:/geonetwork/api/records/oai:marineinfo.org:id:dataset:1855"], "name": ["Macrozoobenthos from the Belgian Continental Shelf, collected in 2000"], "description": ["56 samples of macrozoobenthoscollected in the Belgian part of the North Sea in 2000.Sampling device was a Van Veengrab."], "datePublished": ["2021-12-02"], "language": ["en"], "creator": ["\u00c2\u00a0Onderzoeksdomein Visserij "], "metadataProvider": ["\u00c2\u00a0Flanders Marine Institute(VLIZ) BEhttps://www.vliz.be"], "contact": ["\u00c2\u00a0Onderzoeksdomein Visserij- Hans Hillewaert "], "associatedParty": [" contentProvider\u00c2\u00a0Onderzoeksdomein Visserij- Hans Hillewaert "], "licenseInformation": [" Intellectual Rights This work is licensed under a Creative Commons Attribution (CC-BY) 4.0 License .\u00c2\u00a0 "], "downloadLink": ["https://metadatacatalogue.lifewatch.eu:/srv/eng/catalog.search#/metadata/oai:marineinfo.org:id:dataset:1855"], "keywords": ["Benthos Macrobenthos Zoobenthos"], "geographicCoverage": ["Geographic Description ANE, Belgium, Belgian Continental Shelf (BCS)"], "westBoundingCoordinate": ["2.4633333333"], "eastBoundingCoordinate": ["3.365"], "northBoundingCoordinate": ["51.8475"], "southBoundingCoordinate": ["51.184166666667"], "dateCreated": ["2000-01-01"], "temporalCoverageEndDate": ["2000-01-01"], "license": ["N/A"], "distribution": ["N/A"], "distributionInfo": ["N/A"], "identifier": ["https://metadatacatalogue.lifewatch.eu:/srv/eng/catalog.search#/metadata/oai:marineinfo.org:id:dataset:1855"], "accessibilitySummary": ["N/A"], "version": ["N/A"], "temporalCoverage": ["N/A"], "publisher": ["N/A"], "spatial": ["N/A"], "citation": ["N/A"], "genre": ["N/A"], "modificationDate": ["2021-12-02"], "image": ["N/A"], "thumbnailUrl": ["N/A"], "headline": ["Macrozoobenthos from the Belgian Continental Shelf, collected in 2000"], "abstract": ["56 samples of macrozoobenthoscollected in the Belgian part of the North Sea in 2000.Sampling device was a Van Veengrab."], "theme": ["N/A"], "creditText": ["N/A"], "producer": ["\u00c2\u00a0Onderzoeksdomein Visserij "], "author": ["\u00c2\u00a0Onderzoeksdomein Visserij "], "spatialCoverage": [" Belgium Belgian Continental Shelf (BCS)"], "sponsor": ["N/A"], "size": ["N/A"], "sameAs": ["N/A"], "publication": ["N/A"], "provider": ["\u00c2\u00a0Onderzoeksdomein Visserij "], "position": ["N/A"], "measurementTechnique": ["N/A"], "material": ["N/A"], "maintainer": ["N/A"], "locationCreated": ["N/A"], "issn": ["N/A"], "isPartOf": ["N/A"], "isBasedOn": ["N/A"], "isAccessibleForFree": ["N/A"], "includedInDataCatalog": ["N/A"], "editor": ["N/A"], "editEIDR": ["N/A"], "copyrightYear": ["N/A"], "copyrightNotice": ["N/A"], "copyrightHolder": ["N/A"], "contributor": ["N/A"], "contentReferenceTime": ["N/A"], "contentLocation": ["N/A"], "character": ["N/A"], "acquireLicensePage": ["N/A"], "accessModeSufficient": ["N/A"], "about": ["N/A"], "rights": ["N/A"], "relation": ["N/A"], "qualifiedRelation": ["N/A"], "qualifiedAttribution": ["N/A"], "previousVersion": ["N/A"], "nextVersion": ["N/A"], "landingPage": ["N/A"], "isReferencedBy": ["N/A"], "hasVersion": ["N/A"], "hasPolicy": ["N/A"], "hasCurrentVersion": ["N/A"], "useConstraints": ["N/A"], "status": ["N/A"], "spatialRepresentationType": ["N/A"], "scope": ["N/A"], "purpose": ["N/A"], "otherLocale": ["N/A"], "metadataProfile": ["N/A"], "metadataLinkage": ["N/A"], "metadataIdentifier": ["N/A"], "environmentDescription": ["N/A"], "contentInfo": ["N/A"], "ResearchInfrastructure": ["LifeWatch"], "EssentialVariables": ["N/A"], "potentialTopics": ["N/A"]}