{"url": ["https://metadatacatalogue.lifewatch.eu:/geonetwork/api/records/oai:marineinfo.org:id:dataset:4511"], "name": ["Abundance of Echinothrix diadema and its substrate coverage in the Mombasa Marine National Park and Reserve (Kenya) in September-October 1997"], "description": ["Absolute abundance of <i>Echinothrix diadema</i> in the MombasaMarineNational Park and Reserve in September-October 1997, together withpercentages of substrate cover (seagrasses, algae, corals, sediment) at the different sampling locations. The data were digitized by VLIZ from the original report: Van Hout,T. (1998). Patterns of distribution of Echinothrix diadema (Echinodermata:Echinoidea) in the Mombasa Marine NationalPark and Reserve, Kenya.MSc Thesis. Vrije UniversiteitBrussel: Brussel. 71 pp."], "datePublished": ["2021-12-02"], "language": ["en"], "creator": ["\u00c2\u00a0Kenya WildlifeService- Nyawira Muthiga "], "metadataProvider": ["\u00c2\u00a0Flanders Marine Institute(VLIZ) BEhttps://www.vliz.be"], "contact": ["\u00c2\u00a0Vlaams Instituut voor de Zee BE "], "associatedParty": [" custodianSteward\u00c2\u00a0Vlaams Instituut voor de Zee BE "], "licenseInformation": [" Intellectual Rights This work is licensed under a Creative Commons Attribution (CC-BY) 4.0 License .\u00c2\u00a0 "], "downloadLink": ["https://metadatacatalogue.lifewatch.eu:/geonetwork/eng/catalog.search#/metadata/oai:marineinfo.org:id:dataset:4511"], "keywords": ["Coverage Sea urchins Substrates"], "geographicCoverage": ["Geographic Description Mombasa Marine National Park and Reserve"], "westBoundingCoordinate": ["N/A"], "eastBoundingCoordinate": ["N/A"], "northBoundingCoordinate": ["N/A"], "southBoundingCoordinate": ["N/A"], "dateCreated": ["1997-09-30"], "temporalCoverageEndDate": ["1997-10-23"], "license": ["N/A"], "distribution": ["N/A"], "distributionInfo": ["N/A"], "identifier": ["https://metadatacatalogue.lifewatch.eu:/geonetwork/eng/catalog.search#/metadata/oai:marineinfo.org:id:dataset:4511"], "accessibilitySummary": ["N/A"], "version": ["N/A"], "temporalCoverage": ["N/A"], "publisher": ["N/A"], "spatial": ["N/A"], "citation": ["N/A"], "genre": ["N/A"], "modificationDate": ["2021-12-02"], "image": ["N/A"], "thumbnailUrl": ["N/A"], "headline": ["Abundance of Echinothrix diadema and its substrate coverage in the Mombasa Marine National Park and Reserve (Kenya) in September-October 1997"], "abstract": ["Absolute abundance of <i>Echinothrix diadema</i> in the MombasaMarineNational Park and Reserve in September-October 1997, together withpercentages of substrate cover (seagrasses, algae, corals, sediment) at the different sampling locations. The data were digitized by VLIZ from the original report: Van Hout,T. (1998). Patterns of distribution of Echinothrix diadema (Echinodermata:Echinoidea) in the Mombasa Marine NationalPark and Reserve, Kenya.MSc Thesis. Vrije UniversiteitBrussel: Brussel. 71 pp."], "theme": ["N/A"], "creditText": ["N/A"], "producer": ["\u00c2\u00a0Kenya WildlifeService- Nyawira Muthiga "], "author": ["\u00c2\u00a0Kenya WildlifeService- Nyawira Muthiga "], "spatialCoverage": [" Mombasa Marine National Park and Reserve"], "sponsor": ["N/A"], "size": ["N/A"], "sameAs": ["N/A"], "publication": ["N/A"], "provider": ["\u00c2\u00a0Kenya WildlifeService- Nyawira Muthiga "], "position": ["N/A"], "measurementTechnique": ["N/A"], "material": ["N/A"], "maintainer": ["N/A"], "locationCreated": ["N/A"], "issn": ["N/A"], "isPartOf": ["N/A"], "isBasedOn": ["N/A"], "isAccessibleForFree": ["N/A"], "includedInDataCatalog": ["N/A"], "editor": ["N/A"], "editEIDR": ["N/A"], "copyrightYear": ["N/A"], "copyrightNotice": ["N/A"], "copyrightHolder": ["N/A"], "contributor": ["N/A"], "contentReferenceTime": ["N/A"], "contentLocation": ["N/A"], "character": ["N/A"], "acquireLicensePage": ["N/A"], "accessModeSufficient": ["N/A"], "about": ["N/A"], "rights": ["N/A"], "relation": ["N/A"], "qualifiedRelation": ["N/A"], "qualifiedAttribution": ["N/A"], "previousVersion": ["N/A"], "nextVersion": ["N/A"], "landingPage": ["N/A"], "isReferencedBy": ["N/A"], "hasVersion": ["N/A"], "hasPolicy": ["N/A"], "hasCurrentVersion": ["N/A"], "useConstraints": ["N/A"], "status": ["N/A"], "spatialRepresentationType": ["N/A"], "scope": ["N/A"], "purpose": ["N/A"], "otherLocale": ["N/A"], "metadataProfile": ["N/A"], "metadataLinkage": ["N/A"], "metadataIdentifier": ["N/A"], "environmentDescription": ["N/A"], "contentInfo": ["N/A"], "ResearchInfrastructure": ["LifeWatch"], "EssentialVariables": ["N/A"], "potentialTopics": ["N/A"]}