{"url": ["https://metadatacatalogue.lifewatch.eu:/geonetwork/api/records/oai:marineinfo.org:id:dataset:4427"], "name": ["Counts of hyperbenthos of Gazi Bay (Kenya) sampled in October 1994"], "description": ["The spatial community structure of the hyperbenthos of Gazi bay was investigated during one week in October1994. 38 stations were sampled using a hyperbenthicsledge. The data were digitized by VLIZfrom the original report: Luhunga, B.Y. (1997). Spatial community structure of the hyperbenthos of GaziBay, Kenya. MSc Thesis. University of Gent, Zoology Institute, Marine Biology Section: Gent. 68 pp."], "datePublished": ["2021-12-02"], "language": ["en"], "creator": ["\u00c2\u00a0Universiteit Gent; Faculteit Wetenschappen; VakgroepBiologie Onderzoeksgroep Mariene Biologie BE "], "metadataProvider": ["\u00c2\u00a0Flanders Marine Institute(VLIZ) BEhttps://www.vliz.be"], "contact": ["\u00c2\u00a0Vlaams Instituut voor de Zee BE "], "associatedParty": [" custodianSteward\u00c2\u00a0Vlaams Instituut voor de Zee BE "], "licenseInformation": [" Intellectual Rights This work is licensed under a Creative Commons Attribution (CC-BY) 4.0 License .\u00c2\u00a0 "], "downloadLink": ["https://metadatacatalogue.lifewatch.eu:/geonetwork/eng/catalog.search#/metadata/oai:marineinfo.org:id:dataset:4427"], "keywords": ["Hyperbenthos"], "geographicCoverage": ["Geographic Description ISW, Kenya, GaziBay"], "westBoundingCoordinate": ["N/A"], "eastBoundingCoordinate": ["N/A"], "northBoundingCoordinate": ["N/A"], "southBoundingCoordinate": ["N/A"], "dateCreated": ["1994-10-18"], "temporalCoverageEndDate": ["1994-10-25"], "license": ["N/A"], "distribution": ["N/A"], "distributionInfo": ["N/A"], "identifier": ["https://metadatacatalogue.lifewatch.eu:/geonetwork/eng/catalog.search#/metadata/oai:marineinfo.org:id:dataset:4427"], "accessibilitySummary": ["N/A"], "version": ["N/A"], "temporalCoverage": ["N/A"], "publisher": ["N/A"], "spatial": ["N/A"], "citation": ["N/A"], "genre": ["N/A"], "modificationDate": ["2021-12-02"], "image": ["N/A"], "thumbnailUrl": ["N/A"], "headline": ["Counts of hyperbenthos of Gazi Bay (Kenya) sampled in October 1994"], "abstract": ["The spatial community structure of the hyperbenthos of Gazi bay was investigated during one week in October1994. 38 stations were sampled using a hyperbenthicsledge. The data were digitized by VLIZfrom the original report: Luhunga, B.Y. (1997). Spatial community structure of the hyperbenthos of GaziBay, Kenya. MSc Thesis. University of Gent, Zoology Institute, Marine Biology Section: Gent. 68 pp."], "theme": ["N/A"], "creditText": ["N/A"], "producer": ["\u00c2\u00a0Universiteit Gent; Faculteit Wetenschappen; VakgroepBiologie Onderzoeksgroep Mariene Biologie BE "], "author": ["\u00c2\u00a0Universiteit Gent; Faculteit Wetenschappen; VakgroepBiologie Onderzoeksgroep Mariene Biologie BE "], "spatialCoverage": [" Kenya GaziBay"], "sponsor": ["N/A"], "size": ["N/A"], "sameAs": ["N/A"], "publication": ["N/A"], "provider": ["\u00c2\u00a0Universiteit Gent; Faculteit Wetenschappen; VakgroepBiologie Onderzoeksgroep Mariene Biologie BE "], "position": ["N/A"], "measurementTechnique": ["N/A"], "material": ["N/A"], "maintainer": ["N/A"], "locationCreated": ["N/A"], "issn": ["N/A"], "isPartOf": ["N/A"], "isBasedOn": ["N/A"], "isAccessibleForFree": ["N/A"], "includedInDataCatalog": ["N/A"], "editor": ["N/A"], "editEIDR": ["N/A"], "copyrightYear": ["N/A"], "copyrightNotice": ["N/A"], "copyrightHolder": ["N/A"], "contributor": ["N/A"], "contentReferenceTime": ["N/A"], "contentLocation": ["N/A"], "character": ["N/A"], "acquireLicensePage": ["N/A"], "accessModeSufficient": ["N/A"], "about": ["N/A"], "rights": ["N/A"], "relation": ["N/A"], "qualifiedRelation": ["N/A"], "qualifiedAttribution": ["N/A"], "previousVersion": ["N/A"], "nextVersion": ["N/A"], "landingPage": ["N/A"], "isReferencedBy": ["N/A"], "hasVersion": ["N/A"], "hasPolicy": ["N/A"], "hasCurrentVersion": ["N/A"], "useConstraints": ["N/A"], "status": ["N/A"], "spatialRepresentationType": ["N/A"], "scope": ["N/A"], "purpose": ["N/A"], "otherLocale": ["N/A"], "metadataProfile": ["N/A"], "metadataLinkage": ["N/A"], "metadataIdentifier": ["N/A"], "environmentDescription": ["N/A"], "contentInfo": ["N/A"], "ResearchInfrastructure": ["LifeWatch"], "EssentialVariables": ["N/A"], "potentialTopics": ["N/A"]}