{"url": ["https://metadatacatalogue.lifewatch.eu:/geonetwork/api/records/oai:marineinfo.org:id:dataset:5712"], "name": ["Subtidal epibenthos and demersal fish monitoring in function of a foreshore suppletion at the Belgian coast, period 2013-2016"], "description": ["What ecological effects does a foreshore suppletion, anda beach suppletion, have on the marineecosystem in the intertidal and shallow surf zone (&lt;6 m depth)? The foreshore suppletion (400.000m\u00c2\u00b3) was by means of an experimental set-up in the shallow coastalzone (-1 to -2m TAW)of Mariakerke. Beside it, abeachnourishment was conducted at Mariakerke(681243m\u00c2\u00b3) and Middelkerke (968754m\u00c2\u00b3). For the Mariakerkearea, we collect biological and sedimentological samples in the impact area and in a control area(Bredene), before as after the suppletion, whereas for Middelkerke only the data after suppletionwas part of thestudy. We monitor the marine ecosystemwith a focus on thefauna within the sediment (macrofauna) and on the sediment (hyperbenthos, epi- and demersal fish fauna) in the intertidalzone and subtidalzone."], "datePublished": ["2021-12-02"], "language": ["en"], "creator": ["\u00c2\u00a0Vlaamse overheid; Beleidsdomein Landbouw enVisserij; Instituut voor landbouw- , visserij en voedingsonderzoek; Kenniseenheid: Dier; Aquatisch Milieu en Kwaliteit "], "metadataProvider": ["\u00c2\u00a0Flanders Marine Institute(VLIZ) BEhttps://www.vliz.be"], "contact": ["\u00c2\u00a0Vlaamse overheid; Beleidsdomein Landbouw en Visserij;Instituut voor landbouw-, visserij en voedingsonderzoek- Gert Van Hoey "], "associatedParty": [" contentProvider\u00c2\u00a0Vlaamse overheid; Beleidsdomein Landbouw en Visserij;Instituut voor landbouw-, visserij en voedingsonderzoek "], "licenseInformation": [" Intellectual Rights This work is licensed under a Creative Commons Attribution NonCommercial (CC-BY-NC) 4.0 License .\u00c2\u00a0 "], "downloadLink": ["https://metadatacatalogue.lifewatch.eu:/geonetwork/eng/catalog.search#/metadata/oai:marineinfo.org:id:dataset:5712"], "keywords": ["Coastal defences Demersal fishes Epibenthos foreshore suppletion"], "geographicCoverage": ["Geographic Description ANE, Belgium, Belgian Continental Shelf (BCS)"], "westBoundingCoordinate": ["2.865499702037"], "eastBoundingCoordinate": ["2.9584997016306"], "northBoundingCoordinate": ["51.266500346454"], "southBoundingCoordinate": ["51.220500274469"], "dateCreated": ["2013-01-01"], "temporalCoverageEndDate": ["2016-01-01"], "license": ["N/A"], "distribution": ["N/A"], "distributionInfo": ["N/A"], "identifier": ["https://metadatacatalogue.lifewatch.eu:/geonetwork/eng/catalog.search#/metadata/oai:marineinfo.org:id:dataset:5712"], "accessibilitySummary": ["N/A"], "version": ["N/A"], "temporalCoverage": ["N/A"], "publisher": ["N/A"], "spatial": ["N/A"], "citation": ["N/A"], "genre": ["N/A"], "modificationDate": ["2021-12-02"], "image": ["N/A"], "thumbnailUrl": ["N/A"], "headline": ["Subtidal epibenthos and demersal fish monitoring in function of a foreshore suppletion at the Belgian coast, period 2013-2016"], "abstract": ["What ecological effects does a foreshore suppletion, anda beach suppletion, have on the marineecosystem in the intertidal and shallow surf zone (&lt;6 m depth)? The foreshore suppletion (400.000m\u00c2\u00b3) was by means of an experimental set-up in the shallow coastalzone (-1 to -2m TAW)of Mariakerke. Beside it, abeachnourishment was conducted at Mariakerke(681243m\u00c2\u00b3) and Middelkerke (968754m\u00c2\u00b3). For the Mariakerkearea, we collect biological and sedimentological samples in the impact area and in a control area(Bredene), before as after the suppletion, whereas for Middelkerke only the data after suppletionwas part of thestudy. We monitor the marine ecosystemwith a focus on thefauna within the sediment (macrofauna) and on the sediment (hyperbenthos, epi- and demersal fish fauna) in the intertidalzone and subtidalzone."], "theme": ["N/A"], "creditText": ["N/A"], "producer": ["\u00c2\u00a0Vlaamse overheid; Beleidsdomein Landbouw enVisserij; Instituut voor landbouw- , visserij en voedingsonderzoek; Kenniseenheid: Dier; Aquatisch Milieu en Kwaliteit "], "author": ["\u00c2\u00a0Vlaamse overheid; Beleidsdomein Landbouw enVisserij; Instituut voor landbouw- , visserij en voedingsonderzoek; Kenniseenheid: Dier; Aquatisch Milieu en Kwaliteit "], "spatialCoverage": [" Belgium Belgian Continental Shelf (BCS)"], "sponsor": ["N/A"], "size": ["N/A"], "sameAs": ["N/A"], "publication": ["N/A"], "provider": ["\u00c2\u00a0Vlaamse overheid; Beleidsdomein Landbouw enVisserij; Instituut voor landbouw- , visserij en voedingsonderzoek; Kenniseenheid: Dier; Aquatisch Milieu en Kwaliteit "], "position": ["N/A"], "measurementTechnique": ["N/A"], "material": ["N/A"], "maintainer": ["N/A"], "locationCreated": ["N/A"], "issn": ["N/A"], "isPartOf": ["N/A"], "isBasedOn": ["N/A"], "isAccessibleForFree": ["N/A"], "includedInDataCatalog": ["N/A"], "editor": ["N/A"], "editEIDR": ["N/A"], "copyrightYear": ["N/A"], "copyrightNotice": ["N/A"], "copyrightHolder": ["N/A"], "contributor": ["N/A"], "contentReferenceTime": ["N/A"], "contentLocation": ["N/A"], "character": ["N/A"], "acquireLicensePage": ["N/A"], "accessModeSufficient": ["N/A"], "about": ["N/A"], "rights": ["N/A"], "relation": ["N/A"], "qualifiedRelation": ["N/A"], "qualifiedAttribution": ["N/A"], "previousVersion": ["N/A"], "nextVersion": ["N/A"], "landingPage": ["N/A"], "isReferencedBy": ["N/A"], "hasVersion": ["N/A"], "hasPolicy": ["N/A"], "hasCurrentVersion": ["N/A"], "useConstraints": ["N/A"], "status": ["N/A"], "spatialRepresentationType": ["N/A"], "scope": ["N/A"], "purpose": ["N/A"], "otherLocale": ["N/A"], "metadataProfile": ["N/A"], "metadataLinkage": ["N/A"], "metadataIdentifier": ["N/A"], "environmentDescription": ["N/A"], "contentInfo": ["N/A"], "ResearchInfrastructure": ["LifeWatch"], "EssentialVariables": ["N/A"], "potentialTopics": ["N/A"]}