{"url": ["https://metadatacatalogue.lifewatch.eu:/srv/api/records/oai:marineinfo.org:id:dataset:2909"], "name": ["Monitoring Porto 2006-2008"], "description": ["The data was collected underthe MARBEF BIOFUSE long term monitoringprogram. Each participant of this program is selected 5 shores, chosen to maximise likelihood of differences in diversity (e.g. alonggradient of stress - waveexposure, pollution, etc or with different recruitmentregimes). Fixed samplingunits randomly selected. Size of samplingAtlantic 50 x 50 cm quadrat. 5 quadrats, grid of 25 squaresused to give visual estimate to nearest 5 % cover. 2 samples per year (ieevery 6 months) for 2 years commencingWinter 2005-6. Taxonomic resolution: best possibleresolution achievable non-destructively in the field, includingmacrofauna (visible to nakedeye)."], "datePublished": ["2021-12-02"], "language": ["en"], "creator": ["\u00c2\u00a0University of Porto Interdisciplinary Centre for Marine and Environmental Research(Porto) PT "], "metadataProvider": ["\u00c2\u00a0Flanders Marine Institute(VLIZ) BEhttps://www.vliz.be"], "contact": ["\u00c2\u00a0University of Porto; Interdisciplinary Centre for Marine and Environmental Research(Porto)- Isabel Sousa Pinto "], "associatedParty": ["N/A"], "licenseInformation": [" Intellectual Rights This work is licensed under a Creative Commons Attribution (CC-BY) 4.0 License .\u00c2\u00a0 "], "downloadLink": ["https://metadatacatalogue.lifewatch.eu:/geonetwork/eng/catalog.search#/metadata/oai:marineinfo.org:id:dataset:2909"], "keywords": ["Data Marine Genomics"], "geographicCoverage": ["Geographic Description ANE, Portugal > stationPortugal Bounding Box West Bounding Coordinate -8.6558 East Bounding Coordinate -8.87734 North Bounding Coordinate 41.74468 South Bounding Coordinate 41.0505"], "westBoundingCoordinate": ["-8.6558"], "eastBoundingCoordinate": ["-8.87734"], "northBoundingCoordinate": ["41.74468"], "southBoundingCoordinate": ["41.0505"], "dateCreated": ["2006-02-27"], "temporalCoverageEndDate": ["2008-04-07"], "license": ["N/A"], "distribution": ["N/A"], "distributionInfo": ["N/A"], "identifier": ["https://metadatacatalogue.lifewatch.eu:/geonetwork/eng/catalog.search#/metadata/oai:marineinfo.org:id:dataset:2909"], "accessibilitySummary": ["N/A"], "version": ["N/A"], "temporalCoverage": ["N/A"], "publisher": ["N/A"], "spatial": ["N/A"], "citation": ["N/A"], "genre": ["N/A"], "modificationDate": ["2021-12-02"], "image": ["N/A"], "thumbnailUrl": ["N/A"], "headline": ["Monitoring Porto 2006-2008"], "abstract": ["The data was collected underthe MARBEF BIOFUSE long term monitoringprogram. Each participant of this program is selected 5 shores, chosen to maximise likelihood of differences in diversity (e.g. alonggradient of stress - waveexposure, pollution, etc or with different recruitmentregimes). Fixed samplingunits randomly selected. Size of samplingAtlantic 50 x 50 cm quadrat. 5 quadrats, grid of 25 squaresused to give visual estimate to nearest 5 % cover. 2 samples per year (ieevery 6 months) for 2 years commencingWinter 2005-6. Taxonomic resolution: best possibleresolution achievable non-destructively in the field, includingmacrofauna (visible to nakedeye)."], "theme": ["N/A"], "creditText": ["N/A"], "producer": ["\u00c2\u00a0University of Porto Interdisciplinary Centre for Marine and Environmental Research(Porto) PT "], "author": ["\u00c2\u00a0University of Porto Interdisciplinary Centre for Marine and Environmental Research(Porto) PT "], "spatialCoverage": [" Portugal > stationPortugal Bounding Box West Bounding Coordinate -8.6558 East Bounding Coordinate -8.87734 North Bounding Coordinate 41.74468 South Bounding Coordinate 41.0505"], "sponsor": ["N/A"], "size": ["N/A"], "sameAs": ["N/A"], "publication": ["N/A"], "provider": ["\u00c2\u00a0University of Porto Interdisciplinary Centre for Marine and Environmental Research(Porto) PT "], "position": ["N/A"], "measurementTechnique": ["N/A"], "material": ["N/A"], "maintainer": ["N/A"], "locationCreated": ["N/A"], "issn": ["N/A"], "isPartOf": ["N/A"], "isBasedOn": ["N/A"], "isAccessibleForFree": ["N/A"], "includedInDataCatalog": ["N/A"], "editor": ["N/A"], "editEIDR": ["N/A"], "copyrightYear": ["N/A"], "copyrightNotice": ["N/A"], "copyrightHolder": ["N/A"], "contributor": ["N/A"], "contentReferenceTime": ["N/A"], "contentLocation": ["N/A"], "character": ["N/A"], "acquireLicensePage": ["N/A"], "accessModeSufficient": ["N/A"], "about": ["N/A"], "rights": ["N/A"], "relation": ["N/A"], "qualifiedRelation": ["N/A"], "qualifiedAttribution": ["N/A"], "previousVersion": ["N/A"], "nextVersion": ["N/A"], "landingPage": ["N/A"], "isReferencedBy": ["N/A"], "hasVersion": ["N/A"], "hasPolicy": ["N/A"], "hasCurrentVersion": ["N/A"], "useConstraints": ["N/A"], "status": ["N/A"], "spatialRepresentationType": ["N/A"], "scope": ["N/A"], "purpose": ["N/A"], "otherLocale": ["N/A"], "metadataProfile": ["N/A"], "metadataLinkage": ["N/A"], "metadataIdentifier": ["N/A"], "environmentDescription": ["N/A"], "contentInfo": ["N/A"], "ResearchInfrastructure": ["LifeWatch"], "EssentialVariables": ["N/A"], "potentialTopics": ["N/A"]}