{"url": ["https://metadatacatalogue.lifewatch.eu:/srv/api/records/oai:marineinfo.org:id:dataset:4673"], "name": ["POPA- Fisheries Observer Program of the Azores: Fish caught to be used as bait in the Azores tuna fishery from 1998 to 2013"], "description": ["Small pelagic species that arecaught to be usedas bait for tuna fishery in pole and line boats."], "datePublished": ["2021-12-02"], "language": ["en"], "creator": ["\u00c2\u00a0Institute of MarineResearch "], "metadataProvider": ["\u00c2\u00a0Flanders Marine Institute(VLIZ) BEhttps://www.vliz.be"], "contact": ["\u00c2\u00a0University of the Azores; Departmentof Oceanography and Fisheries- Diana Catarino "], "associatedParty": [" pointOfContact\u00c2\u00a0University of the Azores; Departmentof Oceanography and Fisheries- Miguel Machete "], "licenseInformation": [" Intellectual Rights This work is licensed under a Creative Commons Attribution NonCommercial (CC-BY-NC) 4.0 License .\u00c2\u00a0 "], "downloadLink": ["https://metadatacatalogue.lifewatch.eu:/srv/eng/catalog.search#/metadata/oai:marineinfo.org:id:dataset:4673"], "keywords": ["Bait fishing Tuna fisheries"], "geographicCoverage": ["Geographic Description ANE, Azores"], "westBoundingCoordinate": ["-49.13915"], "eastBoundingCoordinate": ["-10"], "northBoundingCoordinate": ["57.33333333"], "southBoundingCoordinate": ["23.5"], "dateCreated": ["1998-01-01"], "temporalCoverageEndDate": ["2013-01-01"], "license": ["N/A"], "distribution": ["N/A"], "distributionInfo": ["N/A"], "identifier": ["https://metadatacatalogue.lifewatch.eu:/srv/eng/catalog.search#/metadata/oai:marineinfo.org:id:dataset:4673"], "accessibilitySummary": ["N/A"], "version": ["N/A"], "temporalCoverage": ["N/A"], "publisher": ["N/A"], "spatial": ["N/A"], "citation": ["N/A"], "genre": ["N/A"], "modificationDate": ["2021-12-02"], "image": ["N/A"], "thumbnailUrl": ["N/A"], "headline": ["POPA- Fisheries Observer Program of the Azores: Fish caught to be used as bait in the Azores tuna fishery from 1998 to 2013"], "abstract": ["Small pelagic species that arecaught to be usedas bait for tuna fishery in pole and line boats."], "theme": ["N/A"], "creditText": ["N/A"], "producer": ["\u00c2\u00a0Institute of MarineResearch "], "author": ["\u00c2\u00a0Institute of MarineResearch "], "spatialCoverage": [" Azores"], "sponsor": ["N/A"], "size": ["N/A"], "sameAs": ["N/A"], "publication": ["N/A"], "provider": ["\u00c2\u00a0Institute of MarineResearch "], "position": ["N/A"], "measurementTechnique": ["N/A"], "material": ["N/A"], "maintainer": ["N/A"], "locationCreated": ["N/A"], "issn": ["N/A"], "isPartOf": ["N/A"], "isBasedOn": ["N/A"], "isAccessibleForFree": ["N/A"], "includedInDataCatalog": ["N/A"], "editor": ["N/A"], "editEIDR": ["N/A"], "copyrightYear": ["N/A"], "copyrightNotice": ["N/A"], "copyrightHolder": ["N/A"], "contributor": ["N/A"], "contentReferenceTime": ["N/A"], "contentLocation": ["N/A"], "character": ["N/A"], "acquireLicensePage": ["N/A"], "accessModeSufficient": ["N/A"], "about": ["N/A"], "rights": ["N/A"], "relation": ["N/A"], "qualifiedRelation": ["N/A"], "qualifiedAttribution": ["N/A"], "previousVersion": ["N/A"], "nextVersion": ["N/A"], "landingPage": ["N/A"], "isReferencedBy": ["N/A"], "hasVersion": ["N/A"], "hasPolicy": ["N/A"], "hasCurrentVersion": ["N/A"], "useConstraints": ["N/A"], "status": ["N/A"], "spatialRepresentationType": ["N/A"], "scope": ["N/A"], "purpose": ["N/A"], "otherLocale": ["N/A"], "metadataProfile": ["N/A"], "metadataLinkage": ["N/A"], "metadataIdentifier": ["N/A"], "environmentDescription": ["N/A"], "contentInfo": ["N/A"], "ResearchInfrastructure": ["LifeWatch"], "EssentialVariables": ["N/A"], "potentialTopics": ["N/A"]}