{"url": ["https://metadatacatalogue.lifewatch.eu:/geonetwork/api/records/oai:marineinfo.org:id:dataset:2455"], "name": ["SHARK - National Epibenthos monitoring in Sweden since 1992"], "description": [" Epibenthos has been nationally monitored in Sweden since 1992.The monitoring program was initiated by the Swedish Environmental Protection Agency and later the Swedish Agency for Marine and Water Management took over the responsibility and financingof the program. The monitoring is performed by Stockholm University, University of Gothenburg and Linnaeus University. The datais stored in the database SHARK,hosted and maintained by the Swedish Meteorological and HydrologicalInstitute. The epibenthos monitoring program studies hard and softbottoms from the surface down to 10-20 meters. Data is collected in transects or squares with help of divers.Species abundances are determined directly by thedivers or photographs are taken and analyzed later. More information is available in Swedish at https://www.havochvatten.se/hav/samordning--fakta/miljoovervakning/miljoovervakningens-programomrade-kust-och-hav/delprogram-vegetationskladda-bottnar.html"], "datePublished": ["2021-12-02"], "language": ["en"], "creator": ["\u00c2\u00a0Linnaeus University "], "metadataProvider": ["\u00c2\u00a0Flanders Marine Institute(VLIZ) BEhttps://www.vliz.be"], "contact": ["\u00c2\u00a0Flanders Marine Institute(VLIZ) BEhttps://www.vliz.be"], "associatedParty": ["N/A"], "licenseInformation": [" Intellectual Rights This work is licensed under a Creative Commons Attribution (CC-BY) 4.0 License .\u00c2\u00a0 "], "downloadLink": ["https://metadatacatalogue.lifewatch.eu:/srv/eng/catalog.search#/metadata/oai:marineinfo.org:id:dataset:2455"], "keywords": ["Benthos Long-term monitoring"], "geographicCoverage": ["Geographic Description ANE, Baltic"], "westBoundingCoordinate": ["11.06642"], "eastBoundingCoordinate": ["22.69347"], "northBoundingCoordinate": ["65.1196"], "southBoundingCoordinate": ["55.66146"], "dateCreated": ["N/A"], "temporalCoverageEndDate": ["N/A"], "license": ["N/A"], "distribution": ["N/A"], "distributionInfo": ["N/A"], "identifier": ["https://metadatacatalogue.lifewatch.eu:/srv/eng/catalog.search#/metadata/oai:marineinfo.org:id:dataset:2455"], "accessibilitySummary": ["N/A"], "version": ["N/A"], "temporalCoverage": ["N/A"], "publisher": ["N/A"], "spatial": ["N/A"], "citation": ["N/A"], "genre": ["N/A"], "modificationDate": ["2021-12-02"], "image": ["N/A"], "thumbnailUrl": ["N/A"], "headline": ["SHARK - National Epibenthos monitoring in Sweden since 1992"], "abstract": [" Epibenthos has been nationally monitored in Sweden since 1992.The monitoring program was initiated by the Swedish Environmental Protection Agency and later the Swedish Agency for Marine and Water Management took over the responsibility and financingof the program. The monitoring is performed by Stockholm University, University of Gothenburg and Linnaeus University. The datais stored in the database SHARK,hosted and maintained by the Swedish Meteorological and HydrologicalInstitute. The epibenthos monitoring program studies hard and softbottoms from the surface down to 10-20 meters. Data is collected in transects or squares with help of divers.Species abundances are determined directly by thedivers or photographs are taken and analyzed later. More information is available in Swedish at https://www.havochvatten.se/hav/samordning--fakta/miljoovervakning/miljoovervakningens-programomrade-kust-och-hav/delprogram-vegetationskladda-bottnar.html"], "theme": ["N/A"], "creditText": ["N/A"], "producer": ["\u00c2\u00a0Linnaeus University "], "author": ["\u00c2\u00a0Linnaeus University "], "spatialCoverage": [" Baltic"], "sponsor": ["N/A"], "size": ["N/A"], "sameAs": ["N/A"], "publication": ["N/A"], "provider": ["\u00c2\u00a0Linnaeus University "], "position": ["N/A"], "measurementTechnique": ["N/A"], "material": ["N/A"], "maintainer": ["N/A"], "locationCreated": ["N/A"], "issn": ["N/A"], "isPartOf": ["N/A"], "isBasedOn": ["N/A"], "isAccessibleForFree": ["N/A"], "includedInDataCatalog": ["N/A"], "editor": ["N/A"], "editEIDR": ["N/A"], "copyrightYear": ["N/A"], "copyrightNotice": ["N/A"], "copyrightHolder": ["N/A"], "contributor": ["N/A"], "contentReferenceTime": ["N/A"], "contentLocation": ["N/A"], "character": ["N/A"], "acquireLicensePage": ["N/A"], "accessModeSufficient": ["N/A"], "about": ["N/A"], "rights": ["N/A"], "relation": ["N/A"], "qualifiedRelation": ["N/A"], "qualifiedAttribution": ["N/A"], "previousVersion": ["N/A"], "nextVersion": ["N/A"], "landingPage": ["N/A"], "isReferencedBy": ["N/A"], "hasVersion": ["N/A"], "hasPolicy": ["N/A"], "hasCurrentVersion": ["N/A"], "useConstraints": ["N/A"], "status": ["N/A"], "spatialRepresentationType": ["N/A"], "scope": ["N/A"], "purpose": ["N/A"], "otherLocale": ["N/A"], "metadataProfile": ["N/A"], "metadataLinkage": ["N/A"], "metadataIdentifier": ["N/A"], "environmentDescription": ["N/A"], "contentInfo": ["N/A"], "ResearchInfrastructure": ["LifeWatch"], "EssentialVariables": ["N/A"], "potentialTopics": ["N/A"]}