{"url": ["https://metadatacatalogue.lifewatch.eu:/geonetwork/api/records/oai:marineinfo.org:id:dataset:3080"], "name": ["Tethys Research Institute shipboard survey cetacean sightings 1986-2012"], "description": ["This dataset, belonging as a whole to Tethys ResearchInstitute, comprises the workcarried out between 1986 and 2012mainly in the Mediterranean Sea and in particular in the Corso-Ligurian-Provencalbasin, in the Ionian Sea and in the Adriatic Sea. Research has also been carried out investigatingcetaceans in Atlantic Ocean(Canary Islands, Morocco coasts) and inthe Caribbean Sea. The dataset generated includesmore than 8.400 sightingsof cetaceans collected in 25years of research activity."], "datePublished": ["2021-12-02"], "language": ["en"], "creator": ["\u00c2\u00a0Tethys Research Institute IT "], "metadataProvider": ["\u00c2\u00a0Flanders Marine Institute(VLIZ) BEhttps://www.vliz.be"], "contact": ["\u00c2\u00a0Tethys Research Institute- Caterina Lanfredi "], "associatedParty": [" pointOfContact\u00c2\u00a0Tethys Research Institute- Giuseppe Notarbartolo di Sciara "], "licenseInformation": [" Intellectual Rights This work is licensed under a Creative Commons Attribution NonCommercial (CC-BY-NC) 4.0 License .\u00c2\u00a0 "], "downloadLink": ["https://metadatacatalogue.lifewatch.eu:/srv/eng/catalog.search#/metadata/oai:marineinfo.org:id:dataset:3080"], "keywords": ["Cetacea Marine mammals"], "geographicCoverage": ["Geographic Description Atlantic Ocean (Canary Islands, Morocco coasts) > station Canary Islands, Moroccocoasts"], "westBoundingCoordinate": ["N/A"], "eastBoundingCoordinate": ["N/A"], "northBoundingCoordinate": ["N/A"], "southBoundingCoordinate": ["N/A"], "dateCreated": ["1986-07-11"], "temporalCoverageEndDate": ["2010-10-16"], "license": ["N/A"], "distribution": ["N/A"], "distributionInfo": ["N/A"], "identifier": ["https://metadatacatalogue.lifewatch.eu:/srv/eng/catalog.search#/metadata/oai:marineinfo.org:id:dataset:3080"], "accessibilitySummary": ["N/A"], "version": ["N/A"], "temporalCoverage": ["N/A"], "publisher": ["N/A"], "spatial": ["N/A"], "citation": ["N/A"], "genre": ["N/A"], "modificationDate": ["2021-12-02"], "image": ["N/A"], "thumbnailUrl": ["N/A"], "headline": ["Tethys Research Institute shipboard survey cetacean sightings 1986-2012"], "abstract": ["This dataset, belonging as a whole to Tethys ResearchInstitute, comprises the workcarried out between 1986 and 2012mainly in the Mediterranean Sea and in particular in the Corso-Ligurian-Provencalbasin, in the Ionian Sea and in the Adriatic Sea. Research has also been carried out investigatingcetaceans in Atlantic Ocean(Canary Islands, Morocco coasts) and inthe Caribbean Sea. The dataset generated includesmore than 8.400 sightingsof cetaceans collected in 25years of research activity."], "theme": ["N/A"], "creditText": ["N/A"], "producer": ["\u00c2\u00a0Tethys Research Institute IT "], "author": ["\u00c2\u00a0Tethys Research Institute IT "], "spatialCoverage": [" Atlantic Ocean (Canary Islands Morocco coasts) > station Canary Islands Moroccocoasts"], "sponsor": ["N/A"], "size": ["N/A"], "sameAs": ["N/A"], "publication": ["N/A"], "provider": ["\u00c2\u00a0Tethys Research Institute IT "], "position": ["N/A"], "measurementTechnique": ["N/A"], "material": ["N/A"], "maintainer": ["N/A"], "locationCreated": ["N/A"], "issn": ["N/A"], "isPartOf": ["N/A"], "isBasedOn": ["N/A"], "isAccessibleForFree": ["N/A"], "includedInDataCatalog": ["N/A"], "editor": ["N/A"], "editEIDR": ["N/A"], "copyrightYear": ["N/A"], "copyrightNotice": ["N/A"], "copyrightHolder": ["N/A"], "contributor": ["N/A"], "contentReferenceTime": ["N/A"], "contentLocation": ["N/A"], "character": ["N/A"], "acquireLicensePage": ["N/A"], "accessModeSufficient": ["N/A"], "about": ["N/A"], "rights": ["N/A"], "relation": ["N/A"], "qualifiedRelation": ["N/A"], "qualifiedAttribution": ["N/A"], "previousVersion": ["N/A"], "nextVersion": ["N/A"], "landingPage": ["N/A"], "isReferencedBy": ["N/A"], "hasVersion": ["N/A"], "hasPolicy": ["N/A"], "hasCurrentVersion": ["N/A"], "useConstraints": ["N/A"], "status": ["N/A"], "spatialRepresentationType": ["N/A"], "scope": ["N/A"], "purpose": ["N/A"], "otherLocale": ["N/A"], "metadataProfile": ["N/A"], "metadataLinkage": ["N/A"], "metadataIdentifier": ["N/A"], "environmentDescription": ["N/A"], "contentInfo": ["N/A"], "ResearchInfrastructure": ["LifeWatch"], "EssentialVariables": ["N/A"], "potentialTopics": ["N/A"]}