{"url": ["https://metadatacatalogue.lifewatch.eu:/geonetwork/api/records/oai:marineinfo.org:id:dataset:2458"], "name": ["SHARK - National Ringed seal monitoring in Sweden since 1995"], "description": [" Data from Swedish environmental monitoring of abundance of Ringed seal. Swedish monitoring of Ringedsealsstarted in 1995. The monitoringprogram was initiatedby the Swedish Environmental Protection Agency and later the Swedish Agency forMarine and Water Management took over the responsibility and financing of the program. The monitoring is performed by the Swedish Museumof Natural History. Data is stored in the database SHARK,hosted and maintainedby the Swedish Meteorological and Hydrological Institute. Monitoring of ringed seal is performed by counting seals in transects fromairplane. More information is available in Swedish at https://www.havochvatten.se/hav/samordning--fakta/miljoovervakning/miljoovervakningens-programomrade-kust-och-hav/delprogram-sal-och-havsorn.html"], "datePublished": ["2021-12-02"], "language": ["en"], "creator": ["\u00c2\u00a0Swedish Agency for Marineand Water Management "], "metadataProvider": ["\u00c2\u00a0Flanders Marine Institute(VLIZ) BEhttps://www.vliz.be"], "contact": ["\u00c2\u00a0Swedish Meteorological and HydrologicalInstitute- Lisa Sundqvist "], "associatedParty": ["N/A"], "licenseInformation": [" Intellectual Rights This work is licensed under a Creative Commons Attribution (CC-BY) 4.0 License .\u00c2\u00a0 "], "downloadLink": ["https://metadatacatalogue.lifewatch.eu:/srv/eng/catalog.search#/metadata/oai:marineinfo.org:id:dataset:2458"], "keywords": ["Air monitoring Long-term monitoring Marine mammals Seals (animals) Top predators"], "geographicCoverage": ["Geographic Description ANE: Baltic Sea,Gulf of Bothnia"], "westBoundingCoordinate": ["21.31667"], "eastBoundingCoordinate": ["25.19544"], "northBoundingCoordinate": ["65.775"], "southBoundingCoordinate": ["63.52"], "dateCreated": ["1996-01-01"], "temporalCoverageEndDate": ["1996-01-01"], "license": ["N/A"], "distribution": ["N/A"], "distributionInfo": ["N/A"], "identifier": ["https://metadatacatalogue.lifewatch.eu:/srv/eng/catalog.search#/metadata/oai:marineinfo.org:id:dataset:2458"], "accessibilitySummary": ["N/A"], "version": ["N/A"], "temporalCoverage": ["N/A"], "publisher": ["N/A"], "spatial": ["N/A"], "citation": ["N/A"], "genre": ["N/A"], "modificationDate": ["2021-12-02"], "image": ["N/A"], "thumbnailUrl": ["N/A"], "headline": ["SHARK - National Ringed seal monitoring in Sweden since 1995"], "abstract": [" Data from Swedish environmental monitoring of abundance of Ringed seal. Swedish monitoring of Ringedsealsstarted in 1995. The monitoringprogram was initiatedby the Swedish Environmental Protection Agency and later the Swedish Agency forMarine and Water Management took over the responsibility and financing of the program. The monitoring is performed by the Swedish Museumof Natural History. Data is stored in the database SHARK,hosted and maintainedby the Swedish Meteorological and Hydrological Institute. Monitoring of ringed seal is performed by counting seals in transects fromairplane. More information is available in Swedish at https://www.havochvatten.se/hav/samordning--fakta/miljoovervakning/miljoovervakningens-programomrade-kust-och-hav/delprogram-sal-och-havsorn.html"], "theme": ["N/A"], "creditText": ["N/A"], "producer": ["\u00c2\u00a0Swedish Agency for Marineand Water Management "], "author": ["\u00c2\u00a0Swedish Agency for Marineand Water Management "], "spatialCoverage": [" Baltic SeaGulf of Bothnia"], "sponsor": ["N/A"], "size": ["N/A"], "sameAs": ["N/A"], "publication": ["N/A"], "provider": ["\u00c2\u00a0Swedish Agency for Marineand Water Management "], "position": ["N/A"], "measurementTechnique": ["N/A"], "material": ["N/A"], "maintainer": ["N/A"], "locationCreated": ["N/A"], "issn": ["N/A"], "isPartOf": ["N/A"], "isBasedOn": ["N/A"], "isAccessibleForFree": ["N/A"], "includedInDataCatalog": ["N/A"], "editor": ["N/A"], "editEIDR": ["N/A"], "copyrightYear": ["N/A"], "copyrightNotice": ["N/A"], "copyrightHolder": ["N/A"], "contributor": ["N/A"], "contentReferenceTime": ["N/A"], "contentLocation": ["N/A"], "character": ["N/A"], "acquireLicensePage": ["N/A"], "accessModeSufficient": ["N/A"], "about": ["N/A"], "rights": ["N/A"], "relation": ["N/A"], "qualifiedRelation": ["N/A"], "qualifiedAttribution": ["N/A"], "previousVersion": ["N/A"], "nextVersion": ["N/A"], "landingPage": ["N/A"], "isReferencedBy": ["N/A"], "hasVersion": ["N/A"], "hasPolicy": ["N/A"], "hasCurrentVersion": ["N/A"], "useConstraints": ["N/A"], "status": ["N/A"], "spatialRepresentationType": ["N/A"], "scope": ["N/A"], "purpose": ["N/A"], "otherLocale": ["N/A"], "metadataProfile": ["N/A"], "metadataLinkage": ["N/A"], "metadataIdentifier": ["N/A"], "environmentDescription": ["N/A"], "contentInfo": ["N/A"], "ResearchInfrastructure": ["LifeWatch"], "EssentialVariables": ["N/A"], "potentialTopics": ["N/A"]}