{"url": ["https://metadatacatalogue.lifewatch.eu:/srv/api/records/oai:marineinfo.org:id:dataset:593"], "name": ["Survey dataset on Pomatoschistus minutus (Pallas, 1770) and other gobies at the Belgian Coast, Oosterschelde, Westerschelde and at nuclear plants near Doel & Borssele"], "description": ["This dataset was generated by the Laboratory of Aquatic Ecology (KULeuven) and contains data thatwasgathered during a surveyon <i>Pomatoschistus minutus</i> at the BelgianCoast,Oosterschelde,Westerschelde and at nuclear plantsnear Doel & Borssele."], "datePublished": ["2021-12-02"], "language": ["en"], "creator": ["\u00c2\u00a0Katholieke Universiteit Leuven; DepartementBiologie; Afdeling Dierenecologie en -systematiek; Diversiteit en Systematiek van Dieren "], "metadataProvider": ["\u00c2\u00a0Flanders Marine Institute(VLIZ) BEhttps://www.vliz.be"], "contact": ["\u00c2\u00a0Flanders Marine Institute(VLIZ) BEhttps://www.vliz.be"], "associatedParty": ["N/A"], "licenseInformation": [" Intellectual Rights This work is licensed under a Creative Commons Attribution (CC-BY) 4.0 License .\u00c2\u00a0 "], "downloadLink": ["https://metadatacatalogue.lifewatch.eu:/srv/eng/catalog.search#/metadata/oai:marineinfo.org:id:dataset:593"], "keywords": ["Fish"], "geographicCoverage": ["Geographic Description ANE, Belgium, BelgianCoast"], "westBoundingCoordinate": ["2.1333334445953"], "eastBoundingCoordinate": ["4.2699999809265"], "northBoundingCoordinate": ["51.75"], "southBoundingCoordinate": ["51.05916595459"], "dateCreated": ["2003-04-01"], "temporalCoverageEndDate": ["2005-12-01"], "license": ["N/A"], "distribution": ["N/A"], "distributionInfo": ["N/A"], "identifier": ["https://metadatacatalogue.lifewatch.eu:/srv/eng/catalog.search#/metadata/oai:marineinfo.org:id:dataset:593"], "accessibilitySummary": ["N/A"], "version": ["N/A"], "temporalCoverage": ["N/A"], "publisher": ["N/A"], "spatial": ["N/A"], "citation": ["N/A"], "genre": ["N/A"], "modificationDate": ["2021-12-02"], "image": ["N/A"], "thumbnailUrl": ["N/A"], "headline": ["Survey dataset on Pomatoschistus minutus (Pallas, 1770) and other gobies at the Belgian Coast, Oosterschelde, Westerschelde and at nuclear plants near Doel & Borssele"], "abstract": ["This dataset was generated by the Laboratory of Aquatic Ecology (KULeuven) and contains data thatwasgathered during a surveyon <i>Pomatoschistus minutus</i> at the BelgianCoast,Oosterschelde,Westerschelde and at nuclear plantsnear Doel & Borssele."], "theme": ["N/A"], "creditText": ["N/A"], "producer": ["\u00c2\u00a0Katholieke Universiteit Leuven; DepartementBiologie; Afdeling Dierenecologie en -systematiek; Diversiteit en Systematiek van Dieren "], "author": ["\u00c2\u00a0Katholieke Universiteit Leuven; DepartementBiologie; Afdeling Dierenecologie en -systematiek; Diversiteit en Systematiek van Dieren "], "spatialCoverage": [" Belgium BelgianCoast"], "sponsor": ["N/A"], "size": ["N/A"], "sameAs": ["N/A"], "publication": ["N/A"], "provider": ["\u00c2\u00a0Katholieke Universiteit Leuven; DepartementBiologie; Afdeling Dierenecologie en -systematiek; Diversiteit en Systematiek van Dieren "], "position": ["N/A"], "measurementTechnique": ["N/A"], "material": ["N/A"], "maintainer": ["N/A"], "locationCreated": ["N/A"], "issn": ["N/A"], "isPartOf": ["N/A"], "isBasedOn": ["N/A"], "isAccessibleForFree": ["N/A"], "includedInDataCatalog": ["N/A"], "editor": ["N/A"], "editEIDR": ["N/A"], "copyrightYear": ["N/A"], "copyrightNotice": ["N/A"], "copyrightHolder": ["N/A"], "contributor": ["N/A"], "contentReferenceTime": ["N/A"], "contentLocation": ["N/A"], "character": ["N/A"], "acquireLicensePage": ["N/A"], "accessModeSufficient": ["N/A"], "about": ["N/A"], "rights": ["N/A"], "relation": ["N/A"], "qualifiedRelation": ["N/A"], "qualifiedAttribution": ["N/A"], "previousVersion": ["N/A"], "nextVersion": ["N/A"], "landingPage": ["N/A"], "isReferencedBy": ["N/A"], "hasVersion": ["N/A"], "hasPolicy": ["N/A"], "hasCurrentVersion": ["N/A"], "useConstraints": ["N/A"], "status": ["N/A"], "spatialRepresentationType": ["N/A"], "scope": ["N/A"], "purpose": ["N/A"], "otherLocale": ["N/A"], "metadataProfile": ["N/A"], "metadataLinkage": ["N/A"], "metadataIdentifier": ["N/A"], "environmentDescription": ["N/A"], "contentInfo": ["N/A"], "ResearchInfrastructure": ["LifeWatch"], "EssentialVariables": ["N/A"], "potentialTopics": ["N/A"]}