{"url": ["https://metadatacatalogue.lifewatch.eu:/geonetwork/api/records/oai:marineinfo.org:id:dataset:5018"], "name": ["SHARK - National marine bacterioplankton monitoring in Sweden since 1989"], "description": ["Bacterial cell carbon content, cell volume and concentration at various sampling stations in the Swedish part of the Baltic Sea. Sampling is performedwith a rosettesampler or Niskin bottles attached to a wire. Bacterioplankton has been monitored in Sweden since 1989.The national monitoring program was initiated by the Swedish Environmental Protection Agency andis now financed by the SwedishAgency for Marineand Water Management. Monitoring is performed by Ume\u00c3\u00a5University. Data is stored in the Swedish Ocean Data Archive (SHARK) database by the Swedish Meteorological and HydrologicalInstitute."], "datePublished": ["2021-12-02"], "language": ["en"], "creator": ["\u00c2\u00a0Swedish Agency for Marineand Water Management "], "metadataProvider": ["\u00c2\u00a0Flanders Marine Institute(VLIZ) BEhttps://www.vliz.be"], "contact": ["\u00c2\u00a0Swedish Meteorological and HydrologicalInstitute- Lisa Sundqvist "], "associatedParty": [" contentProvider\u00c2\u00a0Swedish Meteorological and HydrologicalInstitute- Lisa Sundqvist "], "licenseInformation": [" Intellectual Rights To the extent possible underlaw, the publisher has waived all rights to these data and has dedicated them to the Public Domain (CC01.0) . Users may copy, modify,distribute and use the work,including for commercial purposes, without restriction.\u00c2\u00a0 "], "downloadLink": ["https://metadatacatalogue.lifewatch.eu:/geonetwork/eng/catalog.search#/metadata/oai:marineinfo.org:id:dataset:5018"], "keywords": ["N/A"], "geographicCoverage": ["Geographic Description ANE, Baltic"], "westBoundingCoordinate": ["17.35683"], "eastBoundingCoordinate": ["24.03917"], "northBoundingCoordinate": ["65.89667"], "southBoundingCoordinate": ["61.08333"], "dateCreated": ["1989-01-01"], "temporalCoverageEndDate": ["2018-01-01"], "license": ["N/A"], "distribution": ["N/A"], "distributionInfo": ["N/A"], "identifier": ["https://metadatacatalogue.lifewatch.eu:/geonetwork/eng/catalog.search#/metadata/oai:marineinfo.org:id:dataset:5018"], "accessibilitySummary": ["N/A"], "version": ["N/A"], "temporalCoverage": ["N/A"], "publisher": ["N/A"], "spatial": ["N/A"], "citation": ["N/A"], "genre": ["N/A"], "modificationDate": ["2021-12-02"], "image": ["N/A"], "thumbnailUrl": ["N/A"], "headline": ["SHARK - National marine bacterioplankton monitoring in Sweden since 1989"], "abstract": ["Bacterial cell carbon content, cell volume and concentration at various sampling stations in the Swedish part of the Baltic Sea. Sampling is performedwith a rosettesampler or Niskin bottles attached to a wire. Bacterioplankton has been monitored in Sweden since 1989.The national monitoring program was initiated by the Swedish Environmental Protection Agency andis now financed by the SwedishAgency for Marineand Water Management. Monitoring is performed by Ume\u00c3\u00a5University. Data is stored in the Swedish Ocean Data Archive (SHARK) database by the Swedish Meteorological and HydrologicalInstitute."], "theme": ["N/A"], "creditText": ["N/A"], "producer": ["\u00c2\u00a0Swedish Agency for Marineand Water Management "], "author": ["\u00c2\u00a0Swedish Agency for Marineand Water Management "], "spatialCoverage": [" Baltic"], "sponsor": ["N/A"], "size": ["N/A"], "sameAs": ["N/A"], "publication": ["N/A"], "provider": ["\u00c2\u00a0Swedish Agency for Marineand Water Management "], "position": ["N/A"], "measurementTechnique": ["N/A"], "material": ["N/A"], "maintainer": ["N/A"], "locationCreated": ["N/A"], "issn": ["N/A"], "isPartOf": ["N/A"], "isBasedOn": ["N/A"], "isAccessibleForFree": ["N/A"], "includedInDataCatalog": ["N/A"], "editor": ["N/A"], "editEIDR": ["N/A"], "copyrightYear": ["N/A"], "copyrightNotice": ["N/A"], "copyrightHolder": ["N/A"], "contributor": ["N/A"], "contentReferenceTime": ["N/A"], "contentLocation": ["N/A"], "character": ["N/A"], "acquireLicensePage": ["N/A"], "accessModeSufficient": ["N/A"], "about": ["N/A"], "rights": ["N/A"], "relation": ["N/A"], "qualifiedRelation": ["N/A"], "qualifiedAttribution": ["N/A"], "previousVersion": ["N/A"], "nextVersion": ["N/A"], "landingPage": ["N/A"], "isReferencedBy": ["N/A"], "hasVersion": ["N/A"], "hasPolicy": ["N/A"], "hasCurrentVersion": ["N/A"], "useConstraints": ["N/A"], "status": ["N/A"], "spatialRepresentationType": ["N/A"], "scope": ["N/A"], "purpose": ["N/A"], "otherLocale": ["N/A"], "metadataProfile": ["N/A"], "metadataLinkage": ["N/A"], "metadataIdentifier": ["N/A"], "environmentDescription": ["N/A"], "contentInfo": ["N/A"], "ResearchInfrastructure": ["LifeWatch"], "EssentialVariables": ["N/A"], "potentialTopics": ["N/A"]}