{"url": ["https://metadatacatalogue.lifewatch.eu:/srv/api/records/oai:marineinfo.org:id:dataset:6443"], "name": ["Cetacean monitoring data collected along fixed transect using ferries as platforms in the Strait of Gibraltar, 2018, FLT Med Network"], "description": ["Data collected using ferries as platform of observation for monitoring cetacean populations in the Strait of Gibraltar, within the FixedLine Transect Mediterranean monitoring Network. Datawere gathered on board of the ferriesroutingbetween Algeciras cityand the harbours of Tanger-Med and Ceuta. In theStrait were monitoredcetacean populations of the followingspecies:short-beaked common dolphin (Delphinus delphis), stripeddolphin (Stenella coeruleoalba), bottlenose dolphin (Tursiopstruncatus), long-finned pilot whale (Globicephala melas), sperm whale(Physetermacrocephalus), fin whale (Balaenopteraphysalus) and killer whale(Orcinus orca). Data were collected also on other species of macrofauna (i.e., loggerhead sea turtle and ocean sunfish). The dataset contains effort data (e.g., meteorologicalconditions) and sighting data (105ofcetaceans and 10 ofother macrofauna organisms), and were collectedby dedicated trained Marine Mammal Observers(January to December2018)."], "datePublished": ["2021-12-02"], "language": ["en"], "creator": ["\u00c2\u00a0Ecolocaliza- Estefan\u00c3\u00ada Mart\u00c3\u00adn Moreno "], "metadataProvider": ["\u00c2\u00a0Flanders Marine Institute(VLIZ) BEhttps://www.vliz.be"], "contact": ["\u00c2\u00a0Flanders Marine Institute(VLIZ) BEhttps://www.vliz.be"], "associatedParty": [" contentProvider\u00c2\u00a0Nereide "], "licenseInformation": [" Intellectual Rights This work is licensed under a Creative Commons Attribution (CC-BY) 4.0 License .\u00c2\u00a0 "], "downloadLink": ["https://metadatacatalogue.lifewatch.eu:/srv/eng/catalog.search#/metadata/oai:marineinfo.org:id:dataset:6443"], "keywords": ["Biological monitoring Visual census"], "geographicCoverage": ["Geographic Description EurOBIS calculated BBOX > station Bounding Box Bounding Box West Bounding Coordinate -5.511 East Bounding Coordinate -5.304 North Bounding Coordinate 36.149 South Bounding Coordinate 35.913"], "westBoundingCoordinate": ["-5.511"], "eastBoundingCoordinate": ["-5.304"], "northBoundingCoordinate": ["36.149"], "southBoundingCoordinate": ["35.913"], "dateCreated": ["N/A"], "temporalCoverageEndDate": ["N/A"], "license": ["N/A"], "distribution": ["N/A"], "distributionInfo": ["N/A"], "identifier": ["https://metadatacatalogue.lifewatch.eu:/srv/eng/catalog.search#/metadata/oai:marineinfo.org:id:dataset:6443"], "accessibilitySummary": ["N/A"], "version": ["N/A"], "temporalCoverage": ["N/A"], "publisher": ["N/A"], "spatial": ["N/A"], "citation": ["N/A"], "genre": ["N/A"], "modificationDate": ["2021-12-02"], "image": ["N/A"], "thumbnailUrl": ["N/A"], "headline": ["Cetacean monitoring data collected along fixed transect using ferries as platforms in the Strait of Gibraltar, 2018, FLT Med Network"], "abstract": ["Data collected using ferries as platform of observation for monitoring cetacean populations in the Strait of Gibraltar, within the FixedLine Transect Mediterranean monitoring Network. Datawere gathered on board of the ferriesroutingbetween Algeciras cityand the harbours of Tanger-Med and Ceuta. In theStrait were monitoredcetacean populations of the followingspecies:short-beaked common dolphin (Delphinus delphis), stripeddolphin (Stenella coeruleoalba), bottlenose dolphin (Tursiopstruncatus), long-finned pilot whale (Globicephala melas), sperm whale(Physetermacrocephalus), fin whale (Balaenopteraphysalus) and killer whale(Orcinus orca). Data were collected also on other species of macrofauna (i.e., loggerhead sea turtle and ocean sunfish). The dataset contains effort data (e.g., meteorologicalconditions) and sighting data (105ofcetaceans and 10 ofother macrofauna organisms), and were collectedby dedicated trained Marine Mammal Observers(January to December2018)."], "theme": ["N/A"], "creditText": ["N/A"], "producer": ["\u00c2\u00a0Ecolocaliza- Estefan\u00c3\u00ada Mart\u00c3\u00adn Moreno "], "author": ["\u00c2\u00a0Ecolocaliza- Estefan\u00c3\u00ada Mart\u00c3\u00adn Moreno "], "spatialCoverage": [" calculated BBOX > station Bounding Box Bounding Box West Bounding Coordinate -5.511 East Bounding Coordinate -5.304 North Bounding Coordinate 36.149 South Bounding Coordinate 35.913"], "sponsor": ["N/A"], "size": ["N/A"], "sameAs": ["N/A"], "publication": ["N/A"], "provider": ["\u00c2\u00a0Ecolocaliza- Estefan\u00c3\u00ada Mart\u00c3\u00adn Moreno "], "position": ["N/A"], "measurementTechnique": ["N/A"], "material": ["N/A"], "maintainer": ["N/A"], "locationCreated": ["N/A"], "issn": ["N/A"], "isPartOf": ["N/A"], "isBasedOn": ["N/A"], "isAccessibleForFree": ["N/A"], "includedInDataCatalog": ["N/A"], "editor": ["N/A"], "editEIDR": ["N/A"], "copyrightYear": ["N/A"], "copyrightNotice": ["N/A"], "copyrightHolder": ["N/A"], "contributor": ["N/A"], "contentReferenceTime": ["N/A"], "contentLocation": ["N/A"], "character": ["N/A"], "acquireLicensePage": ["N/A"], "accessModeSufficient": ["N/A"], "about": ["N/A"], "rights": ["N/A"], "relation": ["N/A"], "qualifiedRelation": ["N/A"], "qualifiedAttribution": ["N/A"], "previousVersion": ["N/A"], "nextVersion": ["N/A"], "landingPage": ["N/A"], "isReferencedBy": ["N/A"], "hasVersion": ["N/A"], "hasPolicy": ["N/A"], "hasCurrentVersion": ["N/A"], "useConstraints": ["N/A"], "status": ["N/A"], "spatialRepresentationType": ["N/A"], "scope": ["N/A"], "purpose": ["N/A"], "otherLocale": ["N/A"], "metadataProfile": ["N/A"], "metadataLinkage": ["N/A"], "metadataIdentifier": ["N/A"], "environmentDescription": ["N/A"], "contentInfo": ["N/A"], "ResearchInfrastructure": ["LifeWatch"], "EssentialVariables": ["N/A"], "potentialTopics": ["N/A"]}