{"url": ["https://metadatacatalogue.lifewatch.eu:/geonetwork/api/records/oai:marineinfo.org:id:dataset:961"], "name": ["Senckenberg's collection management system"], "description": ["Sesam is the Collection ManagementSystem of the SenckenbergMuseum. SeSam was developed togetherwith com2 (Bad Homburg).All collections (both zoological and botanical) of the Senckenberg Research Institute are going to use this efficient tool."], "datePublished": ["2006-10-27"], "language": ["en"], "creator": ["\u00c2\u00a0Senckenberg Gesellschaft f\u00c3\u00bcr Naturforschung;SenckenbergForschungsinstitut Frankfurt a. M; AbteilungMarineZoologie; Sektion Crustacea- Michael T\u00c3\u00bcrkay "], "metadataProvider": ["\u00c2\u00a0Flanders Marine Institute(VLIZ) BEhttps://www.vliz.be"], "contact": ["\u00c2\u00a0Senckenberg Gesellschaft f\u00c3\u00bcr Naturforschung;SenckenbergForschungsinstitut Frankfurt a. M; AbteilungMarineZoologie; Sektion Crustacea- Michael T\u00c3\u00bcrkay "], "associatedParty": [" custodianSteward\u00c2\u00a0Senckenberg Gesellschaft f\u00c3\u00bcr Naturforschung;SenckenbergForschungsinstitut Frankfurt a. M; AbteilungMarineZoologie; Sektion Crustacea- Michael T\u00c3\u00bcrkay "], "licenseInformation": [" Intellectual Rights This work is licensed under a Creative Commons Attribution (CC-BY) 4.0 License .\u00c2\u00a0 "], "downloadLink": ["https://metadatacatalogue.lifewatch.eu:/srv/eng/catalog.search#/metadata/oai:marineinfo.org:id:dataset:961"], "keywords": ["Museum collections"], "geographicCoverage": ["Geographic Description EurOBIS calculated BBOX > station Bounding Box Bounding Box West Bounding Coordinate -177.733333333 East Bounding Coordinate 179 North Bounding Coordinate 88.7805 South Bounding Coordinate -77.73"], "westBoundingCoordinate": ["-177.733333333"], "eastBoundingCoordinate": ["179"], "northBoundingCoordinate": ["88.7805"], "southBoundingCoordinate": ["-77.73"], "dateCreated": ["N/A"], "temporalCoverageEndDate": ["N/A"], "license": ["http://www.senckenberg.de/root/index.php?page_id=2868"], "distribution": ["http://www.senckenberg.de/root/index.php?page_id=2868"], "distributionInfo": ["http://www.senckenberg.de/root/index.php?page_id=2868"], "identifier": ["https://metadatacatalogue.lifewatch.eu:/srv/eng/catalog.search#/metadata/oai:marineinfo.org:id:dataset:961"], "accessibilitySummary": ["N/A"], "version": ["N/A"], "temporalCoverage": ["N/A"], "publisher": ["N/A"], "spatial": ["N/A"], "citation": ["N/A"], "genre": ["N/A"], "modificationDate": ["2006-10-27"], "image": ["N/A"], "thumbnailUrl": ["N/A"], "headline": ["Senckenberg's collection management system"], "abstract": ["Sesam is the Collection ManagementSystem of the SenckenbergMuseum. SeSam was developed togetherwith com2 (Bad Homburg).All collections (both zoological and botanical) of the Senckenberg Research Institute are going to use this efficient tool."], "theme": ["N/A"], "creditText": ["N/A"], "producer": ["\u00c2\u00a0Senckenberg Gesellschaft f\u00c3\u00bcr Naturforschung;SenckenbergForschungsinstitut Frankfurt a. M; AbteilungMarineZoologie; Sektion Crustacea- Michael T\u00c3\u00bcrkay "], "author": ["\u00c2\u00a0Senckenberg Gesellschaft f\u00c3\u00bcr Naturforschung;SenckenbergForschungsinstitut Frankfurt a. M; AbteilungMarineZoologie; Sektion Crustacea- Michael T\u00c3\u00bcrkay "], "spatialCoverage": [" calculated BBOX > station Bounding Box Bounding Box West Bounding Coordinate -177.733333333 East Bounding Coordinate 179 North Bounding Coordinate 88.7805 South Bounding Coordinate -77.73"], "sponsor": ["N/A"], "size": ["N/A"], "sameAs": ["N/A"], "publication": ["N/A"], "provider": ["\u00c2\u00a0Senckenberg Gesellschaft f\u00c3\u00bcr Naturforschung;SenckenbergForschungsinstitut Frankfurt a. M; AbteilungMarineZoologie; Sektion Crustacea- Michael T\u00c3\u00bcrkay "], "position": ["N/A"], "measurementTechnique": ["N/A"], "material": ["N/A"], "maintainer": ["N/A"], "locationCreated": ["N/A"], "issn": ["N/A"], "isPartOf": ["N/A"], "isBasedOn": ["N/A"], "isAccessibleForFree": ["N/A"], "includedInDataCatalog": ["N/A"], "editor": ["N/A"], "editEIDR": ["N/A"], "copyrightYear": ["N/A"], "copyrightNotice": ["N/A"], "copyrightHolder": ["N/A"], "contributor": ["N/A"], "contentReferenceTime": ["N/A"], "contentLocation": ["N/A"], "character": ["N/A"], "acquireLicensePage": ["N/A"], "accessModeSufficient": ["N/A"], "about": ["N/A"], "rights": ["N/A"], "relation": ["N/A"], "qualifiedRelation": ["N/A"], "qualifiedAttribution": ["N/A"], "previousVersion": ["N/A"], "nextVersion": ["N/A"], "landingPage": ["N/A"], "isReferencedBy": ["N/A"], "hasVersion": ["N/A"], "hasPolicy": ["N/A"], "hasCurrentVersion": ["N/A"], "useConstraints": ["N/A"], "status": ["N/A"], "spatialRepresentationType": ["N/A"], "scope": ["N/A"], "purpose": ["N/A"], "otherLocale": ["N/A"], "metadataProfile": ["N/A"], "metadataLinkage": ["N/A"], "metadataIdentifier": ["N/A"], "environmentDescription": ["N/A"], "contentInfo": ["N/A"], "ResearchInfrastructure": ["LifeWatch"], "EssentialVariables": ["N/A"], "potentialTopics": ["N/A"]}