{"url": ["https://metadatacatalogue.lifewatch.eu:/srv/api/records/oai:marineinfo.org:id:dataset:3146"], "name": ["HMAP Dataset 09: North Russian Salmon Catch Data, 1615-1937"], "description": ["This dataset contains catchdata relating to salmon from northern Russia between 1615 and 1937."], "datePublished": ["2021-12-02"], "language": ["en"], "creator": ["\u00c2\u00a0European University at SaintPetersburg- Julia Lajus "], "metadataProvider": ["\u00c2\u00a0Flanders Marine Institute(VLIZ) BEhttps://www.vliz.be"], "contact": ["\u00c2\u00a0European University at SaintPetersburg- Julia Lajus "], "associatedParty": [" contentProvider\u00c2\u00a0European University at SaintPetersburg- Julia Lajus "], "licenseInformation": [" Intellectual Rights This work is licensed under a Creative Commons Attribution (CC-BY) 4.0 License .\u00c2\u00a0 "], "downloadLink": ["https://metadatacatalogue.lifewatch.eu:/srv/eng/catalog.search#/metadata/oai:marineinfo.org:id:dataset:3146"], "keywords": ["Fish catch statistics Historical records Salmon fisheries"], "geographicCoverage": ["Geographic Description EurOBIS calculated BBOX > station Bounding Box Bounding Box West Bounding Coordinate 31.270999908447 East Bounding Coordinate 61.099998474121 North Bounding Coordinate 71.198997497559 South Bounding Coordinate 60.622001647949"], "westBoundingCoordinate": ["31.270999908447"], "eastBoundingCoordinate": ["61.099998474121"], "northBoundingCoordinate": ["71.198997497559"], "southBoundingCoordinate": ["60.622001647949"], "dateCreated": ["1615-01-01"], "temporalCoverageEndDate": ["1937-01-01"], "license": ["https://hydra.hull.ac.uk/assets/hull:2161/content03"], "distribution": ["https://hydra.hull.ac.uk/assets/hull:2161/content03"], "distributionInfo": ["https://hydra.hull.ac.uk/assets/hull:2161/content03"], "identifier": ["https://metadatacatalogue.lifewatch.eu:/srv/eng/catalog.search#/metadata/oai:marineinfo.org:id:dataset:3146"], "accessibilitySummary": ["N/A"], "version": ["N/A"], "temporalCoverage": ["N/A"], "publisher": ["N/A"], "spatial": ["N/A"], "citation": ["N/A"], "genre": ["N/A"], "modificationDate": ["2021-12-02"], "image": ["N/A"], "thumbnailUrl": ["N/A"], "headline": ["HMAP Dataset 09: North Russian Salmon Catch Data, 1615-1937"], "abstract": ["This dataset contains catchdata relating to salmon from northern Russia between 1615 and 1937."], "theme": ["N/A"], "creditText": ["N/A"], "producer": ["\u00c2\u00a0European University at SaintPetersburg- Julia Lajus "], "author": ["\u00c2\u00a0European University at SaintPetersburg- Julia Lajus "], "spatialCoverage": [" calculated BBOX > station Bounding Box Bounding Box West Bounding Coordinate 31.270999908447 East Bounding Coordinate 61.099998474121 North Bounding Coordinate 71.198997497559 South Bounding Coordinate 60.622001647949"], "sponsor": ["N/A"], "size": ["N/A"], "sameAs": ["N/A"], "publication": ["N/A"], "provider": ["\u00c2\u00a0European University at SaintPetersburg- Julia Lajus "], "position": ["N/A"], "measurementTechnique": ["N/A"], "material": ["N/A"], "maintainer": ["N/A"], "locationCreated": ["N/A"], "issn": ["N/A"], "isPartOf": ["N/A"], "isBasedOn": ["N/A"], "isAccessibleForFree": ["N/A"], "includedInDataCatalog": ["N/A"], "editor": ["N/A"], "editEIDR": ["N/A"], "copyrightYear": ["N/A"], "copyrightNotice": ["N/A"], "copyrightHolder": ["N/A"], "contributor": ["N/A"], "contentReferenceTime": ["N/A"], "contentLocation": ["N/A"], "character": ["N/A"], "acquireLicensePage": ["N/A"], "accessModeSufficient": ["N/A"], "about": ["N/A"], "rights": ["N/A"], "relation": ["N/A"], "qualifiedRelation": ["N/A"], "qualifiedAttribution": ["N/A"], "previousVersion": ["N/A"], "nextVersion": ["N/A"], "landingPage": ["N/A"], "isReferencedBy": ["N/A"], "hasVersion": ["N/A"], "hasPolicy": ["N/A"], "hasCurrentVersion": ["N/A"], "useConstraints": ["N/A"], "status": ["N/A"], "spatialRepresentationType": ["N/A"], "scope": ["N/A"], "purpose": ["N/A"], "otherLocale": ["N/A"], "metadataProfile": ["N/A"], "metadataLinkage": ["N/A"], "metadataIdentifier": ["N/A"], "environmentDescription": ["N/A"], "contentInfo": ["N/A"], "ResearchInfrastructure": ["LifeWatch"], "EssentialVariables": ["N/A"], "potentialTopics": ["N/A"]}