{"url": ["https://metadatacatalogue.lifewatch.eu:/geonetwork/api/records/oai:marineinfo.org:id:dataset:2744"], "name": ["PANGAEA - data from Netherlands Indian Ocean Programme (NIOP)"], "description": ["The Netherlands Indian Ocean Programme (NIOP) studied theeffect of the monsoon on the climate systemin the northernIndian Ocean. Information on the researchthemes, scientists involved and instruments used together with most of the basic scientific data gatheredfrom May 1992 untilFebruary 1993 is available on a CDRom. It was developed in cooperation with the Netherlands Geosci. Foundation (GOA) and ETI Biodiversity Centre in the Netherlands. Through PANGAEA, data on the abundance of dinoflagellate cysts have beenmadeavailable."], "datePublished": ["2021-12-02"], "language": ["en"], "creator": ["\u00c2\u00a0Koninklijk Nederlands Instituut voor Onderzoek der Zee NL "], "metadataProvider": ["\u00c2\u00a0Flanders Marine Institute(VLIZ) BEhttps://www.vliz.be"], "contact": ["\u00c2\u00a0Koninklijk Nederlands Instituut voor Onderzoek der Zee NL "], "associatedParty": [" custodianSteward\u00c2\u00a0Koninklijk Nederlands Instituut voor Onderzoek der Zee NL "], "licenseInformation": [" Intellectual Rights This work is licensed under a Creative Commons Attribution (CC-BY) 4.0 License .\u00c2\u00a0 "], "downloadLink": ["https://metadatacatalogue.lifewatch.eu:/srv/eng/catalog.search#/metadata/oai:marineinfo.org:id:dataset:2744"], "keywords": ["N/A"], "geographicCoverage": ["Geographic Description EurOBIS calculated BBOX > station Bounding Box Bounding Box West Bounding Coordinate 51.4167 East Bounding Coordinate 73.883 North Bounding Coordinate 25.0423 South Bounding Coordinate 10.6833"], "westBoundingCoordinate": ["51.4167"], "eastBoundingCoordinate": ["73.883"], "northBoundingCoordinate": ["25.0423"], "southBoundingCoordinate": ["10.6833"], "dateCreated": ["1965-01-01"], "temporalCoverageEndDate": ["1993-01-01"], "license": ["N/A"], "distribution": ["N/A"], "distributionInfo": ["N/A"], "identifier": ["https://metadatacatalogue.lifewatch.eu:/srv/eng/catalog.search#/metadata/oai:marineinfo.org:id:dataset:2744"], "accessibilitySummary": ["N/A"], "version": ["N/A"], "temporalCoverage": ["N/A"], "publisher": ["N/A"], "spatial": ["N/A"], "citation": ["N/A"], "genre": ["N/A"], "modificationDate": ["2021-12-02"], "image": ["N/A"], "thumbnailUrl": ["N/A"], "headline": ["PANGAEA - data from Netherlands Indian Ocean Programme (NIOP)"], "abstract": ["The Netherlands Indian Ocean Programme (NIOP) studied theeffect of the monsoon on the climate systemin the northernIndian Ocean. Information on the researchthemes, scientists involved and instruments used together with most of the basic scientific data gatheredfrom May 1992 untilFebruary 1993 is available on a CDRom. It was developed in cooperation with the Netherlands Geosci. Foundation (GOA) and ETI Biodiversity Centre in the Netherlands. Through PANGAEA, data on the abundance of dinoflagellate cysts have beenmadeavailable."], "theme": ["N/A"], "creditText": ["N/A"], "producer": ["\u00c2\u00a0Koninklijk Nederlands Instituut voor Onderzoek der Zee NL "], "author": ["\u00c2\u00a0Koninklijk Nederlands Instituut voor Onderzoek der Zee NL "], "spatialCoverage": [" calculated BBOX > station Bounding Box Bounding Box West Bounding Coordinate 51.4167 East Bounding Coordinate 73.883 North Bounding Coordinate 25.0423 South Bounding Coordinate 10.6833"], "sponsor": ["N/A"], "size": ["N/A"], "sameAs": ["N/A"], "publication": ["N/A"], "provider": ["\u00c2\u00a0Koninklijk Nederlands Instituut voor Onderzoek der Zee NL "], "position": ["N/A"], "measurementTechnique": ["N/A"], "material": ["N/A"], "maintainer": ["N/A"], "locationCreated": ["N/A"], "issn": ["N/A"], "isPartOf": ["N/A"], "isBasedOn": ["N/A"], "isAccessibleForFree": ["N/A"], "includedInDataCatalog": ["N/A"], "editor": ["N/A"], "editEIDR": ["N/A"], "copyrightYear": ["N/A"], "copyrightNotice": ["N/A"], "copyrightHolder": ["N/A"], "contributor": ["N/A"], "contentReferenceTime": ["N/A"], "contentLocation": ["N/A"], "character": ["N/A"], "acquireLicensePage": ["N/A"], "accessModeSufficient": ["N/A"], "about": ["N/A"], "rights": ["N/A"], "relation": ["N/A"], "qualifiedRelation": ["N/A"], "qualifiedAttribution": ["N/A"], "previousVersion": ["N/A"], "nextVersion": ["N/A"], "landingPage": ["N/A"], "isReferencedBy": ["N/A"], "hasVersion": ["N/A"], "hasPolicy": ["N/A"], "hasCurrentVersion": ["N/A"], "useConstraints": ["N/A"], "status": ["N/A"], "spatialRepresentationType": ["N/A"], "scope": ["N/A"], "purpose": ["N/A"], "otherLocale": ["N/A"], "metadataProfile": ["N/A"], "metadataLinkage": ["N/A"], "metadataIdentifier": ["N/A"], "environmentDescription": ["N/A"], "contentInfo": ["N/A"], "ResearchInfrastructure": ["LifeWatch"], "EssentialVariables": ["N/A"], "potentialTopics": ["N/A"]}