{"url": ["https://metadatacatalogue.lifewatch.eu:/srv/api/records/oai:marineinfo.org:id:dataset:597"], "name": ["Benthos Gironde Estuary"], "description": ["The data is the integration of three differentsubdatasets i.e. the impact ofdredging on benthic macrofauna (1979 data),comparison of macrobenthos betweenmajor European tidal estuaries (1991-92 data) and ecologicalmonitoring of macrobenthos in an area affected by the effluents of a nuclear power plant (2004data)"], "datePublished": ["2021-12-02"], "language": ["en"], "creator": ["\u00c2\u00a0Universit\u00c3\u00a9 Bordeaux 1; Station Marine d'ArcachonLaboratoire d'Oc\u00c3\u00a9anographie Biologique FR "], "metadataProvider": ["\u00c2\u00a0Flanders Marine Institute(VLIZ) BEhttps://www.vliz.be"], "contact": ["\u00c2\u00a0Universit\u00c3\u00a9 Bordeaux 1; StationMarined'Arcachon; Laboratoire d'Oc\u00c3\u00a9anographieBiologique- Guy Bachelet "], "associatedParty": [" contentProvider\u00c2\u00a0Universit\u00c3\u00a9 Bordeaux 1; StationMarined'Arcachon; Laboratoire d'Oc\u00c3\u00a9anographieBiologique- Guy Bachelet "], "licenseInformation": [" Intellectual Rights This work is licensed under a Creative Commons Attribution NonCommercial (CC-BY-NC) 4.0 License .\u00c2\u00a0 "], "downloadLink": ["https://metadatacatalogue.lifewatch.eu:/geonetwork/eng/catalog.search#/metadata/oai:marineinfo.org:id:dataset:597"], "keywords": ["Benthic fauna Biogeography Macrobenthos Zoobenthos"], "geographicCoverage": ["Geographic Description ANE, BiscayBay"], "westBoundingCoordinate": ["-1.435833"], "eastBoundingCoordinate": ["-0.6311111"], "northBoundingCoordinate": ["45.62305"], "southBoundingCoordinate": ["45.06028"], "dateCreated": ["1979-01-01"], "temporalCoverageEndDate": ["1979-01-01"], "license": ["N/A"], "distribution": ["N/A"], "distributionInfo": ["N/A"], "identifier": ["https://metadatacatalogue.lifewatch.eu:/geonetwork/eng/catalog.search#/metadata/oai:marineinfo.org:id:dataset:597"], "accessibilitySummary": ["N/A"], "version": ["N/A"], "temporalCoverage": ["N/A"], "publisher": ["N/A"], "spatial": ["N/A"], "citation": ["N/A"], "genre": ["N/A"], "modificationDate": ["2021-12-02"], "image": ["N/A"], "thumbnailUrl": ["N/A"], "headline": ["Benthos Gironde Estuary"], "abstract": ["The data is the integration of three differentsubdatasets i.e. the impact ofdredging on benthic macrofauna (1979 data),comparison of macrobenthos betweenmajor European tidal estuaries (1991-92 data) and ecologicalmonitoring of macrobenthos in an area affected by the effluents of a nuclear power plant (2004data)"], "theme": ["N/A"], "creditText": ["N/A"], "producer": ["\u00c2\u00a0Universit\u00c3\u00a9 Bordeaux 1; Station Marine d'ArcachonLaboratoire d'Oc\u00c3\u00a9anographie Biologique FR "], "author": ["\u00c2\u00a0Universit\u00c3\u00a9 Bordeaux 1; Station Marine d'ArcachonLaboratoire d'Oc\u00c3\u00a9anographie Biologique FR "], "spatialCoverage": [" BiscayBay"], "sponsor": ["N/A"], "size": ["N/A"], "sameAs": ["N/A"], "publication": ["N/A"], "provider": ["\u00c2\u00a0Universit\u00c3\u00a9 Bordeaux 1; Station Marine d'ArcachonLaboratoire d'Oc\u00c3\u00a9anographie Biologique FR "], "position": ["N/A"], "measurementTechnique": ["N/A"], "material": ["N/A"], "maintainer": ["N/A"], "locationCreated": ["N/A"], "issn": ["N/A"], "isPartOf": ["N/A"], "isBasedOn": ["N/A"], "isAccessibleForFree": ["N/A"], "includedInDataCatalog": ["N/A"], "editor": ["N/A"], "editEIDR": ["N/A"], "copyrightYear": ["N/A"], "copyrightNotice": ["N/A"], "copyrightHolder": ["N/A"], "contributor": ["N/A"], "contentReferenceTime": ["N/A"], "contentLocation": ["N/A"], "character": ["N/A"], "acquireLicensePage": ["N/A"], "accessModeSufficient": ["N/A"], "about": ["N/A"], "rights": ["N/A"], "relation": ["N/A"], "qualifiedRelation": ["N/A"], "qualifiedAttribution": ["N/A"], "previousVersion": ["N/A"], "nextVersion": ["N/A"], "landingPage": ["N/A"], "isReferencedBy": ["N/A"], "hasVersion": ["N/A"], "hasPolicy": ["N/A"], "hasCurrentVersion": ["N/A"], "useConstraints": ["N/A"], "status": ["N/A"], "spatialRepresentationType": ["N/A"], "scope": ["N/A"], "purpose": ["N/A"], "otherLocale": ["N/A"], "metadataProfile": ["N/A"], "metadataLinkage": ["N/A"], "metadataIdentifier": ["N/A"], "environmentDescription": ["N/A"], "contentInfo": ["N/A"], "ResearchInfrastructure": ["LifeWatch"], "EssentialVariables": ["N/A"], "potentialTopics": ["N/A"]}