{"url": ["https://metadatacatalogue.lifewatch.eu:/srv/api/records/oai:marineinfo.org:id:dataset:4428"], "name": ["Seasonal fluctuation of the meiobenthos community in Avicennia marina mangrove sediments at Gazi Bay (Kenya) between 1992 and 1993"], "description": ["Densities of the most important meiobenthos phyla in an <i>Avicennia marina</i> mangrove sediment in GaziBay(Kenya) together withthe sediment environmental data. Three replicate samples were taken for every monthly samplebetween August 1992 andJuly 1993. The data were digitized by VLIZ fromthe original report:Okondo, J. (1995). Communitystructure and seasonal fluctuation of meiobenthos in the Avicennamarina mangrove sediments at Gazi Bay, Kenya. MSc Thesis. RUG: Gent. 56 pp."], "datePublished": ["2021-12-02"], "language": ["en"], "creator": ["\u00c2\u00a0Ernest Schockaert "], "metadataProvider": ["\u00c2\u00a0Flanders Marine Institute(VLIZ) BEhttps://www.vliz.be"], "contact": ["\u00c2\u00a0Vlaams Instituut voor de Zee BE "], "associatedParty": [" custodianSteward\u00c2\u00a0Vlaams Instituut voor de Zee BE "], "licenseInformation": [" Intellectual Rights This work is licensed under a Creative Commons Attribution (CC-BY) 4.0 License .\u00c2\u00a0 "], "downloadLink": ["https://metadatacatalogue.lifewatch.eu:/srv/eng/catalog.search#/metadata/oai:marineinfo.org:id:dataset:4428"], "keywords": ["Granulometry Mangroves Meiobenthos"], "geographicCoverage": ["Geographic Description ISW, Kenya, Coast, Gazi Bay"], "westBoundingCoordinate": ["N/A"], "eastBoundingCoordinate": ["N/A"], "northBoundingCoordinate": ["N/A"], "southBoundingCoordinate": ["N/A"], "dateCreated": ["1992-08-06"], "temporalCoverageEndDate": ["1993-07-21"], "license": ["N/A"], "distribution": ["N/A"], "distributionInfo": ["N/A"], "identifier": ["https://metadatacatalogue.lifewatch.eu:/srv/eng/catalog.search#/metadata/oai:marineinfo.org:id:dataset:4428"], "accessibilitySummary": ["N/A"], "version": ["N/A"], "temporalCoverage": ["N/A"], "publisher": ["N/A"], "spatial": ["N/A"], "citation": ["N/A"], "genre": ["N/A"], "modificationDate": ["2021-12-02"], "image": ["N/A"], "thumbnailUrl": ["N/A"], "headline": ["Seasonal fluctuation of the meiobenthos community in Avicennia marina mangrove sediments at Gazi Bay (Kenya) between 1992 and 1993"], "abstract": ["Densities of the most important meiobenthos phyla in an <i>Avicennia marina</i> mangrove sediment in GaziBay(Kenya) together withthe sediment environmental data. Three replicate samples were taken for every monthly samplebetween August 1992 andJuly 1993. The data were digitized by VLIZ fromthe original report:Okondo, J. (1995). Communitystructure and seasonal fluctuation of meiobenthos in the Avicennamarina mangrove sediments at Gazi Bay, Kenya. MSc Thesis. RUG: Gent. 56 pp."], "theme": ["N/A"], "creditText": ["N/A"], "producer": ["\u00c2\u00a0Ernest Schockaert "], "author": ["\u00c2\u00a0Ernest Schockaert "], "spatialCoverage": [" Kenya Coast Gazi Bay"], "sponsor": ["N/A"], "size": ["N/A"], "sameAs": ["N/A"], "publication": ["N/A"], "provider": ["\u00c2\u00a0Ernest Schockaert "], "position": ["N/A"], "measurementTechnique": ["N/A"], "material": ["N/A"], "maintainer": ["N/A"], "locationCreated": ["N/A"], "issn": ["N/A"], "isPartOf": ["N/A"], "isBasedOn": ["N/A"], "isAccessibleForFree": ["N/A"], "includedInDataCatalog": ["N/A"], "editor": ["N/A"], "editEIDR": ["N/A"], "copyrightYear": ["N/A"], "copyrightNotice": ["N/A"], "copyrightHolder": ["N/A"], "contributor": ["N/A"], "contentReferenceTime": ["N/A"], "contentLocation": ["N/A"], "character": ["N/A"], "acquireLicensePage": ["N/A"], "accessModeSufficient": ["N/A"], "about": ["N/A"], "rights": ["N/A"], "relation": ["N/A"], "qualifiedRelation": ["N/A"], "qualifiedAttribution": ["N/A"], "previousVersion": ["N/A"], "nextVersion": ["N/A"], "landingPage": ["N/A"], "isReferencedBy": ["N/A"], "hasVersion": ["N/A"], "hasPolicy": ["N/A"], "hasCurrentVersion": ["N/A"], "useConstraints": ["N/A"], "status": ["N/A"], "spatialRepresentationType": ["N/A"], "scope": ["N/A"], "purpose": ["N/A"], "otherLocale": ["N/A"], "metadataProfile": ["N/A"], "metadataLinkage": ["N/A"], "metadataIdentifier": ["N/A"], "environmentDescription": ["N/A"], "contentInfo": ["N/A"], "ResearchInfrastructure": ["LifeWatch"], "EssentialVariables": ["N/A"], "potentialTopics": ["N/A"]}