{"name": "aitk.robots", "full_name": "ArtificialIntelligenceToolkit/aitk.robots", "stargazers_count": 3, "forks_count": 2, "description": "A lightweight purePython mobile robot simulator designed for experiments in Artificial Intelligence AI and Machine Learning especially for Jupyter Notebooks", "id": 339174510, "size": 6006, "language": "Python", "html_url": "https://github.com/ArtificialIntelligenceToolkit/aitk.robots", "git_url": "https://github.com/ArtificialIntelligenceToolkit/aitk.robots.git"}