{"name": "astr-302-w21-project", "full_name": "paulobarrera14/astr-302-w21-project", "stargazers_count": 2, "forks_count": 0, "description": "My Final Project using ipywidgets to make two notebooks in the Einsteinpy package more interactive The two notebooks I chose were Shadow cast by an thin emission disk around a Schwarzschild Black Hole and Plotting Spacial Hypersurface Embedding for Schwarzschild SpaceTime", "id": 348879882, "size": 3, "language": "Jupyter Notebook", "html_url": "https://github.com/paulobarrera14/astr-302-w21-project", "git_url": "https://github.com/paulobarrera14/astr-302-w21-project.git"}