{"name": "azure-databricks-streaming-analytics-example", "full_name": "rabrown1975/azure-databricks-streaming-analytics-example", "stargazers_count": 1, "forks_count": 0, "description": "A simple set of Azure Databricks notebooks for sentiment analysis of tweets streamed in from Event Hub", "id": 153682411, "size": 11, "language": "Scala", "html_url": "https://github.com/rabrown1975/azure-databricks-streaming-analytics-example", "git_url": "https://github.com/rabrown1975/azure-databricks-streaming-analytics-example.git"}