{"name": "biosignalsnotebooks", "full_name": "biosignalsplux/biosignalsnotebooks", "stargazers_count": 39, "forks_count": 16, "description": "biosignalsnotebooks project includes a set of Jupyter Notebooks explaining some processing tasks which have been specially designed for biosignalsplux and OpenSignals users A Python package is also present containing some functions to support biosignalsnotebooks notebooks or to be used independently", "id": 190607798, "size": 4481050, "language": "Jupyter Notebook", "html_url": "https://github.com/biosignalsplux/biosignalsnotebooks", "git_url": "https://github.com/biosignalsplux/biosignalsnotebooks.git"}