{"name": "BlueBook", "full_name": "agconti/BlueBook", "stargazers_count": 7, "forks_count": 9, "description": "This IPython Notebook contains a quantitative pricing model created for Fast Iron in the Kaggle competition Blue Book for Bulldozers The model predicts the sale price of a particular piece of heavy equipment so that Fast Iron can create a Blue Book to enable customers to valuate their heavy equipment fleet at auction Here python is used as a medium to apply supervised and unsupervised machine learning techniques to explain 8890 of the variance observed in the training set and score an RMSLE of 0745 when predicting values on the test set In this competition 590 data scientists created predictive models based on a training dataset provided by Fast Iron and then used those models to predict sale prices on a test set to compete for a 10000 dollar award for the team or individual with the most accurate model The model and methods used for my entry which scored in the upper 20 is shown in BlueBookipynb", "id": 9873672, "size": 2784, "language": null, "html_url": "https://github.com/agconti/BlueBook", "git_url": "https://github.com/agconti/BlueBook.git"}