{"name": "business_sentiment_survey_index", "full_name": "v-w-dev/business_sentiment_survey_index", "stargazers_count": 0, "forks_count": 0, "description": "use jupyter notebook to create an indicator to track the prevailing direction of economic trends and business sentiment in region ", "id": 268815550, "size": 1039, "language": "Jupyter Notebook", "html_url": "https://github.com/v-w-dev/business_sentiment_survey_index", "git_url": "https://github.com/v-w-dev/business_sentiment_survey_index.git"}