{"name": "Cassini-to-UTM-conversion-workflow-", "full_name": "geohead/Cassini-to-UTM-conversion-workflow-", "stargazers_count": 0, "forks_count": 0, "description": "A notebook which guides users in the coordinate conversion process from Cassini to UTM usually carried out in Kenya", "id": 340866147, "size": 97, "language": "Jupyter Notebook", "html_url": "https://github.com/geohead/Cassini-to-UTM-conversion-workflow-", "git_url": "https://github.com/geohead/Cassini-to-UTM-conversion-workflow-.git"}