{"name": "cautious-doodle", "full_name": "JemJed-2010/cautious-doodle", "stargazers_count": 0, "forks_count": 0, "description": "A doodle is a drawing made while a persons attention is otherwise occupied  Typical examples of doodling are found in school notebooks often in the margins drawn by students daydreaming or losing interest during classcautious Use cautious in a sentence adjective The definition of cautious is being aware being careful or being alert to danger An example of cautious is a person who always makes a procon list before making any decision to identify all possible problems that could come up", "id": 280133021, "size": 6, "language": null, "html_url": "https://github.com/JemJed-2010/cautious-doodle", "git_url": "https://github.com/JemJed-2010/cautious-doodle.git"}