{"name": "Character-Level-LSTM", "full_name": "Garima13a/Character-Level-LSTM", "stargazers_count": 1, "forks_count": 0, "description": "In this notebook Ill construct a characterlevel LSTM with PyTorch The network will train character by character on some text then generate new text character by character As an example I will train on Anna Karenina This model will be able to generate new text based on the text from the book", "id": 165393646, "size": 15, "language": "Jupyter Notebook", "html_url": "https://github.com/Garima13a/Character-Level-LSTM", "git_url": "https://github.com/Garima13a/Character-Level-LSTM.git"}