{"name": "Climate_Change_on_Birds", "full_name": "Juliogallinaro/Climate_Change_on_Birds", "stargazers_count": 1, "forks_count": 0, "description": "Our analysis will use data from the UK Met Office together with records from the Global Biodiversity Information Facility to build our very own species distribution model using machine learning This model will be able to predict where our bird species of interest is likely to occur in the future  information that is invaluable to conservation organization working on the ground to preserve these species and save them from extinction  In this notebook we will model the Scottish crossbill Loxia scotica The Scottish crossbills is a small bird that inhabits the cool Scottish forests and feeds on pine seeds Only  20000 individuals of this species are alive today The code and the data sources in this project can be reapplied to any other species we may be interested in studying", "id": 229912326, "size": 3943, "language": "Jupyter Notebook", "html_url": "https://github.com/Juliogallinaro/Climate_Change_on_Birds", "git_url": "https://github.com/Juliogallinaro/Climate_Change_on_Birds.git"}