{"name": "cloud-functions-object-detection-inference", "full_name": "mikaelvesavuori/cloud-functions-object-detection-inference", "stargazers_count": 0, "forks_count": 0, "description": "Minimal implementation of how you can do TensorFlow 115based object detection inference in a Google Cloud Function", "id": 268112224, "size": 7, "language": "Jupyter Notebook", "html_url": "https://github.com/mikaelvesavuori/cloud-functions-object-detection-inference", "git_url": "https://github.com/mikaelvesavuori/cloud-functions-object-detection-inference.git"}