{"name": "Clustering-PCA-Assignment", "full_name": "venkatahebbar/Clustering-PCA-Assignment", "stargazers_count": 0, "forks_count": 0, "description": "HELP International is an international humanitarian NGO that is committed to fighting poverty and providing the people of backward countries with basic amenities and relief during the time of disasters and natural calamities It runs a lot of operational projects from time to time along with advocacy drives to raise awareness as well as for funding purposes     After the recent funding programmes they have been able to raise around  10 million Now the CEO of the NGO needs to decide how to use this money strategically and effectively The significant issues that come while making this decision are mostly related to choosing the countries that are in the direst need of aid      And this is where you come in as a data analyst Your job is to categorise the countries using some socioeconomic and health factors that determine the overall development of the country Then you need to suggest the countries which the CEO needs to focus on the most  The datasets containing those socioeconomic factors and the corresponding data dictionary are provided below Objectives Your main task is to cluster the countries by the factors mentioned above and then present your solution and recommendations to the CEO using a PPT  The following approach is suggested      Perform PCA on the dataset and obtain the new dataset with the Principal Components Choose the appropriate number of components k You need to perform your clustering activity on this new dataset ie the PCA modified dataset with the k components Outlier Analysis You must perform the Outlier Analysis on the dataset before or after performing PCA as per your choice However you do have the flexibility of not removing the outliers if it suits the business needs or a lot of countries are getting removed Hence all you need to do is find the outliers in the dataset and then choose whether to keep them or remove them depending on the results you get Try both Kmeans and Hierarchical clusteringboth single and complete linkage on this dataset to create the clusters Note that both the methods may not produce identical results and you might have to choose one of them for the final list of countries Analyse the clusters and identify the ones which are in dire need of aid You can analyse the clusters by comparing how these three variables  gdpp childmort and income vary for each cluster of countries to recognise and differentiate the clusters of developed countries from the clusters of underdeveloped countries Note that you perform clustering on the PCA modified dataset and the clusters that are formed are being analysed now using the original variables to identify the countries which you finally want to select Also you need to perform visualisations on the clusters that have been formed  You can do this by choosing the first two Principal Components on the XY axes and plotting a scatter plot of all the countries and differentiating the clusters You should also do the same visualisation using any two of the original variables like gdpp childmort etc on the XY axes as well You can also choose other types of plots like boxplots etc  The final list of countries depends on the number of components that you choose and the number of clusters that you finally form Also both Kmeans and Hierarchical may give different results Hence there might be some subjectivity in the final number of countries that you think should be reported back to the CEO Here make sure that you report back at least 5 countries which are in direst need of aid from the analysis work that you perform    Results  Expected A wellcommented Jupyter notebook containing the Clustering Modelsboth Kmeans and Hierarchical Clustering and the final list of countries The clusters must be visualised on both the Principal Components and some of the original variables   Present the overall approach of the analysis in a presentation  Mention the problem statement and the analysis approach Explain the results of Principal Component Analysis and Clustering briefly Include visualisations and summarise the most important results in the presentation Make sure that you mention the final list of countries here  Dont just mention the cluster id or cluster name here Mention the names of all the countries", "id": 280903489, "size": 2256, "language": "Jupyter Notebook", "html_url": "https://github.com/venkatahebbar/Clustering-PCA-Assignment", "git_url": "https://github.com/venkatahebbar/Clustering-PCA-Assignment.git"}