{"name": "Computational-Linguistics", "full_name": "JoshGelua/Computational-Linguistics", "stargazers_count": 2, "forks_count": 1, "description": "In this repo I apply various statistical methods Bayesian and neural networks in PythonJupyter Notebook to analyze and examine relevant topics within computational linguistics This was part of a 400level seminar designed for us to engage in interdisciplinary methods to investigate linguistic phenomena ", "id": 181393576, "size": 51179, "language": "Jupyter Notebook", "html_url": "https://github.com/JoshGelua/Computational-Linguistics", "git_url": "https://github.com/JoshGelua/Computational-Linguistics.git"}