{"name": "computational-notebooks-for-biomedical-research", "full_name": "krassowski/computational-notebooks-for-biomedical-research", "stargazers_count": 6, "forks_count": 2, "description": "NGSeminar on the use of Jupyter and R notebooks in biomedical research", "id": 279940794, "size": 4097, "language": "Jupyter Notebook", "html_url": "https://github.com/krassowski/computational-notebooks-for-biomedical-research", "git_url": "https://github.com/krassowski/computational-notebooks-for-biomedical-research.git"}