{"name": "confocal_z-stack_analysis", "full_name": "lauraluebbert/confocal_z-stack_analysis", "stargazers_count": 0, "forks_count": 1, "description": "Imaging experiments in Biology often involve the acquisition of confocal zstack images to quantify fluorescent signal in a biological sample These zstacks are usually analyzed using opensource programs such as FIJI which are notoriously frustrating to work with and do not facility intuitive highthroughput analysis of many images at once Manual image analysis is laborintensive timeconsuming and prone to human error I compiled two notebooks to streamline two of the most commonly performed tasks in the analysis of confocal zstack images the generation of pretty maximum projections and the analysis of pixel values fluorescence from sum projections", "id": 275931002, "size": 175, "language": "Jupyter Notebook", "html_url": "https://github.com/lauraluebbert/confocal_z-stack_analysis", "git_url": "https://github.com/lauraluebbert/confocal_z-stack_analysis.git"}