{"name": "Credit-Card-Fraud-Detection-using-Autoencoders-in-Keras", "full_name": "curiousily/Credit-Card-Fraud-Detection-using-Autoencoders-in-Keras", "stargazers_count": 379, "forks_count": 245, "description": "iPython notebook and pretrained model that shows how to build deep Autoencoder in Keras for Anomaly Detection in credit card transactions data", "id": 93864092, "size": 71154, "language": "Jupyter Notebook", "html_url": "https://github.com/curiousily/Credit-Card-Fraud-Detection-using-Autoencoders-in-Keras", "git_url": "https://github.com/curiousily/Credit-Card-Fraud-Detection-using-Autoencoders-in-Keras.git"}