{"name": "credit-card-fraud-detection", "full_name": "sayanbiswasgithub/credit-card-fraud-detection", "stargazers_count": 1, "forks_count": 0, "description": "This notebook will introduce Machine Learning  data science concepts by exploring Credit Card Fraud Detection I tried to create this machine learning model as much as possible end to end  descriptive", "id": 376219640, "size": 701, "language": "Jupyter Notebook", "html_url": "https://github.com/sayanbiswasgithub/credit-card-fraud-detection", "git_url": "https://github.com/sayanbiswasgithub/credit-card-fraud-detection.git"}