{"name": "data-science-helpers", "full_name": "zgalaz/data-science-helpers", "stargazers_count": 1, "forks_count": 1, "description": "Package with many useful helpers for making data science being even more enjoyable It provides utility functions computational routines visualizations etc for exploratory analysis classification regression etc along with examples in jupyter notebooks", "id": 178396288, "size": 965, "language": "Jupyter Notebook", "html_url": "https://github.com/zgalaz/data-science-helpers", "git_url": "https://github.com/zgalaz/data-science-helpers.git"}