{"name": "Data-Mining-Project-Occupancy_Detection", "full_name": "Marciompi/Data-Mining-Project-Occupancy_Detection", "stargazers_count": 0, "forks_count": 0, "description": "It is a Collection of python notebook from a group project in data mining esplorino Advanced techniques such as classification neural network clustering regressors forecasting and more", "id": 257052003, "size": 22390, "language": "Jupyter Notebook", "html_url": "https://github.com/Marciompi/Data-Mining-Project-Occupancy_Detection", "git_url": "https://github.com/Marciompi/Data-Mining-Project-Occupancy_Detection.git"}