{"name": "Data-Visualization-of-Pokemon-Data-with-Python-and-Seaborn_side_project", "full_name": "micgonzalez/Data-Visualization-of-Pokemon-Data-with-Python-and-Seaborn_side_project", "stargazers_count": 1, "forks_count": 2, "description": "Have you always wanted to make visuals of pokemon data I found a csv file that has stats on most of the pokemon and I used python seaborn and matplotlib to make some cool visualizations This work was sampled from a cool tutorial on seaborns great visualizationshttpselitedatasciencecompythonseaborntutorialstep1  This covers a good summary of Seaborns strengths In practice the welldefined set of hard things includes Using default themes that are aesthetically pleasing making attractive statistical plots visualizing information from matrices and data frames I have included the work in a jupyter notebook file and the csv file that has the pokemon data used for this side project", "id": 218669488, "size": 558, "language": "Jupyter Notebook", "html_url": "https://github.com/micgonzalez/Data-Visualization-of-Pokemon-Data-with-Python-and-Seaborn_side_project", "git_url": "https://github.com/micgonzalez/Data-Visualization-of-Pokemon-Data-with-Python-and-Seaborn_side_project.git"}