{"name": "Data-Analysis-with-python-jupyter-notebooks", "full_name": "jayabdulraman/Data-Analysis-with-python-jupyter-notebooks", "stargazers_count": 0, "forks_count": 0, "description": "Jupyter notebooks that cover data wrangling and analysis data visualization model development model evaluation and refinement", "id": 369230473, "size": 47, "language": "Jupyter Notebook", "html_url": "https://github.com/jayabdulraman/Data-Analysis-with-python-jupyter-notebooks", "git_url": "https://github.com/jayabdulraman/Data-Analysis-with-python-jupyter-notebooks.git"}