{"name": "DataAnalysisProject", "full_name": "AustinDickieson/DataAnalysisProject", "stargazers_count": 1, "forks_count": 0, "description": "This notebook analyzed data regarding police killings and hate crime statistics in 2016 The research question was to analyze correlations between victim demographics and police killings and well as state demographics and political affiliation and rates of hate crimes", "id": 321795205, "size": 208, "language": "Jupyter Notebook", "html_url": "https://github.com/AustinDickieson/DataAnalysisProject", "git_url": "https://github.com/AustinDickieson/DataAnalysisProject.git"}