{"name": "Decision-Trees-on-Amazon-Reviews-dataset", "full_name": "kunwar-vikrant/Decision-Trees-on-Amazon-Reviews-dataset", "stargazers_count": 2, "forks_count": 0, "description": "This is a notebook which demonstrates results of applying Decision Trees Algorithm on the dataset which consists of reviews of fine foods from amazon The data span a period of more than 10 years including all 500000 reviews up to October 2012 Reviews include product and user information ratings and a plain text review", "id": 194602842, "size": 144, "language": "Jupyter Notebook", "html_url": "https://github.com/kunwar-vikrant/Decision-Trees-on-Amazon-Reviews-dataset", "git_url": "https://github.com/kunwar-vikrant/Decision-Trees-on-Amazon-Reviews-dataset.git"}