{"name": "Deep-Learning-mnist-dataset", "full_name": "Sagarlatake/Deep-Learning-mnist-dataset", "stargazers_count": 1, "forks_count": 0, "description": "Implemented a deep learning model on mnist dataset Notebook contains implementation of deep learning algorithm on mnistdataset Classification report is generated for understanding the performance of the algorithm", "id": 420466319, "size": 48, "language": "Jupyter Notebook", "html_url": "https://github.com/Sagarlatake/Deep-Learning-mnist-dataset", "git_url": "https://github.com/Sagarlatake/Deep-Learning-mnist-dataset.git"}