{"name": "Deep-Learning-Experiments-implemented-using-Google-Colab", "full_name": "navneetkrc/Deep-Learning-Experiments-implemented-using-Google-Colab", "stargazers_count": 16, "forks_count": 7, "description": "Colab Compatible FastAI notebooks for NLP and Computer Vision Datasets", "id": 157946245, "size": 311233, "language": "Jupyter Notebook", "html_url": "https://github.com/navneetkrc/Deep-Learning-Experiments-implemented-using-Google-Colab", "git_url": "https://github.com/navneetkrc/Deep-Learning-Experiments-implemented-using-Google-Colab.git"}