{"name": "digits_speech_detection", "full_name": "vmorningstar/digits_speech_detection", "stargazers_count": 0, "forks_count": 0, "description": "this models preidts the spocken digis  in this i have changed speech signals into spectogram and applied lstm over it all data is placed in my gdrive you can see logic in this notebook", "id": 420977705, "size": 27, "language": null, "html_url": "https://github.com/vmorningstar/digits_speech_detection", "git_url": "https://github.com/vmorningstar/digits_speech_detection.git"}