{"name": "ecommerce_sales_analysis", "full_name": "atanaskanev/ecommerce_sales_analysis", "stargazers_count": 1, "forks_count": 0, "description": "This repository contains an SQL notebook created in Azure Data Studio which provides a sales analysis of an ecommerce business using PostgreSQL", "id": 366816469, "size": 1632, "language": "Jupyter Notebook", "html_url": "https://github.com/atanaskanev/ecommerce_sales_analysis", "git_url": "https://github.com/atanaskanev/ecommerce_sales_analysis.git"}