{"name": "elt-framework", "full_name": "bennyaustin/elt-framework", "stargazers_count": 3, "forks_count": 0, "description": "Extract Load Transform ELT framework is a metadata orchestration framework for modern cloud data platforms The ELT framework is primarily for batch ingestion and has been extensively tested with Azure PaaS data services It has several reusable component and can be easily extendend to cater to custom use cases This framework simplifies ingestion and transformation pipelines while providing consistency among different workloads It uses a SQL Server Control database which is used as the metadata repository and integrates well with Azure PaaS services like Data Factory pipelines Data Lake Storage Databricks Notebooks Delta Lake Synapse and Logic apps", "id": 327305161, "size": 838, "language": "TSQL", "html_url": "https://github.com/bennyaustin/elt-framework", "git_url": "https://github.com/bennyaustin/elt-framework.git"}