{"name": "Exploratory-Data-Analysis-and-Classification-Using-the-Zomato-Bangalore-Restaurants-Dataset", "full_name": "rajkumarjagdale/Exploratory-Data-Analysis-and-Classification-Using-the-Zomato-Bangalore-Restaurants-Dataset", "stargazers_count": 0, "forks_count": 0, "description": "Exploratory Data Analysis  and Classification of Using the Zomato Bangalore Restaurants Dataset from Kaggle  In this Project  I performed Supervised Learning Algorithms and did Exploratory Data Analysis on the Zomato Bangalore Restaurants Dataset from Kaggle This Project also Contains Detailed Documentation in PDF format Following ML Algorithms used in this project 1 Logistic Regression 2 Decision Tree 3 KNearest Neighbors 4 Random Forest 5 Support Vector Machine 6 Gradient Boosting 7 Naive bayes  Used Libraries Sklearn Pandas Numpy MatplotLib Seaborn  Programming Language Pyhton 3 Python IDE Jupyter Notebook   You can download the Dataset from here httpswwwkagglecomhimanshupoddarzomatobangalorerestaurantsdiscussion", "id": 281754897, "size": 872, "language": "Jupyter Notebook", "html_url": "https://github.com/rajkumarjagdale/Exploratory-Data-Analysis-and-Classification-Using-the-Zomato-Bangalore-Restaurants-Dataset", "git_url": "https://github.com/rajkumarjagdale/Exploratory-Data-Analysis-and-Classification-Using-the-Zomato-Bangalore-Restaurants-Dataset.git"}