{"name": "Field-Guide-to-San-Salvador-Island", "full_name": "kahleac/Field-Guide-to-San-Salvador-Island", "stargazers_count": 0, "forks_count": 0, "description": "This is my final project for BIOGEOL 400 Geology and Ecology of the Bahamas I spent the first half of the semester exploring the geology and ecology of a shallow marine water environment by examining the preeminent modern example the Bahamas Platform During the week of Spring Break I studied abroad on San Salvador Island The Bahamas during which time I kept a field notebook of my geologic and ecologic observations at 21 locations around the island Afterwards I spent the remainder of the semester one month compiling my photographs and notes into a field guide which can be found under the Featured section on my profile  the guide is a huge file but a majority of it is photos", "id": 265353275, "size": 0, "language": null, "html_url": "https://github.com/kahleac/Field-Guide-to-San-Salvador-Island", "git_url": "https://github.com/kahleac/Field-Guide-to-San-Salvador-Island.git"}