{"name": "fire-risk-model", "full_name": "openchattanooga/fire-risk-model", "stargazers_count": 0, "forks_count": 0, "description": "This notebook is used for to generate a fire risk score used as a decision support tool by the Chattanooga Fire Department to help prioritize inspections For more information on the model please visit httpswwwchattadataorgstoriessjxzyf5id", "id": 329407031, "size": 4, "language": "Jupyter Notebook", "html_url": "https://github.com/openchattanooga/fire-risk-model", "git_url": "https://github.com/openchattanooga/fire-risk-model.git"}