{"name": "Geovisualization-in-Python", "full_name": "aman-cs50/Geovisualization-in-Python", "stargazers_count": 0, "forks_count": 0, "description": "We will go through 5 tasks to implement our project  Task 1 Understanding the importance of Geo Visualization in Data Science with an overview of the whole project This first recorded nontechnical task isnt included in the Jupyter notebook  Task 2 Generating basic maps with Folium  Task 3 Generating Stamen Toner Maps and Stamen Terrain Maps  Task 4 Plotting and Visualizing your own City on the World Map  Task 5 Solving a short project using Geographical Maps", "id": 288242010, "size": 5, "language": "Jupyter Notebook", "html_url": "https://github.com/aman-cs50/Geovisualization-in-Python", "git_url": "https://github.com/aman-cs50/Geovisualization-in-Python.git"}