{"name": "Getting-Started-with-TensorFlow-2", "full_name": "guyardon/Getting-Started-with-TensorFlow-2", "stargazers_count": 1, "forks_count": 0, "description": "This repository contains my Jupyter Notebooks for the assignments in the course Getting Started with Tensorflow 2 from Imperial College London on Coursera Course 13 of the Tensorflow 2 for Deep Learning Specializiation", "id": 308811165, "size": 26815, "language": "Jupyter Notebook", "html_url": "https://github.com/guyardon/Getting-Started-with-TensorFlow-2", "git_url": "https://github.com/guyardon/Getting-Started-with-TensorFlow-2.git"}