{"name": "Grocery-Store-Automatic-Product-Detection", "full_name": "HonourHealth/Grocery-Store-Automatic-Product-Detection", "stargazers_count": 1, "forks_count": 0, "description": "It is my graduation project Aim of this project is recognizing different types of grocery products with using convolutional neural networks Dataset is generated by myself data augmentation techniques and deep learning methods are used in this work In order to make it more user friendly I created a web application to upload the images and show name of the products to user In this study Python Jupyter Notebook Flask Html CSS and deep learning libraries are used", "id": 338554834, "size": 196030, "language": "Jupyter Notebook", "html_url": "https://github.com/HonourHealth/Grocery-Store-Automatic-Product-Detection", "git_url": "https://github.com/HonourHealth/Grocery-Store-Automatic-Product-Detection.git"}