{"name": "gwc-endangered-species", "full_name": "amdevine/gwc-endangered-species", "stargazers_count": 0, "forks_count": 0, "description": "Slides and a Jupyter notebook for a talk on exploring endangered species data with Python Presented for the Girls Who Code Summer Immersion Program at the National Museum of Natural History on July 27 2018", "id": 142457983, "size": 39634, "language": "Jupyter Notebook", "html_url": "https://github.com/amdevine/gwc-endangered-species", "git_url": "https://github.com/amdevine/gwc-endangered-species.git"}