{"name": "Happiness-ETL", "full_name": "Ssimoes48/Happiness-ETL", "stargazers_count": 1, "forks_count": 0, "description": "ExploreTransformLoad Worked collaboratively to explore Happiness Index data from csv files and web scraping Transformed and cleaned data in a jupyter notebook Created schema to load data into a SQL database Created multiple quires to illustrate functionality of database ", "id": 317694068, "size": 4512, "language": "Jupyter Notebook", "html_url": "https://github.com/Ssimoes48/Happiness-ETL", "git_url": "https://github.com/Ssimoes48/Happiness-ETL.git"}