{"name": "IBM-Data-Science-Professional-Certificate", "full_name": "TunahanGumuskaya/IBM-Data-Science-Professional-Certificate", "stargazers_count": 0, "forks_count": 0, "description": "Create this repository for educational purposes It includes Jupyter Notebooks for Data Science professionals from beginner level to advance level ", "id": 349161779, "size": 10300, "language": "Jupyter Notebook", "html_url": "https://github.com/TunahanGumuskaya/IBM-Data-Science-Professional-Certificate", "git_url": "https://github.com/TunahanGumuskaya/IBM-Data-Science-Professional-Certificate.git"}