{"name": "Image-Augmentation-using-GAN", "full_name": "hananshafi/Image-Augmentation-using-GAN", "stargazers_count": 3, "forks_count": 2, "description": "This repository contains python notebook for generating new set of images from existing images using Generative Adversarial Networks The code has been tested on MNIST Dataset and can be extended to any other dataset", "id": 206821606, "size": 469, "language": "Jupyter Notebook", "html_url": "https://github.com/hananshafi/Image-Augmentation-using-GAN", "git_url": "https://github.com/hananshafi/Image-Augmentation-using-GAN.git"}