{"name": "Implementing-A-Multi-Layer-Artificial-Neuron-Network-From-Scratch", "full_name": "KuanWeiBeCool/Implementing-A-Multi-Layer-Artificial-Neuron-Network-From-Scratch", "stargazers_count": 2, "forks_count": 0, "description": "In this notebook I share a multilayer artificial neural network that I developed from scratch with the feature of customizing the number of layers and the number of neurons in each layer I also include the full math derivations using two simple examples to illustrate the principle of the algorithm At the end I also walk through the most important function in my classifier  the fit function  and explain step by step what the code does", "id": 272995059, "size": 1830, "language": "Jupyter Notebook", "html_url": "https://github.com/KuanWeiBeCool/Implementing-A-Multi-Layer-Artificial-Neuron-Network-From-Scratch", "git_url": "https://github.com/KuanWeiBeCool/Implementing-A-Multi-Layer-Artificial-Neuron-Network-From-Scratch.git"}