{"name": "IntecBook", "full_name": "BrawnyJavier/IntecBook", "stargazers_count": 0, "forks_count": 0, "description": "Este pequeo sistema es una especie de cloud notebook enfocado a estudiantes del intec Aca se pueden gestionar los horarios de los trimestres y almacenar documentos estilo notas para cada asignatura Esta escrito utilizando las siguientes tecnologias AspNet MVC WebApi Entity Framework Boostrap Jquery", "id": 85522547, "size": 15399, "language": "HTML", "html_url": "https://github.com/BrawnyJavier/IntecBook", "git_url": "https://github.com/BrawnyJavier/IntecBook.git"}