{"name": "Introduction-to-Data-Science-in-python", "full_name": "Abjcodes/Introduction-to-Data-Science-in-python", "stargazers_count": 1, "forks_count": 0, "description": "This repository contains jupyter notebooks of assignments and tutorials used in the course introduction to data science in python the first course in Applied Data Science using Python Specialization from University of Michigan offered by Coursera", "id": 281314133, "size": 218, "language": "Jupyter Notebook", "html_url": "https://github.com/Abjcodes/Introduction-to-Data-Science-in-python", "git_url": "https://github.com/Abjcodes/Introduction-to-Data-Science-in-python.git"}