{"name": "Investate", "full_name": "pateltirth/Investate", "stargazers_count": 0, "forks_count": 1, "description": " Sentiment Analysis of Twitter data to find the trending industries among top Investors on Twitter using IPython notebook and Twitter API  Collected 140k tweets and applied Machine Learning and Data Mining concepts Community Detection Link Prediction Logistic Regression etc to find top trending industry during each quarter of 2015", "id": 65388956, "size": 18015, "language": "OpenEdge ABL", "html_url": "https://github.com/pateltirth/Investate", "git_url": "https://github.com/pateltirth/Investate.git"}