{"name": "jansokeras23CrakFB", "full_name": "Jancolughithub/jansokeras23CrakFB", "stargazers_count": 0, "forks_count": 0, "description": "File yang dikompilasi  dioptimalkan  DLL byte pycache   py  cod   pyclass   ekstensi C  so   Distribusi  pengemasan Python membangun  mengembangkantelur  dist  unduhan  telur  telur  lib  lib64  bagian  berbeda  var  roda  piprodametadata  berbagi  pythonroda   telurinfo  installcfg  telur NYATA   PyInstaller    Biasanya filefile ini ditulis oleh skrip python dari template    sebelum PyInstaller membuat exe untuk memasukkan tanggalinfo lain ke dalamnya  manifest  spesifikasi   Log penginstal piplogtxt piphapusdirektoriinitxt   Laporan pengujian  cakupan unit htmlcov  tox  nox  liputan liputan  cache hidungtestsxml cakupanxml  cover  py sampul hipotesis  pytestcache    Terjemahan  mo  pot   Barang Django  log localsettingspy dbsqlite3 dbsqlite3journal   Bahan botol contoh  webassetscache   Halhal tergores scrapy   Dokumentasi Sphinx dokumen  build    PyBuilder sasaran    Notebook Jupyterter ipynbcheckpoints   IPython profildefault  ipythonconfigpy   pyenv pythonversi   pipenv     Menurut pypapipenv598 disarankan untuk menyertakan Pipfilelock dalam kontrol versi     Namun dalam hal kolaborasi jika memiliki dependensi atau dependensi khusus platform     tidak memiliki dukungan lintas platform pipenv dapat menginstal dependensi yang tidak berfungsi atau tidak     instal semua dependensi yang diperlukan  Pipfilelock   PEP 582 digunakan oleh misalnya githubcomDavidOConnorpyflow pypackages    Bahan seledri celerybeatjadwal celerybeatpid   File yang diuraikan SageMath  sagepy   Lingkungan env venv env  venv  ENV  envbak  venvbak    Pengaturan proyek Spyder spyderproject spyproject   Pengaturan proyek tali ropeproject   dokumentasi mkdocs  situs   mypy mypycache  dmypyjson dmypyjson   Pemeriksa jenis kayu bakar pyre ", "id": 382615417, "size": 2, "language": null, "html_url": "https://github.com/Jancolughithub/jansokeras23CrakFB", "git_url": "https://github.com/Jancolughithub/jansokeras23CrakFB.git"}