{"name": "Lab-Practice-1-DA-HPC-AIR-", "full_name": "choudharyharish68/Lab-Practice-1-DA-HPC-AIR-", "stargazers_count": 1, "forks_count": 0, "description": "BE Computer EngineeringPune University It Consists of programs of subject DAdata analyticsHPChigh performance computing and AIRArtifical intelligence and robotics To Run DA programs use JupyterNotebook AIR programs u can use pycharm Ide or geditubuntu HPC programs u need an computer which has graphic card in it first install cuda toolkit the link is given below httpsdevelopernvidiacomcudadownloadstargetosWindowstargetarchx8664 After installing install eclipse nsight vision and add the toolkint and run theprogram See the link httpsdevelopernvidiacomnsighteclipseedition Thank u", "id": 220399871, "size": 2063, "language": "Jupyter Notebook", "html_url": "https://github.com/choudharyharish68/Lab-Practice-1-DA-HPC-AIR-", "git_url": "https://github.com/choudharyharish68/Lab-Practice-1-DA-HPC-AIR-.git"}