{"name": "Linear_regression", "full_name": "Taofiq-Bakare/Linear_regression", "stargazers_count": 0, "forks_count": 0, "description": "The notebooks are adapted explainations towards mastering Machine learning algorithm Most of the codes are from other tutorial I just executed them in ways I can understand and the citations are provided in the readmemd file", "id": 326335703, "size": 69, "language": null, "html_url": "https://github.com/Taofiq-Bakare/Linear_regression", "git_url": "https://github.com/Taofiq-Bakare/Linear_regression.git"}