{"name": "Linear-Regression", "full_name": "AshishSingh-Glitch90/Linear-Regression", "stargazers_count": 0, "forks_count": 0, "description": "In this Project I performed linear regression on a subset of data of buffalo tax department to predict the total value of the property in Jupyter notebook", "id": 378696475, "size": 33, "language": "Jupyter Notebook", "html_url": "https://github.com/AshishSingh-Glitch90/Linear-Regression", "git_url": "https://github.com/AshishSingh-Glitch90/Linear-Regression.git"}