{"name": "MachineLearning-ComputerVision-DataScience", "full_name": "cshbli/MachineLearning-ComputerVision-DataScience", "stargazers_count": 2, "forks_count": 0, "description": "Introductions and notebooks about machine learning computer vision and data science etc", "id": 249765024, "size": 77876, "language": "Jupyter Notebook", "html_url": "https://github.com/cshbli/MachineLearning-ComputerVision-DataScience", "git_url": "https://github.com/cshbli/MachineLearning-ComputerVision-DataScience.git"}