{"name": "Machine-Learning-Demo-Pack", "full_name": "upquark00/Machine-Learning-Demo-Pack", "stargazers_count": 1, "forks_count": 0, "description": "A kit containing interactive Jupyter notebooks for common machine learning algorithms and techniques Written for the beginner looking to learn the basics ", "id": 283151519, "size": 4027, "language": "Jupyter Notebook", "html_url": "https://github.com/upquark00/Machine-Learning-Demo-Pack", "git_url": "https://github.com/upquark00/Machine-Learning-Demo-Pack.git"}