{"name": "machine-learning-for-trading", "full_name": "raydot/machine-learning-for-trading", "stargazers_count": 4, "forks_count": 1, "description": "Jupyter notebook for httpssmileamazoncomHandsMachineLearningAlgorithmicTradingebookdpB07JLFH7C5refsr12ieUTF8qid1548455634sr82keywordsmachinelearningalgorithmictrading", "id": 205923207, "size": 233983, "language": "Jupyter Notebook", "html_url": "https://github.com/raydot/machine-learning-for-trading", "git_url": "https://github.com/raydot/machine-learning-for-trading.git"}