{"name": "Machine_learning_Python", "full_name": "rohailkhan/Machine_learning_Python", "stargazers_count": 0, "forks_count": 0, "description": "This repository contains Ipython notebooks of assignments and tutorials used in the course introduction to data science in python part of Applied Data Science using Python Specialization from University of Michigan offered by Coursera  This course will introduce the learner to the basics of the python programming environment including how to download and install python expected fundamental python programming techniques and how to find help with python programming questions The course will also introduce data manipulation and cleaning techniques using the popular python pandas data science library and introduce the abstraction of the DataFrame as the central data structure for data analysis The course will end with a statistics primer showing how various statistical measures can be applied to pandas DataFrames By the end of the course students will be able to take tabular data clean it manipulate it and run basic inferential statistical analyses", "id": 95435970, "size": 4860, "language": "Jupyter Notebook", "html_url": "https://github.com/rohailkhan/Machine_learning_Python", "git_url": "https://github.com/rohailkhan/Machine_learning_Python.git"}