{"name": "mathematical-notebooks-for-the-physical-sciences", "full_name": "PALab/mathematical-notebooks-for-the-physical-sciences", "stargazers_count": 5, "forks_count": 3, "description": "Notebooks to accompany our book A guided Tour of Mathematical Methods for the Physical Sciences", "id": 118382996, "size": 4739, "language": "Jupyter Notebook", "html_url": "https://github.com/PALab/mathematical-notebooks-for-the-physical-sciences", "git_url": "https://github.com/PALab/mathematical-notebooks-for-the-physical-sciences.git"}