{"name": "mcdonalds_metric", "full_name": "dahlgreb/mcdonalds_metric", "stargazers_count": 0, "forks_count": 0, "description": "This is an R Shiny app that displays McDonalds count with GDP in an interactive map The prediction tab displays a python notebook that works to predict GDP from McDonalds count with a linear regression", "id": 443602596, "size": 7686, "language": "HTML", "html_url": "https://github.com/dahlgreb/mcdonalds_metric", "git_url": "https://github.com/dahlgreb/mcdonalds_metric.git"}