{"name": "Microsoft-DAT256x-Essential-Math-for-Machine-Learning-Python-Edition", "full_name": "kshitijzutshi/Microsoft-DAT256x-Essential-Math-for-Machine-Learning-Python-Edition", "stargazers_count": 0, "forks_count": 0, "description": "This repository includes the python notebooks for the topics covered and some essential handy links for reference", "id": 370259986, "size": 340, "language": "Jupyter Notebook", "html_url": "https://github.com/kshitijzutshi/Microsoft-DAT256x-Essential-Math-for-Machine-Learning-Python-Edition", "git_url": "https://github.com/kshitijzutshi/Microsoft-DAT256x-Essential-Math-for-Machine-Learning-Python-Edition.git"}