{"name": "ML_Model_Deployment_Heroku", "full_name": "germangds/ML_Model_Deployment_Heroku", "stargazers_count": 0, "forks_count": 0, "description": "In this python project I have converted a basic machine learning notebook to a deployable web application launched in Heroku The important key learnings from this project are as follows 1 Basic usage of GIT commands 2 Basic understanding of the GIT Workflow 3 Exporting environments for easy app deployment and reproducibility purposes 4 Test creation for data validation", "id": 400583946, "size": 339, "language": "Python", "html_url": "https://github.com/germangds/ML_Model_Deployment_Heroku", "git_url": "https://github.com/germangds/ML_Model_Deployment_Heroku.git"}