{"name": "ml_things", "full_name": "gmihaila/ml_things", "stargazers_count": 148, "forks_count": 46, "description": "This is where I put things I find useful that speed up my work with Machine Learning Ever looked in your old projects to reuse those cool functions you created before Well this repo is designed to be a Python Library of functions I created in my previous project that can be reused I also share some Notebooks Tutorials and Python Code Snippets", "id": 134982442, "size": 71936, "language": "Jupyter Notebook", "html_url": "https://github.com/gmihaila/ml_things", "git_url": "https://github.com/gmihaila/ml_things.git"}