{"name": "MLWorkshop-IEEEAUS", "full_name": "ro1406/MLWorkshop-IEEEAUS", "stargazers_count": 2, "forks_count": 1, "description": "All the notebooks used in the series of workshops on Introduction To Machine Learning held by IEEE AUS Student Branch in collaboration with Google Developer Student Club at AUS The workshops and all the notebooks has been created and hosted by Rohan Mitra", "id": 411669282, "size": 3591, "language": "Jupyter Notebook", "html_url": "https://github.com/ro1406/MLWorkshop-IEEEAUS", "git_url": "https://github.com/ro1406/MLWorkshop-IEEEAUS.git"}