{"name": "MonteCarlo_WaterLikeFluid", "full_name": "atorrr/MonteCarlo_WaterLikeFluid", "stargazers_count": 1, "forks_count": 0, "description": "Monte Carlo program in Fortran to describe a waterlike fluid Were using the potential TorresCastaeda  I am using Jupyter Notebook codes for plotting Welcome", "id": 221725345, "size": 546, "language": "Jupyter Notebook", "html_url": "https://github.com/atorrr/MonteCarlo_WaterLikeFluid", "git_url": "https://github.com/atorrr/MonteCarlo_WaterLikeFluid.git"}