{"name": "Movie_Recommendation_system-", "full_name": "Ajaybezawada/Movie_Recommendation_system-", "stargazers_count": 0, "forks_count": 0, "description": "In  This notebook the models  prepared are used for recommending  a movie based on the genre title and rating  and we used KNN a supervised model for recommending ", "id": 429863957, "size": 264, "language": "Jupyter Notebook", "html_url": "https://github.com/Ajaybezawada/Movie_Recommendation_system-", "git_url": "https://github.com/Ajaybezawada/Movie_Recommendation_system-.git"}