{"name": "Multi-Object-Tracking-Google-Colab", "full_name": "hardik0/Multi-Object-Tracking-Google-Colab", "stargazers_count": 37, "forks_count": 12, "description": "Collection of papers code notebooks datasets and other resources for Multi Object Tracking Vehicle tracking Pedestrian tracking  Google colab", "id": 306304032, "size": 51666, "language": "Jupyter Notebook", "html_url": "https://github.com/hardik0/Multi-Object-Tracking-Google-Colab", "git_url": "https://github.com/hardik0/Multi-Object-Tracking-Google-Colab.git"}