{"name": "NeuralDataPCA", "full_name": "huyenqbi/NeuralDataPCA", "stargazers_count": 1, "forks_count": 0, "description": "This notebook provides an exploratory analysis of neuroscience data specifically using principal component analysis PCA and featurebased aggregation The dataset of lightsheet imaging was recorded by the Ahrens Lab at Janelia Research Campus and hosted on the CodeNeuro data repository", "id": 56572536, "size": 577, "language": "Jupyter Notebook", "html_url": "https://github.com/huyenqbi/NeuralDataPCA", "git_url": "https://github.com/huyenqbi/NeuralDataPCA.git"}