{"name": "Numerical-Simulation-of-JP-10-Water-Combustion-at-High-Pressure", "full_name": "sharma2409/Numerical-Simulation-of-JP-10-Water-Combustion-at-High-Pressure", "stargazers_count": 0, "forks_count": 0, "description": "The Jupyter notebook for my MS thesis research at the University of Pittsburgh It uses Cantera It generates temperature and velocity curves as well as performs sensitivity analyses for all the cases described in the thesis", "id": 383574198, "size": 5, "language": "Jupyter Notebook", "html_url": "https://github.com/sharma2409/Numerical-Simulation-of-JP-10-Water-Combustion-at-High-Pressure", "git_url": "https://github.com/sharma2409/Numerical-Simulation-of-JP-10-Water-Combustion-at-High-Pressure.git"}