{"name": "PIAIC-PEMDAS-ASSIGNMENT", "full_name": "muhammad-atique/PIAIC-PEMDAS-ASSIGNMENT", "stargazers_count": 0, "forks_count": 0, "description": "There are two files in the folder One has Jupyter notebook answer for a four operation expression whereas other file has its step by step manual solution", "id": 188636559, "size": 0, "language": "Jupyter Notebook", "html_url": "https://github.com/muhammad-atique/PIAIC-PEMDAS-ASSIGNMENT", "git_url": "https://github.com/muhammad-atique/PIAIC-PEMDAS-ASSIGNMENT.git"}