{"name": "pidd-iteratively-imputing-missing-data", "full_name": "Gifari/pidd-iteratively-imputing-missing-data", "stargazers_count": 1, "forks_count": 0, "description": "This jupyter notebook was developed to be a tutorial on how to handle missing data using scikitlearns IterativeImputer and shows the differences in predictions made after modeling on the iteratively imputed datasets vs datasets with imputations of other means", "id": 417643548, "size": 667, "language": "Jupyter Notebook", "html_url": "https://github.com/Gifari/pidd-iteratively-imputing-missing-data", "git_url": "https://github.com/Gifari/pidd-iteratively-imputing-missing-data.git"}