{"name": "pixiedust-facebook-analysis", "full_name": "IBM/pixiedust-facebook-analysis", "stargazers_count": 42, "forks_count": 64, "description": "A Jupyter notebook that uses the Watson Visual Recognition and Natural Language Understanding services to enrich Facebook Analytics and uses Cognos Dashboard Embedded to explore and visualize the results in Watson Studio", "id": 94457710, "size": 8374, "language": "Jupyter Notebook", "html_url": "https://github.com/IBM/pixiedust-facebook-analysis", "git_url": "https://github.com/IBM/pixiedust-facebook-analysis.git"}