{"name": "Practice-SQL-with-SQLite-and-Jupyter-Notebook", "full_name": "royalosyin/Practice-SQL-with-SQLite-and-Jupyter-Notebook", "stargazers_count": 74, "forks_count": 41, "description": "Practice basic SQL syntax with Jupyter notebook SQL is particularly useful in handling structured data where there are relations between different entitiesvariables of the data SQL is a very important tool for data scientists to have in their repertoire", "id": 152487104, "size": 11116, "language": "Jupyter Notebook", "html_url": "https://github.com/royalosyin/Practice-SQL-with-SQLite-and-Jupyter-Notebook", "git_url": "https://github.com/royalosyin/Practice-SQL-with-SQLite-and-Jupyter-Notebook.git"}