{"name": "Predicting-the-energy-output-of-wind-turbine-based-on-weather-condition", "full_name": "manasranjan2401/Predicting-the-energy-output-of-wind-turbine-based-on-weather-condition", "stargazers_count": 0, "forks_count": 0, "description": "Developed a Machine Learning model to predict the energy output of a wind turbine based on weather conditions Built using Python libraries like NumPy Pandas Matplotlib  ScikitLearn and implemented on Jupyter Notebook", "id": 399256977, "size": 2427, "language": null, "html_url": "https://github.com/manasranjan2401/Predicting-the-energy-output-of-wind-turbine-based-on-weather-condition", "git_url": "https://github.com/manasranjan2401/Predicting-the-energy-output-of-wind-turbine-based-on-weather-condition.git"}