{"name": "predicting-reviewer-birth-decade", "full_name": "akhila-ashokan/predicting-reviewer-birth-decade", "stargazers_count": 0, "forks_count": 0, "description": "Task Predict the reviewers birth decade 90s 80s 00s etc using only text features This task falls into the category of authorship profiling where text data is used to determine demographic information about the author eg age gender personality etc  Data Set Kaggles Womens ECommerce Clothing Reviews Data Set  Programming Language Python 35 in the Jupyter Notebook Environment", "id": 313859167, "size": 4142, "language": "Jupyter Notebook", "html_url": "https://github.com/akhila-ashokan/predicting-reviewer-birth-decade", "git_url": "https://github.com/akhila-ashokan/predicting-reviewer-birth-decade.git"}