{"name": "Predicting-County-Level-Rents", "full_name": "data-george/Predicting-County-Level-Rents", "stargazers_count": 0, "forks_count": 0, "description": "Project involving L1 L2 Regression and Support Vector Machine Regression Please see report for details and view the notebook pdf if you are unable to view the notebook close to size limits", "id": 290551024, "size": 37163, "language": "Jupyter Notebook", "html_url": "https://github.com/data-george/Predicting-County-Level-Rents", "git_url": "https://github.com/data-george/Predicting-County-Level-Rents.git"}