{"name": "Predicting-Credit-Card-Approvals", "full_name": "jejrhom/Predicting-Credit-Card-Approvals", "stargazers_count": 0, "forks_count": 0, "description": "Commercial banks receive a lot of applications for credit cards Many of them get rejected for many reasons like high loan balances low income levels or too many inquiries on an individuals credit report for example Manually analyzing these applications is mundane errorprone and timeconsuming and time is money Luckily this task can be automated with the power of machine learning and pretty much every commercial bank does so nowadays In this notebook we will build an automatic credit card approval predictor using machine learning techniques just like the real banks do", "id": 274903950, "size": 23, "language": "Jupyter Notebook", "html_url": "https://github.com/jejrhom/Predicting-Credit-Card-Approvals", "git_url": "https://github.com/jejrhom/Predicting-Credit-Card-Approvals.git"}