{"name": "predict-home-value-using-watson-machine-learning-and-db2", "full_name": "ademaldemir/predict-home-value-using-watson-machine-learning-and-db2", "stargazers_count": 3, "forks_count": 2, "description": "Predict home value using IBM Watson machine learning and Db2 database", "id": 277547636, "size": 2751, "language": "Jupyter Notebook", "html_url": "https://github.com/ademaldemir/predict-home-value-using-watson-machine-learning-and-db2", "git_url": "https://github.com/ademaldemir/predict-home-value-using-watson-machine-learning-and-db2.git"}