{"name": "pytanic-walk-through-great-learning", "full_name": "RBarroco/pytanic-walk-through-great-learning", "stargazers_count": 2, "forks_count": 0, "description": "The pytanic is a great kaggle notebook it teaches a lot about EAD features engineerings and different models of machine learning", "id": 307576592, "size": 3837, "language": "Jupyter Notebook", "html_url": "https://github.com/RBarroco/pytanic-walk-through-great-learning", "git_url": "https://github.com/RBarroco/pytanic-walk-through-great-learning.git"}