{"name": "PythonForFinanceRiskAndReturn", "full_name": "LearnPythonWithRune/PythonForFinanceRiskAndReturn", "stargazers_count": 21, "forks_count": 9, "description": "A full course with Python on financial risk and return Includes video content in 8 lessons with JuPyter Notebooks", "id": 344130612, "size": 1460, "language": "Jupyter Notebook", "html_url": "https://github.com/LearnPythonWithRune/PythonForFinanceRiskAndReturn", "git_url": "https://github.com/LearnPythonWithRune/PythonForFinanceRiskAndReturn.git"}