{"name": "python_data_science_and_machine_learning_bootcamp", "full_name": "ccniuj/python_data_science_and_machine_learning_bootcamp", "stargazers_count": 195, "forks_count": 328, "description": "Jupyter notebook for Udemy course Python data science and machine learning bootcamp", "id": 79030157, "size": 31737, "language": "Jupyter Notebook", "html_url": "https://github.com/ccniuj/python_data_science_and_machine_learning_bootcamp", "git_url": "https://github.com/ccniuj/python_data_science_and_machine_learning_bootcamp.git"}