{"name": "Python-Pandas-Stock-Market-Analysis", "full_name": "naswin/Python-Pandas-Stock-Market-Analysis", "stargazers_count": 1, "forks_count": 0, "description": "This notebook contains statistical analysis of the SP500 Index level data and top market cap companies from four sectors namely Information Technology Consumer Discretionary Consumer Staples and Financials We finally perform a regression analysis as well of a stock that shows strong correlation with the market", "id": 41546995, "size": 588, "language": null, "html_url": "https://github.com/naswin/Python-Pandas-Stock-Market-Analysis", "git_url": "https://github.com/naswin/Python-Pandas-Stock-Market-Analysis.git"}