{"name": "Python-Projects", "full_name": "Aastha3348/Python-Projects", "stargazers_count": 0, "forks_count": 0, "description": "This repository is created to showcase all the python projects done by me This repo only contains small python projects done in Jupyter Notebook open source software For python codes in different environment refer to other repos", "id": 306101750, "size": 24, "language": "Jupyter Notebook", "html_url": "https://github.com/Aastha3348/Python-Projects", "git_url": "https://github.com/Aastha3348/Python-Projects.git"}