{"name": "qiskrypt-tutorials", "full_name": "qiskrypt/qiskrypt-tutorials", "stargazers_count": 5, "forks_count": 1, "description": "A collection of Jupyter Notebooks with explanations insights tutorials exercises and showing how to use the Qiskrypt software suite built using the IBMs opensource Software Development Kit for quantum computing Qiskit  ", "id": 379979447, "size": 715, "language": "Jupyter Notebook", "html_url": "https://github.com/qiskrypt/qiskrypt-tutorials", "git_url": "https://github.com/qiskrypt/qiskrypt-tutorials.git"}