{"name": "Q-Learning-Demo-Notebook", "full_name": "MauroLuzzatto/Q-Learning-Demo-Notebook", "stargazers_count": 1, "forks_count": 1, "description": "This repository contains a Jupyter Notebook with an implemenation of a QLearning Agent which learns to solve the nChain OpenAI Gym environment", "id": 208874377, "size": 960, "language": "Jupyter Notebook", "html_url": "https://github.com/MauroLuzzatto/Q-Learning-Demo-Notebook", "git_url": "https://github.com/MauroLuzzatto/Q-Learning-Demo-Notebook.git"}