{"name": "Recommendation-systems", "full_name": "Gedewon/Recommendation-systems", "stargazers_count": 0, "forks_count": 0, "description": "Recommendation systems are a collection of algorithms used to recommend items to users based on information taken from the user These systems have become ubiquitous and can be commonly seen in online stores movies databases and job finders In this notebook we will explore Contentbased recommendation systems and implement a simple version of one using Python and the Pandas library", "id": 301857738, "size": 6, "language": "Jupyter Notebook", "html_url": "https://github.com/Gedewon/Recommendation-systems", "git_url": "https://github.com/Gedewon/Recommendation-systems.git"}