{"name": "School-District-Analysis", "full_name": "junepwk/School-District-Analysis", "stargazers_count": 0, "forks_count": 0, "description": "Using the Pandas library in Jupyter Notebook to run a school district analysis for insights that could be used to form strategic decisions at the school and district level", "id": 366820433, "size": 26630, "language": "Jupyter Notebook", "html_url": "https://github.com/junepwk/School-District-Analysis", "git_url": "https://github.com/junepwk/School-District-Analysis.git"}