{"name": "School_District_Analysis", "full_name": "zongili/School_District_Analysis", "stargazers_count": 0, "forks_count": 0, "description": "Used Jupyter notebook python pandas library activatingdeactivating development environment using anaconda creating documents that contain live code School district raw data contains information about students grades schools school size budget and school success categories Data had irregularity and need to be inspected  cleaned Using datasets gathered info about the schools students Using conditionals sliced grouped data into categories converted Panda data types series and Data Frames using builtin methods and visualized School District data quickly and manipulated data easily", "id": 434349116, "size": 1379, "language": "Jupyter Notebook", "html_url": "https://github.com/zongili/School_District_Analysis", "git_url": "https://github.com/zongili/School_District_Analysis.git"}