{"name": "scrape-data-with-beatifulsoup-selenium-panda-df", "full_name": "armindocachada/scrape-data-with-beatifulsoup-selenium-panda-df", "stargazers_count": 2, "forks_count": 0, "description": "Google Colab notebook for youtube video about scraping data for creating datasets for data science", "id": 324128055, "size": 16, "language": "Jupyter Notebook", "html_url": "https://github.com/armindocachada/scrape-data-with-beatifulsoup-selenium-panda-df", "git_url": "https://github.com/armindocachada/scrape-data-with-beatifulsoup-selenium-panda-df.git"}