{"name": "scraping-wiki--Toronto_Postcode", "full_name": "malmusfer/scraping-wiki--Toronto_Postcode", "stargazers_count": 0, "forks_count": 0, "description": "For this assignment you will be required to explore and cluster the neighborhoods in Toronto  Start by creating a new Notebook for this assignment Use the Notebook to build the code to scrape the following Wikipedia page httpsenwikipediaorgwikiListofpostalcodesofCanadaM in order to obtain the data that is in the table of postal codes and to transform the data into a pandas dataframe like the one shown below  3 To create the above dataframe  The dataframe will consist of three columns PostalCode Borough and Neighborhood Only process the cells that have an assigned borough Ignore cells with a borough that is Not assigned More than one neighborhood can exist in one postal code area For example in the table on the Wikipedia page you will notice that M5A is listed twice and has two neighborhoods Harbourfront and Regent Park These two rows will be combined into one row with the neighborhoods separated with a comma as shown in row 11 in the above table If a cell has a borough but a Not assigned neighborhood then the neighborhood will be the same as the borough Clean your Notebook and add Markdown cells to explain your work and any assumptions you are making In the last cell of your notebook use the shape method to print the number of rows of your dataframe 4 Submit a link to your Notebook on your Github repository 10 marks  Note There are different website scraping libraries and packages in Python For scraping the above table you can simply use pandas to read the table into a pandas dataframe  Another way which would help to learn for more complicated cases of web scraping is using the BeautifulSoup package Here is the packages main documentation page httpbeautifulsoup4readthedocsioenlatest  The package is so popular that there is a plethora of tutorials and examples on how to use it Here is a very good Youtube video on how to use the BeautifulSoup package httpswwwyoutubecomwatchvng2o98k983k  Use pandas or the BeautifulSoup package or any other way you are comfortable with to transform the data in the table on the Wikipedia page into the above pandas dataframe", "id": 249893065, "size": 31, "language": "Jupyter Notebook", "html_url": "https://github.com/malmusfer/scraping-wiki--Toronto_Postcode", "git_url": "https://github.com/malmusfer/scraping-wiki--Toronto_Postcode.git"}