{"name": "Sentiment-Analysis-IMDB-Reviews", "full_name": "marrcco/Sentiment-Analysis-IMDB-Reviews", "stargazers_count": 1, "forks_count": 0, "description": "In this notebook youll see  How to use Selenium to scrape movies reviews from IMDB How to clean the data What is Sentiment Analysis How to use natural language processing NLP techniques", "id": 359402828, "size": 1573, "language": "Jupyter Notebook", "html_url": "https://github.com/marrcco/Sentiment-Analysis-IMDB-Reviews", "git_url": "https://github.com/marrcco/Sentiment-Analysis-IMDB-Reviews.git"}