{"name": "Sentiment-Analysis", "full_name": "bspavan25/Sentiment-Analysis", "stargazers_count": 0, "forks_count": 0, "description": "The objective of this notebook is to detect hate speech in tweets For the sake of simplicity we say a tweet contains hate speech if it has a racist or sexist sentiment associated with it So the task is to classify racist or sexist tweets from other tweets", "id": 258937695, "size": 2412, "language": "Jupyter Notebook", "html_url": "https://github.com/bspavan25/Sentiment-Analysis", "git_url": "https://github.com/bspavan25/Sentiment-Analysis.git"}