{"name": "Share-Market-Exploratory-Data-Analysis-Notebook", "full_name": "hash-bash/Share-Market-Exploratory-Data-Analysis-Notebook", "stargazers_count": 2, "forks_count": 0, "description": "Jupyter Notebook for Exploratory Data Analysis on Share Market dataset using libraries Numpy Matplotlib and Pandas", "id": 358944071, "size": 942, "language": "Jupyter Notebook", "html_url": "https://github.com/hash-bash/Share-Market-Exploratory-Data-Analysis-Notebook", "git_url": "https://github.com/hash-bash/Share-Market-Exploratory-Data-Analysis-Notebook.git"}