{"name": "Stanford-Data-Mining-Analytics-Stats-202", "full_name": "bigsnarfdude/Stanford-Data-Mining-Analytics-Stats-202", "stargazers_count": 1, "forks_count": 1, "description": "My coursework for Stanfords Statistical Aspects of Data Mining Course Stats 202 in iPython Notebooks instead of R", "id": 8696841, "size": 221, "language": "Jupyter Notebook", "html_url": "https://github.com/bigsnarfdude/Stanford-Data-Mining-Analytics-Stats-202", "git_url": "https://github.com/bigsnarfdude/Stanford-Data-Mining-Analytics-Stats-202.git"}