{"name": "study-app", "full_name": "Christopher-Lamb/study-app", "stargazers_count": 0, "forks_count": 0, "description": "An app focused solely on replacing your notebook To store data it will use a google account and store data through a google sheet Also the UI will be configured so that it is interesting to decorate and make the user feel at home", "id": 423415188, "size": 453, "language": "JavaScript", "html_url": "https://github.com/Christopher-Lamb/study-app", "git_url": "https://github.com/Christopher-Lamb/study-app.git"}