{"name": "System_Biology_Internship_Notebook_2021", "full_name": "enesbasbug/System_Biology_Internship_Notebook_2021", "stargazers_count": 1, "forks_count": 1, "description": "This repo is all about what Ive learned from an internship in system biology given by GTU throughout July 2021 This repository will be updated each day until the last day of the internship I may also add some python or R codes into this repository", "id": 389761841, "size": 31433, "language": "Jupyter Notebook", "html_url": "https://github.com/enesbasbug/System_Biology_Internship_Notebook_2021", "git_url": "https://github.com/enesbasbug/System_Biology_Internship_Notebook_2021.git"}