{"name": "Telecom-Data-Analysis-Project", "full_name": "SharanSukesh/Telecom-Data-Analysis-Project", "stargazers_count": 1, "forks_count": 0, "description": "The Python notebook uses various libraries to perform an EDA on Telecom customer behaviour in an attempt to answer the problem statement", "id": 259159602, "size": 1076, "language": "Jupyter Notebook", "html_url": "https://github.com/SharanSukesh/Telecom-Data-Analysis-Project", "git_url": "https://github.com/SharanSukesh/Telecom-Data-Analysis-Project.git"}