{"name": "the-discovery-of-handwashing", "full_name": "almonzer/the-discovery-of-handwashing", "stargazers_count": 0, "forks_count": 0, "description": "Dr Ignaz Semmelweis a Hungarian physician born in 1818 and active at the Vienna General Hospital If Dr Semmelweis looks troubled its probably because hes thinking about childbed fever A deadly disease affecting women that just have given birth He is thinking about it because in the early 1840s at the Vienna General Hospital as many as 10 of the women giving birth die from it He is thinking about it because he knows the cause of childbed fever Its the contaminated hands of the doctors delivering the babies And they wont listen to him and wash their hands  In this notebook were going to reanalyze the data that made Semmelweis discover the importance of handwashing Lets start by looking at the data that made Semmelweis realize that something was wrong with the procedures at Vienna General Hospital", "id": 154019571, "size": 122, "language": "Jupyter Notebook", "html_url": "https://github.com/almonzer/the-discovery-of-handwashing", "git_url": "https://github.com/almonzer/the-discovery-of-handwashing.git"}