{"name": "TimeSeries_Seq2Seq", "full_name": "JEddy92/TimeSeries_Seq2Seq", "stargazers_count": 510, "forks_count": 233, "description": "This repo aims to be a useful collection of notebookscode for understanding and implementing seq2seq neural networks for time series forecasting Networks are constructed with kerastensorflow ", "id": 133066764, "size": 3031, "language": "Jupyter Notebook", "html_url": "https://github.com/JEddy92/TimeSeries_Seq2Seq", "git_url": "https://github.com/JEddy92/TimeSeries_Seq2Seq.git"}