{"name": "Topic-modelling-using-K-means-and-LDA-in-python", "full_name": "cliffstats/Topic-modelling-using-K-means-and-LDA-in-python", "stargazers_count": 1, "forks_count": 0, "description": "Topic modelling using Kmeans clustering and Latent Dirichlet Allocation Jupyter notebook", "id": 151267793, "size": 15, "language": "Jupyter Notebook", "html_url": "https://github.com/cliffstats/Topic-modelling-using-K-means-and-LDA-in-python", "git_url": "https://github.com/cliffstats/Topic-modelling-using-K-means-and-LDA-in-python.git"}