{"name": "transformer-drg-style-transfer", "full_name": "agaralabs/transformer-drg-style-transfer", "stargazers_count": 82, "forks_count": 20, "description": "This repository have scripts and Jupyternotebooks to perform all the different steps involved in Transforming Delete Retrieve Generate Approach for Controlled Text Style Transfer", "id": 203941138, "size": 19907, "language": "Jupyter Notebook", "html_url": "https://github.com/agaralabs/transformer-drg-style-transfer", "git_url": "https://github.com/agaralabs/transformer-drg-style-transfer.git"}