{"name": "Univariate-time-series-analysis-of-cryptocurrency-data-with-ARIMA-and-SARIMA-and-hypergrid-search", "full_name": "DavidCico/Univariate-time-series-analysis-of-cryptocurrency-data-with-ARIMA-and-SARIMA-and-hypergrid-search", "stargazers_count": 6, "forks_count": 1, "description": "Two Jupyter Notebooks written in Python treating of time series analysis with ARIMA and its seasonal counterpart ", "id": 166188717, "size": 305, "language": "Jupyter Notebook", "html_url": "https://github.com/DavidCico/Univariate-time-series-analysis-of-cryptocurrency-data-with-ARIMA-and-SARIMA-and-hypergrid-search", "git_url": "https://github.com/DavidCico/Univariate-time-series-analysis-of-cryptocurrency-data-with-ARIMA-and-SARIMA-and-hypergrid-search.git"}