{"name": "Using-Word-Embeddings-for-Sequence-Tasks", "full_name": "tarun-jethwani/Using-Word-Embeddings-for-Sequence-Tasks", "stargazers_count": 1, "forks_count": 2, "description": "Contains code in the form of Jupyter Ipython Notebook  of sequence to sequence Encoder Decoder Architecture to successfully Answer any Frequently Asked Question by implementing Deep Neural Networks using Pytorch Deep Learning Framework ", "id": 199277770, "size": 31, "language": "Jupyter Notebook", "html_url": "https://github.com/tarun-jethwani/Using-Word-Embeddings-for-Sequence-Tasks", "git_url": "https://github.com/tarun-jethwani/Using-Word-Embeddings-for-Sequence-Tasks.git"}