{"name": "US-Presidential-Election-538-Poll-Reader", "full_name": "AaronNHorvitz/US-Presidential-Election-538-Poll-Reader", "stargazers_count": 1, "forks_count": 0, "description": "Here is a Jupyter Notebook that reads the polling data for the 2020 Presidential election published by 538 on Github sorts through it and plots the polling results and trends at the national and state levels Have fun", "id": 308543022, "size": 27456, "language": "Jupyter Notebook", "html_url": "https://github.com/AaronNHorvitz/US-Presidential-Election-538-Poll-Reader", "git_url": "https://github.com/AaronNHorvitz/US-Presidential-Election-538-Poll-Reader.git"}