{"name": "weatherPy", "full_name": "kundyz/weatherPy", "stargazers_count": 0, "forks_count": 0, "description": "Creating a Python script to visualize the weather of 500 cities across the world of varying distance from the equator and building a series of scatter plots to showcase the relationships Tools Python Jupyter Notebook Pandas Numpy Matplotlib API Requests Time", "id": 176053542, "size": 4763, "language": "Jupyter Notebook", "html_url": "https://github.com/kundyz/weatherPy", "git_url": "https://github.com/kundyz/weatherPy.git"}