{"name": "Web_Scraping", "full_name": "himu199/Web_Scraping", "stargazers_count": 0, "forks_count": 0, "description": "Here I describe how to scrape unlimited amount of data from a given website The  libraries I have used are Beautifulsoup Requests and Pandas The rest of the description can be found in the markdown cells of the Notebook file", "id": 394435486, "size": 5, "language": "Jupyter Notebook", "html_url": "https://github.com/himu199/Web_Scraping", "git_url": "https://github.com/himu199/Web_Scraping.git"}