{"name": "WINTER_WORKSHOP_STARaCom", "full_name": "segobrivet/WINTER_WORKSHOP_STARaCom", "stargazers_count": 1, "forks_count": 1, "description": "3 Jupyter Notebooks for explaining neural networks and logistic regression 1 point cloud binary classification 2 MNIST digit images recognition 3 coding logistic regression", "id": 225728264, "size": 27928, "language": "Jupyter Notebook", "html_url": "https://github.com/segobrivet/WINTER_WORKSHOP_STARaCom", "git_url": "https://github.com/segobrivet/WINTER_WORKSHOP_STARaCom.git"}